{
  "model": "physics_constrained_cnn",
  "seed": 10,
  "experiment": "pinn_ablation",
  "prereg": "\u00a78.4",
  "physics_weight": 1.0,
  "ops_aware": false,
  "evals": {
    "test": {
      "accuracy": 95.79545454545455,
      "f1_macro": 0.9577619079397841,
      "confusion_matrix": [
        [
          240,
          0,
          0,
          0,
          0,
          0,
          0,
          0,
          0,
          0,
          0
        ],
        [
          0,
          240,
          0,
          0,
          0,
          0,
          0,
          0,
          0,
          0,
          0
        ],
        [
          0,
          0,
          240,
          0,
          0,
          0,
          0,
          0,
          0,
          0,
          0
        ],
        [
          0,
          0,
          0,
          240,
          0,
          0,
          0,
          0,
          0,
          0,
          0
        ],
        [
          7,
          0,
          0,
          0,
          233,
          0,
          0,
          0,
          0,
          0,
          0
        ],
        [
          85,
          0,
          0,
          0,
          1,
          154,
          0,
          0,
          0,
          0,
          0
        ],
        [
          0,
          0,
          0,
          0,
          0,
          0,
          236,
          0,
          0,
          4,
          0
        ],
        [
          0,
          0,
          0,
          0,
          0,
          0,
          0,
          240,
          0,
          0,
          0
        ],
        [
          0,
          0,
          0,
          0,
          0,
          0,
          0,
          0,
          240,
          0,
          0
        ],
        [
          10,
          0,
          0,
          0,
          0,
          0,
          3,
          0,
          0,
          227,
          0
        ],
        [
          1,
          0,
          0,
          0,
          0,
          0,
          0,
          0,
          0,
          0,
          239
        ]
      ],
      "n": 2640
    },
    "test_snr5": {
      "accuracy": 86.43939393939394,
      "f1_macro": 0.8423755391967241,
      "confusion_matrix": [
        [
          217,
          0,
          0,
          0,
          0,
          0,
          0,
          0,
          0,
          23,
          0
        ],
        [
          0,
          240,
          0,
          0,
          0,
          0,
          0,
          0,
          0,
          0,
          0
        ],
        [
          0,
          0,
          240,
          0,
          0,
          0,
          0,
          0,
          0,
          0,
          0
        ],
        [
          0,
          0,
          0,
          240,
          0,
          0,
          0,
          0,
          0,
          0,
          0
        ],
        [
          2,
          0,
          0,
          0,
          13,
          0,
          0,
          0,
          0,
          225,
          0
        ],
        [
          78,
          0,
          0,
          0,
          0,
          147,
          0,
          0,
          0,
          15,
          0
        ],
        [
          0,
          0,
          0,
          0,
          0,
          0,
          236,
          0,
          0,
          4,
          0
        ],
        [
          0,
          0,
          0,
          0,
          0,
          0,
          0,
          240,
          0,
          0,
          0
        ],
        [
          0,
          0,
          0,
          0,
          0,
          0,
          0,
          0,
          240,
          0,
          0
        ],
        [
          4,
          0,
          0,
          0,
          0,
          0,
          3,
          0,
          0,
          233,
          0
        ],
        [
          1,
          0,
          0,
          0,
          0,
          0,
          0,
          1,
          0,
          2,
          236
        ]
      ],
      "n": 2640
    }
  },
  "history": {
    "train_acc": [
      72.9301948051948,
      85.99837662337663,
      86.84253246753246,
      87.68668831168831,
      88.65259740259741,
      90.38149350649351,
      93.75811688311688,
      93.01948051948052,
      94.50487012987013,
      94.31006493506493,
      93.44155844155844,
      94.73214285714286,
      95.16233766233766,
      94.96753246753246,
      94.77272727272727,
      95.07305194805195,
      95.40584415584415,
      95.51948051948052
    ],
    "val_acc": [
      83.82575757575758,
      87.61363636363636,
      88.78787878787878,
      86.13636363636364,
      89.35606060606061,
      94.77272727272727,
      95.26515151515152,
      95.49242424242425,
      93.56060606060606,
      93.63636363636364,
      95.41666666666667,
      94.35606060606061,
      94.62121212121212,
      94.96212121212122,
      94.20454545454545,
      95.37878787878788,
      95.18939393939394,
      95.37878787878788
    ],
    "physics_loss": [
      0.08751451635322013,
      0.046767136909357916,
      0.044348164947776055,
      0.04331911033527418,
      0.03996187204664404,
      0.038584893908013,
      0.03443169681379547,
      0.03592943431954686,
      0.034106670344224224,
      0.03482874477064455,
      0.036308666362197366,
      0.03369833623337281,
      0.033977574772842516,
      0.03301101507401311,
      0.0330044687036183,
      0.032999191239669726,
      0.03243636095581891,
      0.03226051633911473
    ]
  },
  "provenance": {
    "budget": {
      "lr": 0.001,
      "batch": 64,
      "max_epochs": 60,
      "patience": 10
    },
    "best_epoch": 8,
    "best_val_acc": 95.49242424242425,
    "data": "dataset_v2.h5",
    "device": "cuda",
    "host": "242c8a6721cd",
    "git_sha": "4a2063d99387989042031fcd62111d4962d9966d",
    "wall_time_s": 255.7,
    "finished_at": "2026-06-23T00:55:57.292057+00:00"
  }
}