{
  "model": "physics_constrained_cnn",
  "seed": 5,
  "experiment": "pinn_ablation_scramble",
  "prereg": "\u00a78.7",
  "reference_permutation": [
    0,
    10,
    5,
    9,
    6,
    2,
    8,
    4,
    7,
    1,
    3
  ],
  "physics_weight": 1.0,
  "ops_aware": false,
  "evals": {
    "test": {
      "accuracy": 95.9469696969697,
      "f1_macro": 0.9589458625261148,
      "confusion_matrix": [
        [
          240,
          0,
          0,
          0,
          0,
          0,
          0,
          0,
          0,
          0,
          0
        ],
        [
          0,
          240,
          0,
          0,
          0,
          0,
          0,
          0,
          0,
          0,
          0
        ],
        [
          0,
          0,
          240,
          0,
          0,
          0,
          0,
          0,
          0,
          0,
          0
        ],
        [
          0,
          0,
          0,
          240,
          0,
          0,
          0,
          0,
          0,
          0,
          0
        ],
        [
          8,
          0,
          0,
          0,
          232,
          0,
          0,
          0,
          0,
          0,
          0
        ],
        [
          83,
          0,
          0,
          0,
          3,
          154,
          0,
          0,
          0,
          0,
          0
        ],
        [
          0,
          0,
          0,
          0,
          0,
          0,
          239,
          0,
          0,
          1,
          0
        ],
        [
          0,
          0,
          0,
          0,
          0,
          0,
          0,
          240,
          0,
          0,
          0
        ],
        [
          0,
          0,
          0,
          0,
          0,
          0,
          0,
          0,
          240,
          0,
          0
        ],
        [
          5,
          0,
          0,
          0,
          0,
          0,
          6,
          0,
          0,
          229,
          0
        ],
        [
          1,
          0,
          0,
          0,
          0,
          0,
          0,
          0,
          0,
          0,
          239
        ]
      ],
      "n": 2640
    },
    "test_snr5": {
      "accuracy": 83.52272727272727,
      "f1_macro": 0.812646920582873,
      "confusion_matrix": [
        [
          198,
          0,
          0,
          0,
          0,
          0,
          0,
          0,
          0,
          42,
          0
        ],
        [
          0,
          240,
          0,
          0,
          0,
          0,
          0,
          0,
          0,
          0,
          0
        ],
        [
          0,
          0,
          218,
          0,
          0,
          0,
          22,
          0,
          0,
          0,
          0
        ],
        [
          0,
          0,
          0,
          240,
          0,
          0,
          0,
          0,
          0,
          0,
          0
        ],
        [
          2,
          0,
          0,
          0,
          4,
          0,
          0,
          0,
          0,
          234,
          0
        ],
        [
          67,
          0,
          0,
          0,
          0,
          150,
          0,
          0,
          0,
          23,
          0
        ],
        [
          0,
          0,
          0,
          0,
          0,
          0,
          236,
          0,
          0,
          4,
          0
        ],
        [
          0,
          0,
          0,
          0,
          0,
          0,
          30,
          210,
          0,
          0,
          0
        ],
        [
          0,
          0,
          0,
          0,
          0,
          0,
          0,
          0,
          240,
          0,
          0
        ],
        [
          3,
          0,
          0,
          0,
          0,
          0,
          3,
          0,
          0,
          234,
          0
        ],
        [
          2,
          0,
          0,
          0,
          0,
          0,
          0,
          0,
          0,
          3,
          235
        ]
      ],
      "n": 2640
    }
  },
  "history": {
    "train_acc": [
      72.83279220779221,
      86.37175324675324,
      89.92694805194805,
      92.8409090909091,
      93.67694805194805,
      94.00974025974025,
      94.25324675324676,
      94.91883116883118,
      94.9512987012987,
      94.79707792207792,
      95.22727272727273,
      95.08116883116882,
      95.1948051948052,
      95.27597402597402,
      94.8051948051948,
      93.68506493506493,
      90.92532467532467
    ],
    "val_acc": [
      72.61363636363636,
      80.56818181818181,
      91.5530303030303,
      89.12878787878788,
      94.0530303030303,
      93.4469696969697,
      95.0,
      94.62121212121212,
      94.50757575757575,
      95.0,
      94.01515151515152,
      92.68939393939394,
      94.58333333333333,
      94.6590909090909,
      94.35606060606061,
      34.96212121212121,
      93.97727272727273
    ],
    "physics_loss": [
      0.4658501276722202,
      0.478137164611321,
      0.4806477588492554,
      0.4844839224567661,
      0.4856633081064596,
      0.48513962866423965,
      0.48535696918314153,
      0.4858136697248979,
      0.48526744625785134,
      0.4859481692314148,
      0.48576608710474783,
      0.4864734617920665,
      0.48567012889044625,
      0.48605131839776966,
      0.4855782219341823,
      0.48404021549534487,
      0.4814955109125608
    ]
  },
  "provenance": {
    "budget": {
      "lr": 0.001,
      "batch": 64,
      "max_epochs": 60,
      "patience": 10
    },
    "best_epoch": 7,
    "best_val_acc": 95.0,
    "data": "dataset_v2.h5",
    "device": "cuda",
    "host": "242c8a6721cd",
    "git_sha": "4a2063d99387989042031fcd62111d4962d9966d",
    "wall_time_s": 243.7,
    "finished_at": "2026-06-23T02:02:46.869353+00:00"
  }
}