{
  "model": "physics_constrained_cnn",
  "seed": 4,
  "experiment": "pinn_ablation_scramble",
  "prereg": "\u00a78.7",
  "reference_permutation": [
    0,
    10,
    5,
    9,
    6,
    2,
    8,
    4,
    7,
    1,
    3
  ],
  "physics_weight": 1.0,
  "ops_aware": false,
  "evals": {
    "test": {
      "accuracy": 96.09848484848484,
      "f1_macro": 0.9604860080487089,
      "confusion_matrix": [
        [
          240,
          0,
          0,
          0,
          0,
          0,
          0,
          0,
          0,
          0,
          0
        ],
        [
          0,
          240,
          0,
          0,
          0,
          0,
          0,
          0,
          0,
          0,
          0
        ],
        [
          0,
          0,
          240,
          0,
          0,
          0,
          0,
          0,
          0,
          0,
          0
        ],
        [
          0,
          0,
          0,
          240,
          0,
          0,
          0,
          0,
          0,
          0,
          0
        ],
        [
          2,
          0,
          0,
          0,
          238,
          0,
          0,
          0,
          0,
          0,
          0
        ],
        [
          86,
          0,
          0,
          0,
          0,
          154,
          0,
          0,
          0,
          0,
          0
        ],
        [
          0,
          0,
          0,
          0,
          0,
          0,
          236,
          0,
          0,
          4,
          0
        ],
        [
          0,
          0,
          0,
          0,
          0,
          0,
          0,
          240,
          0,
          0,
          0
        ],
        [
          0,
          0,
          0,
          0,
          0,
          0,
          0,
          0,
          240,
          0,
          0
        ],
        [
          9,
          0,
          0,
          0,
          0,
          0,
          1,
          0,
          0,
          230,
          0
        ],
        [
          0,
          0,
          0,
          0,
          0,
          1,
          0,
          0,
          0,
          0,
          239
        ]
      ],
      "n": 2640
    },
    "test_snr5": {
      "accuracy": 85.15151515151516,
      "f1_macro": 0.8355936092155236,
      "confusion_matrix": [
        [
          236,
          0,
          0,
          0,
          0,
          0,
          0,
          0,
          0,
          4,
          0
        ],
        [
          0,
          240,
          0,
          0,
          0,
          0,
          0,
          0,
          0,
          0,
          0
        ],
        [
          0,
          0,
          240,
          0,
          0,
          0,
          0,
          0,
          0,
          0,
          0
        ],
        [
          0,
          0,
          0,
          240,
          0,
          0,
          0,
          0,
          0,
          0,
          0
        ],
        [
          3,
          0,
          0,
          0,
          46,
          1,
          0,
          0,
          0,
          190,
          0
        ],
        [
          84,
          0,
          0,
          0,
          0,
          154,
          0,
          0,
          0,
          2,
          0
        ],
        [
          0,
          0,
          0,
          0,
          0,
          0,
          236,
          0,
          0,
          4,
          0
        ],
        [
          0,
          0,
          0,
          0,
          0,
          17,
          1,
          150,
          0,
          0,
          72
        ],
        [
          0,
          0,
          0,
          0,
          0,
          0,
          1,
          0,
          239,
          0,
          0
        ],
        [
          8,
          0,
          0,
          0,
          0,
          0,
          3,
          0,
          0,
          229,
          0
        ],
        [
          0,
          0,
          0,
          0,
          0,
          1,
          0,
          0,
          0,
          1,
          238
        ]
      ],
      "n": 2640
    }
  },
  "history": {
    "train_acc": [
      72.84902597402598,
      85.17857142857143,
      87.40259740259741,
      88.44155844155844,
      91.56655844155844,
      92.18344155844156,
      94.38311688311688,
      92.84902597402598,
      94.0340909090909,
      94.53733766233766,
      94.95941558441558,
      94.75649350649351,
      94.78084415584415,
      94.82954545454545,
      94.91883116883118,
      95.05681818181819,
      93.7987012987013,
      95.03246753246754,
      92.82467532467533,
      95.12175324675324,
      95.1948051948052,
      95.51136363636364,
      94.96753246753246,
      95.21915584415585,
      95.63311688311688,
      95.80357142857143,
      95.59253246753246,
      95.78733766233766,
      95.89285714285714,
      94.65097402597402,
      94.70779220779221,
      95.63311688311688,
      95.61688311688312,
      95.77922077922078,
      95.99837662337663,
      95.80357142857143,
      96.12824675324676,
      96.04707792207792,
      95.66558441558442
    ],
    "val_acc": [
      80.83333333333333,
      83.4090909090909,
      87.27272727272727,
      90.37878787878788,
      85.07575757575758,
      93.21969696969697,
      94.81060606060606,
      92.76515151515152,
      94.92424242424242,
      95.22727272727273,
      95.26515151515152,
      95.3409090909091,
      95.3409090909091,
      94.6969696969697,
      94.81060606060606,
      95.15151515151516,
      95.0,
      94.81060606060606,
      94.88636363636364,
      95.3409090909091,
      95.49242424242425,
      95.15151515151516,
      95.71969696969697,
      95.75757575757575,
      95.41666666666667,
      95.3030303030303,
      95.75757575757575,
      96.13636363636364,
      96.70454545454545,
      91.36363636363636,
      95.79545454545455,
      96.13636363636364,
      96.40151515151516,
      96.62878787878788,
      96.66666666666667,
      96.09848484848484,
      96.5909090909091,
      92.8409090909091,
      96.5530303030303
    ],
    "physics_loss": [
      0.4643622016751921,
      0.47693261279688254,
      0.4793711091016794,
      0.47936406073632176,
      0.48114748063025536,
      0.4827899251665388,
      0.48624020737487,
      0.4843032465352641,
      0.48504256273244883,
      0.48598840933341486,
      0.48536709926345134,
      0.4854611260550363,
      0.48592357364567845,
      0.48500296419317074,
      0.48549999362462526,
      0.4863313282465006,
      0.4848697721184074,
      0.4858818990843637,
      0.48453507485327785,
      0.48617346766707187,
      0.485708660893626,
      0.4863977158224428,
      0.485439061963713,
      0.4859184265136719,
      0.4865746564679332,
      0.48640306646173653,
      0.4857944863183158,
      0.48620700549769713,
      0.48593632168584056,
      0.48529542607146425,
      0.4855699005065026,
      0.48631404777625936,
      0.4860384530835338,
      0.4859398341798163,
      0.48630170040316395,
      0.48637315065829784,
      0.48609291005444216,
      0.48644809521637955,
      0.4859235714008282
    ]
  },
  "provenance": {
    "budget": {
      "lr": 0.001,
      "batch": 64,
      "max_epochs": 60,
      "patience": 10
    },
    "best_epoch": 29,
    "best_val_acc": 96.70454545454545,
    "data": "dataset_v2.h5",
    "device": "cuda",
    "host": "242c8a6721cd",
    "git_sha": "4a2063d99387989042031fcd62111d4962d9966d",
    "wall_time_s": 551.2,
    "finished_at": "2026-06-23T01:58:42.654016+00:00"
  }
}