{
  "model": "random_forest",
  "seed": 2,
  "accuracy": 94.6590909090909,
  "f1_macro": 0.9469365291585011,
  "per_class_accuracy": {
    "Healthy": 95.83333333333334,
    "Misalignment": 100.0,
    "Imbalance": 98.33333333333333,
    "Bearing Clearance": 98.75,
    "Lubrication Issue": 100.0,
    "Cavitation": 65.0,
    "Wear": 99.16666666666667,
    "Oil Whirl": 100.0,
    "Misalignment + Imbalance": 96.66666666666667,
    "Wear + Lubrication": 96.66666666666667,
    "Cavitation + Clearance": 90.83333333333333
  },
  "confusion_matrix": [
    [
      230,
      0,
      0,
      0,
      0,
      6,
      0,
      0,
      0,
      4,
      0
    ],
    [
      0,
      240,
      0,
      0,
      0,
      0,
      0,
      0,
      0,
      0,
      0
    ],
    [
      0,
      0,
      236,
      0,
      1,
      0,
      0,
      0,
      1,
      0,
      2
    ],
    [
      0,
      0,
      0,
      237,
      0,
      0,
      0,
      0,
      0,
      0,
      3
    ],
    [
      0,
      0,
      0,
      0,
      240,
      0,
      0,
      0,
      0,
      0,
      0
    ],
    [
      83,
      0,
      0,
      0,
      0,
      156,
      0,
      0,
      0,
      0,
      1
    ],
    [
      0,
      0,
      0,
      0,
      0,
      0,
      238,
      0,
      0,
      2,
      0
    ],
    [
      0,
      0,
      0,
      0,
      0,
      0,
      0,
      240,
      0,
      0,
      0
    ],
    [
      7,
      0,
      0,
      0,
      0,
      1,
      0,
      0,
      232,
      0,
      0
    ],
    [
      8,
      0,
      0,
      0,
      0,
      0,
      0,
      0,
      0,
      232,
      0
    ],
    [
      10,
      0,
      0,
      9,
      0,
      3,
      0,
      0,
      0,
      0,
      218
    ]
  ],
  "class_names": [
    "Healthy",
    "Misalignment",
    "Imbalance",
    "Bearing Clearance",
    "Lubrication Issue",
    "Cavitation",
    "Wear",
    "Oil Whirl",
    "Misalignment + Imbalance",
    "Wear + Lubrication",
    "Cavitation + Clearance"
  ],
  "num_test_windows": 2640,
  "val_accuracy": 94.81060606060606,
  "provenance": {
    "protocol": "experiments/PROTOCOL.md",
    "data": "data/generated/dataset_v2.h5",
    "window_length": 20480,
    "features": 36,
    "host": "DESKTOP-M7RBFOO",
    "git_sha": "2e527f0c1f114a7fa27d1ca96eb7b3a4a7540dd1",
    "wall_time_s": 5.2,
    "finished_at": "2026-06-11T21:57:00.647029+00:00"
  }
}