{
  "model": "physics_constrained_cnn",
  "seed": 1,
  "experiment": "pinn_ablation_scramble",
  "prereg": "\u00a78.7",
  "reference_permutation": [
    0,
    10,
    5,
    9,
    6,
    2,
    8,
    4,
    7,
    1,
    3
  ],
  "physics_weight": 1.0,
  "ops_aware": false,
  "evals": {
    "test": {
      "accuracy": 96.43939393939394,
      "f1_macro": 0.9636360949269682,
      "confusion_matrix": [
        [
          239,
          0,
          0,
          0,
          0,
          1,
          0,
          0,
          0,
          0,
          0
        ],
        [
          0,
          240,
          0,
          0,
          0,
          0,
          0,
          0,
          0,
          0,
          0
        ],
        [
          0,
          0,
          240,
          0,
          0,
          0,
          0,
          0,
          0,
          0,
          0
        ],
        [
          0,
          0,
          0,
          240,
          0,
          0,
          0,
          0,
          0,
          0,
          0
        ],
        [
          0,
          0,
          0,
          0,
          240,
          0,
          0,
          0,
          0,
          0,
          0
        ],
        [
          85,
          0,
          0,
          0,
          0,
          154,
          0,
          0,
          0,
          1,
          0
        ],
        [
          0,
          0,
          0,
          0,
          0,
          0,
          240,
          0,
          0,
          0,
          0
        ],
        [
          0,
          0,
          0,
          0,
          0,
          0,
          0,
          240,
          0,
          0,
          0
        ],
        [
          0,
          0,
          0,
          0,
          0,
          0,
          0,
          0,
          240,
          0,
          0
        ],
        [
          7,
          0,
          0,
          0,
          0,
          0,
          0,
          0,
          0,
          233,
          0
        ],
        [
          0,
          0,
          0,
          0,
          0,
          0,
          0,
          0,
          0,
          0,
          240
        ]
      ],
      "n": 2640
    },
    "test_snr5": {
      "accuracy": 95.68181818181817,
      "f1_macro": 0.9565791523316175,
      "confusion_matrix": [
        [
          236,
          0,
          0,
          0,
          0,
          4,
          0,
          0,
          0,
          0,
          0
        ],
        [
          0,
          240,
          0,
          0,
          0,
          0,
          0,
          0,
          0,
          0,
          0
        ],
        [
          0,
          0,
          240,
          0,
          0,
          0,
          0,
          0,
          0,
          0,
          0
        ],
        [
          0,
          0,
          0,
          240,
          0,
          0,
          0,
          0,
          0,
          0,
          0
        ],
        [
          1,
          0,
          0,
          0,
          235,
          0,
          0,
          0,
          0,
          4,
          0
        ],
        [
          85,
          0,
          0,
          0,
          0,
          154,
          0,
          0,
          0,
          1,
          0
        ],
        [
          0,
          0,
          0,
          0,
          0,
          0,
          238,
          0,
          0,
          2,
          0
        ],
        [
          0,
          0,
          0,
          0,
          0,
          0,
          0,
          240,
          0,
          0,
          0
        ],
        [
          0,
          0,
          0,
          0,
          0,
          0,
          0,
          0,
          240,
          0,
          0
        ],
        [
          14,
          0,
          0,
          0,
          1,
          0,
          0,
          0,
          0,
          225,
          0
        ],
        [
          1,
          0,
          0,
          0,
          0,
          1,
          0,
          0,
          0,
          0,
          238
        ]
      ],
      "n": 2640
    }
  },
  "history": {
    "train_acc": [
      75.15422077922078,
      86.42857142857143,
      88.92045454545455,
      91.83441558441558,
      92.6948051948052,
      94.09902597402598,
      94.31006493506493,
      94.59415584415585,
      94.89448051948052,
      94.87824675324676,
      94.60227272727273,
      94.26136363636364,
      95.09740259740259,
      95.44642857142857,
      94.99188311688312,
      94.92694805194805,
      95.54383116883118,
      95.44642857142857,
      95.35714285714286,
      95.44642857142857,
      95.35714285714286,
      95.4788961038961,
      95.65746753246754,
      95.51136363636364,
      95.49512987012987,
      95.77922077922078,
      95.54383116883118,
      95.47077922077922,
      94.06655844155844,
      95.27597402597402,
      96.09577922077922,
      95.64935064935065,
      95.89285714285714,
      95.97402597402598,
      96.11201298701299,
      96.20941558441558,
      96.21753246753246,
      96.17694805194805,
      96.35551948051948,
      96.1038961038961,
      96.31493506493507,
      96.5909090909091,
      96.51785714285714,
      96.2987012987013,
      96.51785714285714,
      96.54220779220779,
      96.7288961038961,
      96.68831168831169,
      96.85876623376623,
      96.65584415584415,
      96.6801948051948,
      96.80194805194805
    ],
    "val_acc": [
      66.96969696969697,
      78.10606060606061,
      79.0909090909091,
      87.04545454545455,
      93.10606060606061,
      90.26515151515152,
      89.88636363636364,
      93.4469696969697,
      94.39393939393939,
      94.81060606060606,
      92.65151515151516,
      94.43181818181819,
      94.77272727272727,
      95.03787878787878,
      93.59848484848484,
      94.50757575757575,
      95.49242424242425,
      94.54545454545455,
      94.58333333333333,
      94.96212121212122,
      95.53030303030303,
      95.49242424242425,
      92.8030303030303,
      95.60606060606061,
      95.83333333333333,
      95.3409090909091,
      94.73484848484848,
      93.82575757575758,
      94.96212121212122,
      95.87121212121212,
      96.21212121212122,
      95.60606060606061,
      96.17424242424242,
      96.36363636363636,
      96.40151515151516,
      96.47727272727273,
      96.66666666666667,
      96.66666666666667,
      96.5530303030303,
      96.51515151515152,
      96.81818181818181,
      96.89393939393939,
      96.25,
      96.74242424242425,
      96.85606060606061,
      96.81818181818181,
      96.66666666666667,
      96.74242424242425,
      96.02272727272727,
      95.56818181818181,
      96.09848484848484,
      96.62878787878788
    ],