{
  "model": "physics_constrained_cnn",
  "seed": 6,
  "experiment": "pinn_ablation_random",
  "prereg": "\u00a78.8",
  "physics_weight": 1.0,
  "ops_aware": false,
  "evals": {
    "test": {
      "accuracy": 96.32575757575758,
      "f1_macro": 0.9625688561849735,
      "confusion_matrix": [
        [
          238,
          0,
          0,
          0,
          0,
          2,
          0,
          0,
          0,
          0,
          0
        ],
        [
          0,
          240,
          0,
          0,
          0,
          0,
          0,
          0,
          0,
          0,
          0
        ],
        [
          0,
          0,
          240,
          0,
          0,
          0,
          0,
          0,
          0,
          0,
          0
        ],
        [
          0,
          0,
          0,
          240,
          0,
          0,
          0,
          0,
          0,
          0,
          0
        ],
        [
          0,
          0,
          0,
          0,
          240,
          0,
          0,
          0,
          0,
          0,
          0
        ],
        [
          85,
          0,
          0,
          0,
          0,
          154,
          0,
          0,
          0,
          1,
          0
        ],
        [
          0,
          0,
          0,
          0,
          0,
          0,
          240,
          0,
          0,
          0,
          0
        ],
        [
          0,
          0,
          0,
          0,
          0,
          0,
          0,
          240,
          0,
          0,
          0
        ],
        [
          0,
          0,
          0,
          0,
          0,
          0,
          0,
          0,
          240,
          0,
          0
        ],
        [
          8,
          0,
          0,
          0,
          0,
          1,
          0,
          0,
          0,
          231,
          0
        ],
        [
          0,
          0,
          0,
          0,
          0,
          0,
          0,
          0,
          0,
          0,
          240
        ]
      ],
      "n": 2640
    },
    "test_snr5": {
      "accuracy": 94.88636363636364,
      "f1_macro": 0.9487000792560152,
      "confusion_matrix": [
        [
          227,
          0,
          0,
          0,
          0,
          13,
          0,
          0,
          0,
          0,
          0
        ],
        [
          0,
          240,
          0,
          0,
          0,
          0,
          0,
          0,
          0,
          0,
          0
        ],
        [
          0,
          0,
          240,
          0,
          0,
          0,
          0,
          0,
          0,
          0,
          0
        ],
        [
          0,
          0,
          0,
          240,
          0,
          0,
          0,
          0,
          0,
          0,
          0
        ],
        [
          0,
          0,
          0,
          0,
          216,
          0,
          0,
          0,
          0,
          24,
          0
        ],
        [
          82,
          0,
          0,
          0,
          0,
          157,
          0,
          0,
          0,
          1,
          0
        ],
        [
          0,
          0,
          0,
          0,
          0,
          0,
          240,
          0,
          0,
          0,
          0
        ],
        [
          0,
          0,
          0,
          0,
          0,
          0,
          0,
          240,
          0,
          0,
          0
        ],
        [
          0,
          0,
          0,
          0,
          0,
          0,
          0,
          0,
          240,
          0,
          0
        ],
        [
          13,
          0,
          0,
          0,
          0,
          2,
          0,
          0,
          0,
          225,
          0
        ],
        [
          0,
          0,
          0,
          0,
          0,
          0,
          0,
          0,
          0,
          0,
          240
        ]
      ],
      "n": 2640
    }
  },
  "history": {
    "train_acc": [
      76.00649350649351,
      87.54058441558442,
      90.83603896103897,
      92.95454545454545,
      93.65259740259741,
      92.97077922077922,
      93.92857142857143,
      94.38311688311688,
      95.01623376623377,
      94.53733766233766,
      94.45616883116882,
      94.35876623376623,
      95.31655844155844,
      95.05681818181819,
      95.30032467532467,
      94.7646103896104,
      95.06493506493507,
      95.26785714285714,
      94.99188311688312,
      95.16233766233766,
      95.06493506493507,
      95.65746753246754,
      95.22727272727273,
      95.77922077922078,
      95.74675324675324,
      95.81168831168831,
      95.07305194805195,
      95.70616883116882,
      95.41396103896103,
      95.65746753246754,
      95.80357142857143,
      96.1038961038961,
      95.41396103896103,
      96.29058441558442,
      95.8603896103896,
      96.20941558441558,
      96.25,
      96.57467532467533,
      96.43668831168831,
      96.55032467532467,
      96.55844155844156,
      96.23376623376623,
      96.34740259740259,
      96.55032467532467,
      96.78571428571429,
      96.52597402597402,
      96.49350649350649,
      96.64772727272727,
      96.74512987012987,
      96.71266233766234,
      96.52597402597402,
      96.80194805194805,
      96.89935064935065,
      96.89123376623377,
      96.83441558441558,
      97.03733766233766,
      97.31331168831169,
      97.42694805194805
    ],
    "val_acc": [
      75.9469696969697,
      84.0530303030303,
      88.97727272727273,
      93.56060606060606,
      93.18181818181819,
      92.00757575757575,
      90.9090909090909,
      94.12878787878788,
      93.03030303030303,
      91.85606060606061,
      94.6590909090909,
      94.88636363636364,
      94.54545454545455,
      95.41666666666667,
      95.9090909090909,
      94.73484848484848,
      95.3030303030303,
      94.0530303030303,
      95.26515151515152,
      94.58333333333333,
      95.3030303030303,
      95.98484848484848,
      95.9469696969697,
      96.47727272727273,
      95.11363636363636,
      96.47727272727273,
      95.49242424242425,
      96.13636363636364,
      94.92424242424242,
      96.66666666666667,
      96.74242424242425,
      96.74242424242425,
      96.74242424242425,
      96.32575757575758,
      96.62878787878788,
      96.62878787878788,
      96.81818181818181,
      96.5909090909091,
      96.81818181818181,
      96.66666666666667,
      96.81818181818181,
      96.66666666666667,
      95.98484848484848,
      96.93181818181819,
      96.81818181818181,
      96.66666666666667,
      96.89393939393939,
      96.96969696969697,
      96.09848484848484,
      96.17424242424242,
      96.74242424242425,
      96.06060606060606,
      96.47727272727273,
      96.5530303030303,
      96.81818181818181,
      95.83333333333333,
      95.53030303030303,
      96.28787878787878
    ],