{
  "model": "physics_constrained_cnn",
  "seed": 10,
  "experiment": "pinn_ablation_random",
  "prereg": "\u00a78.8",
  "physics_weight": 1.0,
  "ops_aware": false,
  "evals": {
    "test": {
      "accuracy": 96.43939393939394,
      "f1_macro": 0.9636722490236042,
      "confusion_matrix": [
        [
          240,
          0,
          0,
          0,
          0,
          0,
          0,
          0,
          0,
          0,
          0
        ],
        [
          0,
          240,
          0,
          0,
          0,
          0,
          0,
          0,
          0,
          0,
          0
        ],
        [
          0,
          0,
          240,
          0,
          0,
          0,
          0,
          0,
          0,
          0,
          0
        ],
        [
          0,
          0,
          0,
          240,
          0,
          0,
          0,
          0,
          0,
          0,
          0
        ],
        [
          0,
          0,
          0,
          0,
          240,
          0,
          0,
          0,
          0,
          0,
          0
        ],
        [
          85,
          0,
          0,
          0,
          0,
          154,
          0,
          0,
          0,
          1,
          0
        ],
        [
          0,
          0,
          0,
          0,
          0,
          0,
          240,
          0,
          0,
          0,
          0
        ],
        [
          0,
          0,
          0,
          0,
          0,
          0,
          0,
          240,
          0,
          0,
          0
        ],
        [
          0,
          0,
          0,
          0,
          0,
          0,
          0,
          0,
          240,
          0,
          0
        ],
        [
          8,
          0,
          0,
          0,
          0,
          0,
          0,
          0,
          0,
          232,
          0
        ],
        [
          0,
          0,
          0,
          0,
          0,
          0,
          0,
          0,
          0,
          0,
          240
        ]
      ],
      "n": 2640
    },
    "test_snr5": {
      "accuracy": 89.54545454545455,
      "f1_macro": 0.8854380878301825,
      "confusion_matrix": [
        [
          238,
          0,
          0,
          0,
          0,
          0,
          0,
          0,
          0,
          2,
          0
        ],
        [
          0,
          240,
          0,
          0,
          0,
          0,
          0,
          0,
          0,
          0,
          0
        ],
        [
          0,
          0,
          240,
          0,
          0,
          0,
          0,
          0,
          0,
          0,
          0
        ],
        [
          0,
          0,
          0,
          240,
          0,
          0,
          0,
          0,
          0,
          0,
          0
        ],
        [
          0,
          0,
          0,
          0,
          67,
          0,
          0,
          0,
          0,
          173,
          0
        ],
        [
          86,
          0,
          0,
          0,
          0,
          154,
          0,
          0,
          0,
          0,
          0
        ],
        [
          0,
          0,
          0,
          0,
          0,
          0,
          240,
          0,
          0,
          0,
          0
        ],
        [
          0,
          0,
          0,
          0,
          0,
          0,
          0,
          240,
          0,
          0,
          0
        ],
        [
          0,
          0,
          0,
          0,
          0,
          0,
          5,
          0,
          235,
          0,
          0
        ],
        [
          10,
          0,
          0,
          0,
          0,
          0,
          0,
          0,
          0,
          230,
          0
        ],
        [
          0,
          0,
          0,
          0,
          0,
          0,
          0,
          0,
          0,
          0,
          240
        ]
      ],
      "n": 2640
    }
  },
  "history": {
    "train_acc": [
      72.34577922077922,
      85.66558441558442,
      88.2711038961039,
      91.49350649350649,
      93.00324675324676,
      93.84740259740259,
      93.63636363636364,
      94.375,
      93.81493506493507,
      94.48051948051948,
      94.68344155844156,
      93.88798701298701,
      94.70779220779221,
      94.64285714285714,
      95.04058441558442,
      95.26785714285714,
      95.17857142857143,
      95.1461038961039,
      95.34902597402598,
      94.92694805194805,
      95.13798701298701,
      95.13798701298701,
      95.51948051948052,
      95.05681818181819,
      95.44642857142857,
      95.61688311688312,
      95.79545454545455,
      95.81168831168831,
      95.37337662337663,
      95.8198051948052,
      95.9659090909091,
      96.21753246753246,
      95.99837662337663,
      94.98376623376623,
      96.24188311688312,
      95.86850649350649,
      95.78733766233766,
      96.36363636363636,
      96.51785714285714,
      96.38798701298701,
      96.42045454545455,
      96.33928571428571,
      95.52759740259741,
      96.23376623376623,
      96.49350649350649,
      96.35551948051948,
      96.46915584415585,
      96.33116883116882
    ],
    "val_acc": [
      80.03787878787878,
      86.51515151515152,
      89.0530303030303,
      93.67424242424242,
      93.14393939393939,
      94.12878787878788,
      94.39393939393939,
      94.73484848484848,
      94.50757575757575,
      93.93939393939394,
      95.41666666666667,
      92.5,
      93.67424242424242,
      95.11363636363636,
      94.6969696969697,
      93.78787878787878,
      95.49242424242425,
      95.3030303030303,
      95.3409090909091,
      94.73484848484848,
      94.88636363636364,
      95.53030303030303,
      96.06060606060606,
      96.25,
      96.09848484848484,
      96.13636363636364,
      96.5530303030303,
      96.51515151515152,
      95.75757575757575,
      96.36363636363636,
      96.66666666666667,
      96.66666666666667,
      96.81818181818181,
      96.36363636363636,
      96.78030303030303,
      96.89393939393939,
      96.93181818181819,
      97.00757575757575,
      96.85606060606061,
      96.5530303030303,
      96.85606060606061,
      96.93181818181819,
      96.47727272727273,
      96.93181818181819,
      96.78030303030303,
      96.96969696969697,
      96.93181818181819,
      94.62121212121212
    ],
    "physics_loss": [
      0.5306271616514627,
      0.5331470008020277,
      0.5330537082312943,
      0.5347308474701721,
      0.535599749506294,
      0.5358309795330097,
      0.5353887115206037,
      0.5364413148396975,
      0.5363480571028474,
      0.5358495916639056,
      0.5361427892338145,
      0.5363100898730291,
      0.5365280711805666,
      0.5360934514503974,
      0.5364524172498034,
      0.5366383120611117,
      0.5369323564814282,
      0.5363675420934504,
      0.5370571074547705,
      0.5368909064825479,
      0.5370300900626492,
      0.5364864270408433,
      0.536621580031011,
      0.5366032899200143,
      0.5373224993804833,
      0.5367707679798077,
      0.5373777360111088,
      0.5370409607887268,
      0.5364854989887832,
      0.5375707914302875,
      0.5372306589956407,
      0.5373372703403622,
      0.5375273749425814,
      0.537252842605888,
      0.5372835317215362,
      0.5371916959812115,
      0.5370493275778634,
      0.5373495831118001,
      0.5371854853320431,
      0.5373617771384004,
      0.5374743377233481,
      0.5373175792879873,
      0.5371577111157504,
      0.5371249217491645,
      0.5377770727330988,
      0.5371592616106009,
      0.537378356209049,
      0.5372939119091281
    ]
  },
  "provenance": {
    "budget": {
      "lr": 0.001,
      "batch": 64,
      "max_epochs": 60,
      "patience": 10
    },
    "best_epoch": 38,
    "best_val_acc": 97.00757575757575,