{
  "model": "gradient_boosting",
  "seed": 2,
  "accuracy": 94.01515151515152,
  "f1_macro": 0.9407514089951788,
  "per_class_accuracy": {
    "Healthy": 88.33333333333333,
    "Misalignment": 99.58333333333333,
    "Imbalance": 98.75,
    "Bearing Clearance": 97.91666666666666,
    "Lubrication Issue": 99.16666666666667,
    "Cavitation": 67.5,
    "Wear": 99.16666666666667,
    "Oil Whirl": 100.0,
    "Misalignment + Imbalance": 95.83333333333334,
    "Wear + Lubrication": 96.25,
    "Cavitation + Clearance": 91.66666666666666
  },
  "confusion_matrix": [
    [
      212,
      0,
      0,
      0,
      0,
      26,
      0,
      0,
      0,
      1,
      1
    ],
    [
      0,
      239,
      0,
      1,
      0,
      0,
      0,
      0,
      0,
      0,
      0
    ],
    [
      0,
      0,
      237,
      0,
      1,
      0,
      0,
      0,
      1,
      0,
      1
    ],
    [
      0,
      0,
      0,
      235,
      0,
      0,
      0,
      0,
      0,
      0,
      5
    ],
    [
      1,
      0,
      0,
      0,
      238,
      1,
      0,
      0,
      0,
      0,
      0
    ],
    [
      75,
      0,
      0,
      0,
      0,
      162,
      0,
      0,
      1,
      1,
      1
    ],
    [
      0,
      0,
      0,
      0,
      0,
      0,
      238,
      0,
      0,
      2,
      0
    ],
    [
      0,
      0,
      0,
      0,
      0,
      0,
      0,
      240,
      0,
      0,
      0
    ],
    [
      7,
      0,
      0,
      2,
      0,
      0,
      0,
      0,
      230,
      0,
      1
    ],
    [
      7,
      0,
      0,
      0,
      0,
      1,
      1,
      0,
      0,
      231,
      0
    ],
    [
      8,
      0,
      0,
      11,
      0,
      1,
      0,
      0,
      0,
      0,
      220
    ]
  ],
  "class_names": [
    "Healthy",
    "Misalignment",
    "Imbalance",
    "Bearing Clearance",
    "Lubrication Issue",
    "Cavitation",
    "Wear",
    "Oil Whirl",
    "Misalignment + Imbalance",
    "Wear + Lubrication",
    "Cavitation + Clearance"
  ],
  "num_test_windows": 2640,
  "val_accuracy": 94.39393939393939,
  "provenance": {
    "protocol": "experiments/PROTOCOL.md",
    "data": "data/generated/dataset_v2.h5",
    "window_length": 20480,
    "features": 36,
    "host": "DESKTOP-M7RBFOO",
    "git_sha": "a3822af04aafcaa99a99642223091d7acdb9ac56",
    "wall_time_s": 405.2,
    "finished_at": "2026-06-11T22:17:15.119637+00:00"
  }
}