{
  "model": "physics_constrained_cnn",
  "seed": 7,
  "experiment": "pinn_ablation",
  "prereg": "\u00a78.4",
  "physics_weight": 0.0,
  "ops_aware": false,
  "evals": {
    "test": {
      "accuracy": 96.32575757575758,
      "f1_macro": 0.9626997650577974,
      "confusion_matrix": [
        [
          240,
          0,
          0,
          0,
          0,
          0,
          0,
          0,
          0,
          0,
          0
        ],
        [
          0,
          240,
          0,
          0,
          0,
          0,
          0,
          0,
          0,
          0,
          0
        ],
        [
          0,
          0,
          240,
          0,
          0,
          0,
          0,
          0,
          0,
          0,
          0
        ],
        [
          0,
          0,
          0,
          240,
          0,
          0,
          0,
          0,
          0,
          0,
          0
        ],
        [
          0,
          0,
          0,
          0,
          240,
          0,
          0,
          0,
          0,
          0,
          0
        ],
        [
          86,
          0,
          0,
          0,
          0,
          154,
          0,
          0,
          0,
          0,
          0
        ],
        [
          0,
          0,
          0,
          0,
          0,
          0,
          239,
          0,
          0,
          1,
          0
        ],
        [
          0,
          0,
          0,
          0,
          0,
          0,
          0,
          240,
          0,
          0,
          0
        ],
        [
          0,
          0,
          0,
          0,
          0,
          0,
          0,
          0,
          240,
          0,
          0
        ],
        [
          9,
          0,
          0,
          0,
          0,
          0,
          0,
          0,
          0,
          231,
          0
        ],
        [
          1,
          0,
          0,
          0,
          0,
          0,
          0,
          0,
          0,
          0,
          239
        ]
      ],
      "n": 2640
    },
    "test_snr5": {
      "accuracy": 93.18181818181817,
      "f1_macro": 0.9310866142629748,
      "confusion_matrix": [
        [
          239,
          0,
          0,
          0,
          0,
          0,
          0,
          0,
          0,
          1,
          0
        ],
        [
          0,
          240,
          0,
          0,
          0,
          0,
          0,
          0,
          0,
          0,
          0
        ],
        [
          0,
          0,
          240,
          0,
          0,
          0,
          0,
          0,
          0,
          0,
          0
        ],
        [
          0,
          0,
          0,
          240,
          0,
          0,
          0,
          0,
          0,
          0,
          0
        ],
        [
          1,
          0,
          0,
          0,
          166,
          0,
          0,
          0,
          0,
          73,
          0
        ],
        [
          86,
          0,
          0,
          0,
          0,
          154,
          0,
          0,
          0,
          0,
          0
        ],
        [
          0,
          0,
          0,
          0,
          0,
          0,
          237,
          0,
          0,
          3,
          0
        ],
        [
          0,
          0,
          0,
          0,
          0,
          0,
          0,
          240,
          0,
          0,
          0
        ],
        [
          0,
          0,
          0,
          0,
          0,
          0,
          0,
          0,
          238,
          2,
          0
        ],
        [
          12,
          0,
          0,
          0,
          1,
          0,
          0,
          0,
          0,
          227,
          0
        ],
        [
          1,
          0,
          0,
          0,
          0,
          0,
          0,
          0,
          0,
          0,
          239
        ]
      ],
      "n": 2640
    }
  },
  "history": {
    "train_acc": [
      75.21103896103897,
      89.99188311688312,
      90.09740259740259,
      92.3051948051948,
      93.06818181818181,
      93.81493506493507,
      94.06655844155844,
      94.38311688311688,
      94.30194805194805,
      94.41558441558442,
      94.65097402597402,
      95.04058441558442,
      94.61850649350649,
      95.0487012987013,
      94.75649350649351,
      94.52922077922078,
      95.03246753246754,
      95.25162337662337,
      95.45454545454545,
      95.43831168831169,
      92.6948051948052,
      94.75649350649351,
      95.12175324675324,
      95.45454545454545,
      95.625,
      95.625,
      95.92532467532467,
      96.07954545454545,
      95.9659090909091,
      96.11201298701299,
      96.12824675324676,
      95.3409090909091,
      96.23376623376623,
      96.12012987012987,
      95.97402597402598,
      96.3961038961039,
      96.23376623376623,
      95.22727272727273,
      95.94967532467533,
      95.92532467532467,
      96.31493506493507,
      96.50162337662337,
      96.42045454545455
    ],
    "val_acc": [
      79.96212121212122,
      86.17424242424242,
      86.43939393939394,
      90.83333333333333,
      94.31818181818181,
      93.93939393939394,
      93.56060606060606,
      90.9090909090909,
      90.87121212121212,
      94.54545454545455,
      94.92424242424242,
      95.22727272727273,
      95.15151515151516,
      95.07575757575758,
      94.62121212121212,
      95.0,
      95.56818181818181,
      95.45454545454545,
      96.09848484848484,
      93.67424242424242,
      94.88636363636364,
      94.24242424242425,
      95.45454545454545,
      96.5530303030303,
      96.09848484848484,
      96.62878787878788,
      96.47727272727273,
      96.25,
      96.5909090909091,
      96.81818181818181,
      96.81818181818181,
      96.25,
      96.89393939393939,
      95.75757575757575,
      96.43939393939394,
      96.78030303030303,
      96.09848484848484,
      96.32575757575758,
      96.81818181818181,
      96.25,
      96.74242424242425,
      96.85606060606061,
      96.5530303030303
    ],
    "physics_loss": [
      0.0,
      0.0,
      0.0,
      0.0,
      0.0,
      0.0,
      0.0,
      0.0,
      0.0,
      0.0,
      0.0,
      0.0,
      0.0,
      0.0,
      0.0,
      0.0,
      0.0,
      0.0,
      0.0,
      0.0,
      0.0,
      0.0,
      0.0,
      0.0,
      0.0,
      0.0,
      0.0,
      0.0,
      0.0,
      0.0,
      0.0,
      0.0,
      0.0,
      0.0,
      0.0,
      0.0,
      0.0,
      0.0,
      0.0,
      0.0,
      0.0,
      0.0,
      0.0
    ]
  },
  "provenance": {
    "budget": {
      "lr": 0.001,
      "batch": 64,
      "max_epochs": 60,
      "patience": 10
    },
    "best_epoch": 33,
    "best_val_acc": 96.89393939393939,
    "data": "dataset_v2.h5",
    "device": "cuda",
    "host": "242c8a6721cd",
    "git_sha": "4a2063d99387989042031fcd62111d4962d9966d",
    "wall_time_s": 563.0,
    "finished_at": "2026-06-22T22:36:09.116130+00:00"
  }
}