{
  "model": "physics_constrained_cnn",
  "seed": 1,
  "experiment": "pinn_ablation_random",
  "prereg": "\u00a78.8",
  "physics_weight": 1.0,
  "ops_aware": false,
  "evals": {
    "test": {
      "accuracy": 96.32575757575758,
      "f1_macro": 0.9625114033827458,
      "confusion_matrix": [
        [
          239,
          0,
          0,
          0,
          0,
          1,
          0,
          0,
          0,
          0,
          0
        ],
        [
          0,
          240,
          0,
          0,
          0,
          0,
          0,
          0,
          0,
          0,
          0
        ],
        [
          0,
          0,
          240,
          0,
          0,
          0,
          0,
          0,
          0,
          0,
          0
        ],
        [
          0,
          0,
          0,
          240,
          0,
          0,
          0,
          0,
          0,
          0,
          0
        ],
        [
          0,
          0,
          0,
          0,
          238,
          0,
          0,
          0,
          0,
          2,
          0
        ],
        [
          85,
          0,
          0,
          0,
          0,
          154,
          0,
          0,
          0,
          1,
          0
        ],
        [
          0,
          0,
          0,
          0,
          0,
          0,
          240,
          0,
          0,
          0,
          0
        ],
        [
          0,
          0,
          0,
          0,
          0,
          0,
          0,
          240,
          0,
          0,
          0
        ],
        [
          0,
          0,
          0,
          0,
          0,
          0,
          0,
          0,
          240,
          0,
          0
        ],
        [
          7,
          0,
          0,
          0,
          0,
          0,
          0,
          0,
          0,
          233,
          0
        ],
        [
          0,
          0,
          0,
          0,
          0,
          1,
          0,
          0,
          0,
          0,
          239
        ]
      ],
      "n": 2640
    },
    "test_snr5": {
      "accuracy": 93.90151515151514,
      "f1_macro": 0.9382187711658233,
      "confusion_matrix": [
        [
          238,
          0,
          0,
          0,
          0,
          0,
          0,
          0,
          0,
          2,
          0
        ],
        [
          0,
          240,
          0,
          0,
          0,
          0,
          0,
          0,
          0,
          0,
          0
        ],
        [
          0,
          0,
          240,
          0,
          0,
          0,
          0,
          0,
          0,
          0,
          0
        ],
        [
          0,
          0,
          0,
          240,
          0,
          0,
          0,
          0,
          0,
          0,
          0
        ],
        [
          0,
          0,
          0,
          0,
          179,
          0,
          0,
          0,
          0,
          61,
          0
        ],
        [
          85,
          0,
          0,
          0,
          0,
          154,
          0,
          0,
          0,
          1,
          0
        ],
        [
          0,
          0,
          0,
          0,
          0,
          0,
          239,
          0,
          0,
          1,
          0
        ],
        [
          0,
          0,
          0,
          0,
          0,
          0,
          0,
          240,
          0,
          0,
          0
        ],
        [
          0,
          0,
          0,
          0,
          0,
          0,
          0,
          0,
          240,
          0,
          0
        ],
        [
          8,
          0,
          0,
          0,
          0,
          0,
          0,
          0,
          0,
          232,
          0
        ],
        [
          1,
          0,
          0,
          0,
          0,
          1,
          0,
          0,
          0,
          1,
          237
        ]
      ],
      "n": 2640
    }
  },
  "history": {
    "train_acc": [
      75.47077922077922,
      88.77435064935065,
      91.4853896103896,
      93.02759740259741,
      93.40097402597402,
      94.22077922077922,
      93.57954545454545,
      94.26136363636364,
      94.69967532467533,
      94.73214285714286,
      94.91071428571429,
      95.12175324675324,
      95.05681818181819,
      94.93506493506493,
      94.93506493506493,
      95.34902597402598,
      92.61363636363636,
      94.86201298701299,
      94.66720779220779,
      94.8538961038961,
      95.39772727272727,
      95.27597402597402,
      95.38149350649351,
      95.74675324675324,
      95.68993506493507,
      95.3896103896104,
      95.73051948051948,
      95.60064935064935,
      94.87824675324676,
      95.86850649350649,
      95.52759740259741,
      94.10714285714286,
      95.52759740259741,
      95.51948051948052,
      96.04707792207792,
      95.98214285714286,
      96.23376623376623,
      96.25,
      96.31493506493507,
      96.23376623376623,
      96.15259740259741,
      96.46103896103897,
      96.6396103896104,
      96.15259740259741,
      96.33116883116882,
      96.42857142857143,
      96.59902597402598,
      96.54220779220779,
      96.5340909090909,
      96.04707792207792
    ],
    "val_acc": [
      79.35606060606061,
      82.87878787878788,
      87.12121212121212,
      88.97727272727273,
      91.36363636363636,
      90.79545454545455,
      86.89393939393939,
      93.48484848484848,
      94.96212121212122,
      93.82575757575758,
      91.66666666666667,
      90.98484848484848,
      92.99242424242425,
      94.28030303030303,
      94.88636363636364,
      94.84848484848484,
      94.20454545454545,
      95.49242424242425,
      95.3409090909091,
      95.49242424242425,
      95.3030303030303,
      94.84848484848484,
      94.88636363636364,
      96.28787878787878,
      96.28787878787878,
      95.56818181818181,
      95.56818181818181,
      94.50757575757575,
      95.11363636363636,
      96.32575757575758,
      48.484848484848484,
      95.3030303030303,
      95.07575757575758,
      96.25,
      96.43939393939394,
      96.62878787878788,
      96.5909090909091,
      96.51515151515152,
      96.62878787878788,
      96.89393939393939,
      96.85606060606061,
      96.81818181818181,
      96.21212121212122,
      96.51515151515152,
      96.85606060606061,
      96.81818181818181,
      96.66666666666667,
      96.78030303030303,
      96.81818181818181,
      96.17424242424242
    ],
    "physics_loss": [
      0.5357950568199158,
      0.534535736232609,
      0.5346622809961245,
      0.5359793988141146,
      0.5361967061247145,
      0.5364158505743201,
      0.5360612585947111,
      0.5367623638797115,
      0.5362488420752736,
      0.5365633339076847,
      0.5371188015132755,
      0.5366013608969651,
      0.5365862463975881,
      0.5366968492408851,
      0.5365124804633005,
      0.5364543934921165,
      0.536110955244535,
      0.5364890073801016,
      0.5369366003321363,
      0.5369534255622269,
      0.5366530049930919,
      0.536790499052444,
      0.5370635998713505,
      0.5369009118575554,
      0.5369370477540153,
      0.536724198793436,
      0.5368103330011492,
      0.5367268935426489,
      0.5367089519253024,
      0.5370579090985385,
      0.5371410842065687,
      0.5366238939297664,
      0.5369352300445754,
      0.537119537204891,
      0.5374308522645529,
      0.5371317001132222,
      0.5374865000898188,
      0.5373906835333093,
      0.5370646924167485,
      0.5371561457584431,
      0.5371396665449266,
      0.5373622265729037,
      0.5374253426279341,
      0.5376422197787792,
      0.5376483136957342,
      0.5371650780950273,
      0.5375693259301124,
      0.5373606643119415,
      0.5374353277218806,
      0.5373401565985246
    ]
  },