{
  "model": "physics_constrained_cnn",
  "seed": 0,
  "experiment": "severity_ood",
  "prereg": "\u00a78.3",
  "direction": "B_train_high_test_incipient",
  "physics_weight": 0.3,
  "ops_aware": false,
  "evals": {
    "ood_test": {
      "accuracy": 79.54545454545455,
      "f1_macro": 0.8044867151179719,
      "confusion_matrix": [
        [
          60,
          0,
          0,
          0,
          0,
          0,
          0,
          0,
          0,
          0,
          0
        ],
        [
          0,
          40,
          0,
          0,
          0,
          0,
          0,
          0,
          20,
          0,
          0
        ],
        [
          0,
          0,
          51,
          0,
          0,
          0,
          0,
          0,
          0,
          0,
          9
        ],
        [
          0,
          0,
          0,
          60,
          0,
          0,
          0,
          0,
          0,
          0,
          0
        ],
        [
          10,
          0,
          0,
          0,
          50,
          0,
          0,
          0,
          0,
          0,
          0
        ],
        [
          34,
          0,
          0,
          0,
          0,
          26,
          0,
          0,
          0,
          0,
          0
        ],
        [
          0,
          0,
          0,
          0,
          0,
          0,
          45,
          0,
          0,
          15,
          0
        ],
        [
          0,
          0,
          0,
          0,
          0,
          0,
          0,
          57,
          0,
          0,
          3
        ],
        [
          0,
          0,
          0,
          0,
          0,
          0,
          0,
          0,
          48,
          12,
          0
        ],
        [
          16,
          0,
          0,
          0,
          0,
          0,
          0,
          0,
          0,
          44,
          0
        ],
        [
          14,
          0,
          0,
          0,
          0,
          2,
          0,
          0,
          0,
          0,
          44
        ]
      ],
      "n": 660
    },
    "full_test": {
      "accuracy": 92.72727272727272,
      "f1_macro": 0.9285885487336967,
      "confusion_matrix": [
        [
          240,
          0,
          0,
          0,
          0,
          0,
          0,
          0,
          0,
          0,
          0
        ],
        [
          0,
          220,
          0,
          0,
          0,
          0,
          0,
          0,
          20,
          0,
          0
        ],
        [
          0,
          0,
          231,
          0,
          0,
          0,
          0,
          0,
          0,
          0,
          9
        ],
        [
          0,
          0,
          0,
          240,
          0,
          0,
          0,
          0,
          0,
          0,
          0
        ],
        [
          11,
          0,
          0,
          0,
          229,
          0,
          0,
          0,
          0,
          0,
          0
        ],
        [
          89,
          0,
          0,
          0,
          0,
          151,
          0,
          0,
          0,
          0,
          0
        ],
        [
          0,
          0,
          0,
          0,
          0,
          0,
          225,
          0,
          0,
          15,
          0
        ],
        [
          0,
          0,
          0,
          0,
          0,
          0,
          0,
          237,
          0,
          0,
          3
        ],
        [
          0,
          0,
          0,
          0,
          0,
          0,
          0,
          0,
          228,
          12,
          0
        ],
        [
          16,
          0,
          0,
          0,
          1,
          0,
          0,
          0,
          0,
          223,
          0
        ],
        [
          14,
          0,
          0,
          0,
          0,
          2,
          0,
          0,
          0,
          0,
          224
        ]
      ],
      "n": 2640
    }
  },
  "history": {
    "train_acc": [
      75.8982683982684,
      88.49567099567099,
      91.07142857142857,
      89.93506493506493,
      92.25108225108225,
      96.12554112554112,
      96.53679653679653,
      96.6017316017316,
      96.61255411255411,
      96.5909090909091,
      96.62337662337663,
      96.991341991342,
      96.55844155844156,
      96.62337662337663,
      96.96969696969697,
      96.88311688311688,
      96.7965367965368,
      96.85064935064935,
      96.46103896103897,
      95.7034632034632,
      95.95238095238095,
      96.68831168831169,
      97.07792207792208,
      96.61255411255411,
      97.02380952380952,
      97.03463203463204,
      96.96969696969697
    ],
    "val_acc": [
      84.34343434343434,
      90.3030303030303,
      91.26262626262626,
      90.20202020202021,
      94.29292929292929,
      94.84848484848484,
      95.9090909090909,
      97.07070707070707,
      95.5050505050505,
      97.02020202020202,
      96.91919191919192,
      97.02020202020202,
      94.54545454545455,
      96.51515151515152,
      96.81818181818181,
      96.31313131313131,
      97.22222222222223,
      95.75757575757575,
      96.81818181818181,
      90.75757575757575,
      97.02020202020202,
      96.81818181818181,
      97.07070707070707,
      96.76767676767676,
      97.07070707070707,
      96.96969696969697,
      96.91919191919192
    ],
    "physics_loss": [
      0.08083010403302325,
      0.04254443169414223,
      0.03761563044347804,
      0.04213383128439193,
      0.03688825330902617,
      0.03342286355116151,
      0.032038905490915495,
      0.03180553889893866,
      0.0320964011633809,
      0.031726306176933894,
      0.03172664477195575,
      0.030639198148276384,
      0.03201360456137495,
      0.031370655677051516,
      0.03120053271194557,
      0.03172389053743639,
      0.030736319382082333,
      0.031272479235416366,
      0.03184288380853025,
      0.03385457542293516,
      0.033052566105669194,
      0.03171601254509125,
      0.030485538796428995,
      0.0318119217436035,
      0.030886388184639797,
      0.03061254426385417,
      0.03059010139920495
    ]
  },
  "provenance": {
    "budget": {
      "lr": 0.001,
      "batch": 64,
      "max_epochs": 60,
      "patience": 10
    },
    "best_epoch": 17,
    "best_val_acc": 97.22222222222223,
    "data": "dataset_v2.h5",
    "device": "cuda",
    "host": "8e2e6fa08d71",
    "git_sha": "25600630d4a2314cccb96991762d4481006dd29e",
    "wall_time_s": 294.5,
    "finished_at": "2026-06-15T21:58:40.055820+00:00"
  }
}