{
  "model": "physics_constrained_cnn",
  "seed": 0,
  "experiment": "pinn_ablation",
  "prereg": "\u00a78.4",
  "physics_weight": 0.1,
  "ops_aware": false,
  "evals": {
    "test": {
      "accuracy": 95.60606060606061,
      "f1_macro": 0.9559577578435513,
      "confusion_matrix": [
        [
          240,
          0,
          0,
          0,
          0,
          0,
          0,
          0,
          0,
          0,
          0
        ],
        [
          0,
          240,
          0,
          0,
          0,
          0,
          0,
          0,
          0,
          0,
          0
        ],
        [
          0,
          0,
          240,
          0,
          0,
          0,
          0,
          0,
          0,
          0,
          0
        ],
        [
          0,
          0,
          0,
          240,
          0,
          0,
          0,
          0,
          0,
          0,
          0
        ],
        [
          8,
          0,
          0,
          0,
          232,
          0,
          0,
          0,
          0,
          0,
          0
        ],
        [
          86,
          0,
          0,
          0,
          0,
          154,
          0,
          0,
          0,
          0,
          0
        ],
        [
          0,
          0,
          0,
          0,
          0,
          0,
          235,
          0,
          0,
          5,
          0
        ],
        [
          0,
          0,
          0,
          0,
          0,
          0,
          0,
          240,
          0,
          0,
          0
        ],
        [
          0,
          0,
          0,
          0,
          0,
          0,
          0,
          0,
          240,
          0,
          0
        ],
        [
          6,
          0,
          0,
          0,
          0,
          0,
          3,
          0,
          0,
          231,
          0
        ],
        [
          4,
          0,
          1,
          0,
          0,
          2,
          0,
          0,
          0,
          1,
          232
        ]
      ],
      "n": 2640
    },
    "test_snr5": {
      "accuracy": 86.5909090909091,
      "f1_macro": 0.8401117065328886,
      "confusion_matrix": [
        [
          235,
          0,
          0,
          0,
          0,
          1,
          0,
          0,
          0,
          4,
          0
        ],
        [
          0,
          240,
          0,
          0,
          0,
          0,
          0,
          0,
          0,
          0,
          0
        ],
        [
          0,
          0,
          240,
          0,
          0,
          0,
          0,
          0,
          0,
          0,
          0
        ],
        [
          0,
          0,
          0,
          240,
          0,
          0,
          0,
          0,
          0,
          0,
          0
        ],
        [
          6,
          0,
          0,
          0,
          7,
          0,
          0,
          0,
          0,
          227,
          0
        ],
        [
          83,
          0,
          0,
          0,
          0,
          153,
          0,
          0,
          0,
          4,
          0
        ],
        [
          0,
          0,
          0,
          0,
          0,
          0,
          233,
          0,
          0,
          7,
          0
        ],
        [
          0,
          0,
          0,
          0,
          0,
          0,
          0,
          240,
          0,
          0,
          0
        ],
        [
          0,
          0,
          0,
          0,
          0,
          0,
          0,
          0,
          240,
          0,
          0
        ],
        [
          9,
          0,
          0,
          0,
          0,
          0,
          2,
          0,
          0,
          229,
          0
        ],
        [
          4,
          0,
          0,
          0,
          0,
          2,
          0,
          0,
          0,
          5,
          229
        ]
      ],
      "n": 2640
    }
  },
  "history": {
    "train_acc": [
      76.03084415584415,
      86.60714285714286,
      87.61363636363636,
      87.87337662337663,
      88.88798701298701,
      92.09415584415585,
      92.5487012987013,
      94.36688311688312,
      94.21266233766234,
      94.33441558441558,
      94.94318181818181,
      95.11363636363636,
      94.8538961038961,
      94.86201298701299,
      94.67532467532467,
      94.98376623376623,
      95.10551948051948,
      95.16233766233766,
      95.42207792207792,
      95.55194805194805,
      95.17857142857143,
      94.02597402597402,
      95.12175324675324,
      95.56818181818181,
      95.52759740259741,
      95.69805194805195,
      95.42207792207792,
      95.35714285714286,
      95.42207792207792
    ],
    "val_acc": [
      71.62878787878788,
      82.8409090909091,
      82.72727272727273,
      88.48484848484848,
      89.20454545454545,
      93.52272727272727,
      94.81060606060606,
      94.43181818181819,
      95.41666666666667,
      94.0909090909091,
      95.45454545454545,
      95.37878787878788,
      94.84848484848484,
      94.92424242424242,
      92.23484848484848,
      95.60606060606061,
      95.37878787878788,
      95.56818181818181,
      95.83333333333333,
      94.62121212121212,
      92.34848484848484,
      95.37878787878788,
      93.21969696969697,
      95.11363636363636,
      95.37878787878788,
      95.53030303030303,
      95.53030303030303,
      95.45454545454545,
      94.77272727272727
    ],
    "physics_loss": [
      0.1807917078860201,
      0.1768917849698624,
      0.17630977111977417,
      0.17642584787560747,
      0.1759879006967916,
      0.17563911955077927,
      0.17532393398222984,
      0.1739513538874589,
      0.1747548737696239,
      0.17506298217680547,
      0.17468885508450596,
      0.17449722711916094,
      0.17455369547590033,
      0.174615930001457,
      0.17530806567761806,
      0.17464392007171334,
      0.17441965399624465,
      0.1747182390906594,
      0.17439375035948568,
      0.17445393839439788,
      0.17423412436014646,
      0.1747532787261071,
      0.17448816748408527,
      0.17440283437827964,
      0.1743222776558492,
      0.17463064286615942,
      0.17452495941868076,
      0.17456045715839832,
      0.17441196786118793
    ]
  },
  "provenance": {
    "budget": {
      "lr": 0.001,
      "batch": 64,
      "max_epochs": 60,
      "patience": 10
    },
    "best_epoch": 19,
    "best_val_acc": 95.83333333333333,
    "data": "dataset_v2.h5",
    "device": "cuda",
    "host": "669840b232a9",
    "git_sha": "e894389b71c529da1ee4f2b21f33c2c2117b37a0",
    "wall_time_s": 395.5,
    "finished_at": "2026-06-13T10:19:43.496550+00:00"
  }
}