{
  "model": "physics_constrained_cnn",
  "seed": 0,
  "experiment": "pinn_ablation",
  "prereg": "\u00a78.4",
  "physics_weight": 0.1,
  "ops_aware": false,
  "evals": {
    "test": {
      "accuracy": 95.71969696969697,
      "f1_macro": 0.9570694775688033,
      "confusion_matrix": [
        [
          240,
          0,
          0,
          0,
          0,
          0,
          0,
          0,
          0,
          0,
          0
        ],
        [
          0,
          240,
          0,
          0,
          0,
          0,
          0,
          0,
          0,
          0,
          0
        ],
        [
          0,
          0,
          240,
          0,
          0,
          0,
          0,
          0,
          0,
          0,
          0
        ],
        [
          0,
          0,
          0,
          240,
          0,
          0,
          0,
          0,
          0,
          0,
          0
        ],
        [
          8,
          0,
          0,
          0,
          232,
          0,
          0,
          0,
          0,
          0,
          0
        ],
        [
          86,
          0,
          0,
          0,
          0,
          154,
          0,
          0,
          0,
          0,
          0
        ],
        [
          0,
          0,
          0,
          0,
          0,
          0,
          234,
          0,
          0,
          6,
          0
        ],
        [
          0,
          0,
          0,
          0,
          0,
          0,
          0,
          240,
          0,
          0,
          0
        ],
        [
          0,
          0,
          0,
          0,
          0,
          0,
          0,
          0,
          240,
          0,
          0
        ],
        [
          9,
          0,
          0,
          0,
          0,
          0,
          3,
          0,
          0,
          228,
          0
        ],
        [
          1,
          0,
          0,
          0,
          0,
          0,
          0,
          0,
          0,
          0,
          239
        ]
      ],
      "n": 2640
    },
    "test_snr5": {
      "accuracy": 87.95454545454545,
      "f1_macro": 0.863052813082773,
      "confusion_matrix": [
        [
          239,
          0,
          0,
          0,
          0,
          0,
          0,
          0,
          0,
          1,
          0
        ],
        [
          0,
          240,
          0,
          0,
          0,
          0,
          0,
          0,
          0,
          0,
          0
        ],
        [
          0,
          0,
          240,
          0,
          0,
          0,
          0,
          0,
          0,
          0,
          0
        ],
        [
          0,
          0,
          0,
          240,
          0,
          0,
          0,
          0,
          0,
          0,
          0
        ],
        [
          7,
          0,
          0,
          0,
          35,
          0,
          0,
          0,
          0,
          198,
          0
        ],
        [
          86,
          0,
          0,
          0,
          0,
          154,
          0,
          0,
          0,
          0,
          0
        ],
        [
          0,
          0,
          0,
          0,
          0,
          0,
          228,
          0,
          0,
          12,
          0
        ],
        [
          0,
          0,
          0,
          0,
          0,
          0,
          0,
          240,
          0,
          0,
          0
        ],
        [
          0,
          0,
          0,
          0,
          0,
          0,
          0,
          0,
          238,
          2,
          0
        ],
        [
          9,
          0,
          0,
          0,
          0,
          0,
          1,
          0,
          0,
          230,
          0
        ],
        [
          2,
          0,
          0,
          0,
          0,
          0,
          0,
          0,
          0,
          0,
          238
        ]
      ],
      "n": 2640
    }
  },
  "history": {
    "train_acc": [
      76.16883116883118,
      86.16071428571429,
      87.40259740259741,
      87.80844155844156,
      88.96103896103897,
      91.5340909090909,
      93.4090909090909,
      94.26948051948052,
      94.2288961038961,
      95.12987012987013,
      94.55357142857143,
      94.8538961038961,
      94.79707792207792,
      94.6590909090909,
      95.03246753246754,
      95.08116883116882,
      95.16233766233766,
      95.30032467532467,
      95.31655844155844,
      95.33279220779221,
      95.21915584415585,
      93.88798701298701,
      95.03246753246754,
      95.09740259740259,
      95.37337662337663,
      95.58441558441558,
      95.71428571428571,
      95.46266233766234
    ],
    "val_acc": [
      75.0,
      86.09848484848484,
      88.06818181818181,
      88.4090909090909,
      88.75,
      87.91666666666667,
      93.71212121212122,
      94.20454545454545,
      92.65151515151516,
      93.4469696969697,
      94.43181818181819,
      95.37878787878788,
      94.73484848484848,
      85.83333333333333,
      94.6969696969697,
      95.22727272727273,
      95.22727272727273,
      95.56818181818181,
      95.49242424242425,
      94.50757575757575,
      95.26515151515152,
      90.3030303030303,
      92.72727272727273,
      91.40151515151516,
      95.37878787878788,
      92.68939393939394,
      95.22727272727273,
      95.3409090909091
    ],
    "physics_loss": [
      0.08358742293792885,
      0.0494142039207282,
      0.045324244630801216,
      0.045862294965750214,
      0.04336270210514595,
      0.04126793695250889,
      0.03959946247761126,
      0.03707367851846404,
      0.03646202323982468,
      0.035795495054358015,
      0.036794511988372,
      0.03523786986706319,
      0.035753627706851275,
      0.036205859700000134,
      0.035284838162652855,
      0.03517010435461998,
      0.03474610002300182,
      0.03488574686472292,
      0.03481934376351245,
      0.03527061968267738,
      0.03485500336467446,
      0.03714462327589462,
      0.03588961863575818,
      0.035473852619141724,
      0.03533390267909347,
      0.03394459073322934,
      0.0339453530872797,
      0.034588309140367944
    ]
  },
  "provenance": {
    "budget": {
      "lr": 0.001,
      "batch": 64,
      "max_epochs": 60,
      "patience": 10
    },
    "best_epoch": 18,
    "best_val_acc": 95.56818181818181,
    "data": "dataset_v2.h5",
    "device": "cuda",
    "host": "cf2845534318",
    "git_sha": "ce344d1fb73f6558939c9eeb51354e6e4363b7fd",
    "wall_time_s": 401.4,
    "finished_at": "2026-06-15T06:55:28.447393+00:00"
  }
}