{
  "model": "physics_constrained_cnn",
  "seed": 1,
  "experiment": "pinn_ablation",
  "prereg": "\u00a78.4",
  "physics_weight": 0.1,
  "ops_aware": false,
  "evals": {
    "test": {
      "accuracy": 96.17424242424242,
      "f1_macro": 0.9613140757516537,
      "confusion_matrix": [
        [
          240,
          0,
          0,
          0,
          0,
          0,
          0,
          0,
          0,
          0,
          0
        ],
        [
          0,
          240,
          0,
          0,
          0,
          0,
          0,
          0,
          0,
          0,
          0
        ],
        [
          0,
          0,
          240,
          0,
          0,
          0,
          0,
          0,
          0,
          0,
          0
        ],
        [
          0,
          0,
          0,
          240,
          0,
          0,
          0,
          0,
          0,
          0,
          0
        ],
        [
          0,
          0,
          0,
          0,
          240,
          0,
          0,
          0,
          0,
          0,
          0
        ],
        [
          85,
          0,
          0,
          0,
          0,
          154,
          0,
          0,
          0,
          1,
          0
        ],
        [
          0,
          0,
          0,
          0,
          0,
          0,
          240,
          0,
          0,
          0,
          0
        ],
        [
          0,
          0,
          0,
          0,
          0,
          0,
          0,
          240,
          0,
          0,
          0
        ],
        [
          0,
          0,
          0,
          0,
          0,
          0,
          0,
          0,
          240,
          0,
          0
        ],
        [
          13,
          0,
          0,
          0,
          0,
          0,
          1,
          0,
          0,
          226,
          0
        ],
        [
          1,
          0,
          0,
          0,
          0,
          0,
          0,
          0,
          0,
          0,
          239
        ]
      ],
      "n": 2640
    },
    "test_snr5": {
      "accuracy": 95.83333333333334,
      "f1_macro": 0.9581144571812814,
      "confusion_matrix": [
        [
          240,
          0,
          0,
          0,
          0,
          0,
          0,
          0,
          0,
          0,
          0
        ],
        [
          0,
          240,
          0,
          0,
          0,
          0,
          0,
          0,
          0,
          0,
          0
        ],
        [
          0,
          0,
          240,
          0,
          0,
          0,
          0,
          0,
          0,
          0,
          0
        ],
        [
          0,
          0,
          0,
          240,
          0,
          0,
          0,
          0,
          0,
          0,
          0
        ],
        [
          0,
          0,
          0,
          0,
          236,
          0,
          0,
          0,
          0,
          4,
          0
        ],
        [
          86,
          0,
          0,
          0,
          0,
          154,
          0,
          0,
          0,
          0,
          0
        ],
        [
          0,
          0,
          0,
          0,
          0,
          0,
          238,
          0,
          0,
          2,
          0
        ],
        [
          0,
          0,
          0,
          0,
          0,
          0,
          0,
          240,
          0,
          0,
          0
        ],
        [
          0,
          0,
          0,
          0,
          0,
          0,
          0,
          0,
          240,
          0,
          0
        ],
        [
          16,
          0,
          0,
          0,
          1,
          0,
          0,
          0,
          0,
          223,
          0
        ],
        [
          1,
          0,
          0,
          0,
          0,
          0,
          0,
          0,
          0,
          0,
          239
        ]
      ],
      "n": 2640
    }
  },
  "history": {
    "train_acc": [
      75.21103896103897,
      88.4090909090909,
      91.58279220779221,
      92.95454545454545,
      93.33603896103897,
      93.62012987012987,
      94.31006493506493,
      94.07467532467533,
      94.41558441558442,
      94.52922077922078,
      94.65097402597402,
      94.81331168831169,
      95.17857142857143,
      95.05681818181819,
      93.79058441558442,
      94.84577922077922,
      95.0,
      95.17045454545455,
      94.78084415584415,
      95.31655844155844,
      95.15422077922078,
      95.43831168831169,
      95.32467532467533,
      95.51136363636364,
      95.78733766233766,
      95.36525974025975,
      95.61688311688312,
      95.99837662337663,
      95.79545454545455,
      96.22564935064935,
      95.86850649350649,
      96.02272727272727,
      95.90097402597402,
      96.35551948051948,
      96.28246753246754,
      96.02272727272727,
      96.4448051948052,
      96.47727272727273,
      96.6801948051948,
      96.37175324675324,
      95.97402597402598,
      96.37175324675324,
      96.76948051948052,
      96.55032467532467,
      96.22564935064935
    ],
    "val_acc": [
      77.65151515151516,
      83.48484848484848,
      83.63636363636364,
      88.4090909090909,
      92.65151515151516,
      85.79545454545455,
      90.68181818181819,
      92.99242424242425,
      95.37878787878788,
      94.16666666666667,
      92.23484848484848,
      94.20454545454545,
      93.63636363636364,
      95.22727272727273,
      93.93939393939394,
      94.88636363636364,
      95.45454545454545,
      95.41666666666667,
      94.43181818181819,
      96.21212121212122,
      96.17424242424242,
      96.17424242424242,
      95.87121212121212,
      96.43939393939394,
      96.51515151515152,
      95.49242424242425,
      96.21212121212122,
      96.40151515151516,
      96.32575757575758,
      96.09848484848484,
      95.60606060606061,
      96.13636363636364,
      96.66666666666667,
      96.70454545454545,
      96.89393939393939,
      96.85606060606061,
      96.62878787878788,
      96.89393939393939,
      96.5909090909091,
      96.89393939393939,
      95.49242424242425,
      96.85606060606061,
      95.26515151515152,
      96.62878787878788,
      93.25757575757575
    ],
    "physics_loss": [
      0.08996276456572405,
      0.04643931009068892,
      0.0419693922261139,
      0.03876283590669756,
      0.038332525137569996,
      0.03738171360757831,
      0.036291781232341544,
      0.03688711022788828,
      0.035640743573184135,
      0.036683226328391536,
      0.03593912625854666,
      0.03570981766157723,
      0.034810301896136306,
      0.03501825425048153,
      0.03704906985066928,
      0.03554093260559943,
      0.03510554585267197,
      0.03468125425762945,
      0.035286725651134145,
      0.03464293342035312,
      0.03403881202851023,
      0.0339297884276935,
      0.034743831925964974,
      0.03396612811204675,
      0.03341344833954588,
      0.03417198940047196,
      0.03405889502012884,
      0.03273607269413285,
      0.03263392123309049,
      0.032410452819683334,
      0.0329925333379538,
      0.0330930794165893,
      0.03284565965318448,
      0.0317781455524556,
      0.032423649737974264,
      0.03183790410493875,
      0.03215986199967273,
      0.03194797399465914,
      0.03174926328484888,
      0.03182895667367167,
      0.032807358833900714,
      0.032549582349209044,
      0.03158611014678881,
      0.031898737098876535,
      0.03327032096937976
    ]
  },
  "provenance": {
    "budget": {
      "lr": 0.001,
      "batch": 64,
      "max_epochs": 60,
      "patience": 10
    },
    "best_epoch": 35,
    "best_val_acc": 96.89393939393939,
    "data": "dataset_v2.h5",
    "device": "cuda",
    "host": "cf2845534318",
    "git_sha": "ce344d1fb73f6558939c9eeb51354e6e4363b7fd",