{
  "model": "physics_constrained_cnn",
  "seed": 0,
  "experiment": "pinn_ablation_scramble",
  "prereg": "\u00a78.7",
  "reference_permutation": [
    0,
    10,
    5,
    9,
    6,
    2,
    8,
    4,
    7,
    1,
    3
  ],
  "physics_weight": 1.0,
  "ops_aware": false,
  "evals": {
    "test": {
      "accuracy": 95.64393939393939,
      "f1_macro": 0.9564355317911588,
      "confusion_matrix": [
        [
          240,
          0,
          0,
          0,
          0,
          0,
          0,
          0,
          0,
          0,
          0
        ],
        [
          0,
          240,
          0,
          0,
          0,
          0,
          0,
          0,
          0,
          0,
          0
        ],
        [
          0,
          0,
          240,
          0,
          0,
          0,
          0,
          0,
          0,
          0,
          0
        ],
        [
          0,
          0,
          0,
          240,
          0,
          0,
          0,
          0,
          0,
          0,
          0
        ],
        [
          8,
          0,
          0,
          0,
          232,
          0,
          0,
          0,
          0,
          0,
          0
        ],
        [
          86,
          0,
          0,
          0,
          0,
          154,
          0,
          0,
          0,
          0,
          0
        ],
        [
          0,
          0,
          0,
          0,
          0,
          0,
          236,
          0,
          0,
          4,
          0
        ],
        [
          0,
          0,
          0,
          0,
          0,
          0,
          0,
          240,
          0,
          0,
          0
        ],
        [
          0,
          0,
          0,
          0,
          0,
          0,
          0,
          0,
          239,
          1,
          0
        ],
        [
          8,
          0,
          0,
          0,
          0,
          0,
          4,
          0,
          0,
          228,
          0
        ],
        [
          4,
          0,
          0,
          0,
          0,
          0,
          0,
          0,
          0,
          0,
          236
        ]
      ],
      "n": 2640
    },
    "test_snr5": {
      "accuracy": 85.98484848484848,
      "f1_macro": 0.842380261599725,
      "confusion_matrix": [
        [
          235,
          0,
          0,
          0,
          0,
          0,
          0,
          0,
          0,
          5,
          0
        ],
        [
          0,
          240,
          0,
          0,
          0,
          0,
          0,
          0,
          0,
          0,
          0
        ],
        [
          0,
          0,
          240,
          0,
          0,
          0,
          0,
          0,
          0,
          0,
          0
        ],
        [
          0,
          0,
          0,
          236,
          0,
          0,
          4,
          0,
          0,
          0,
          0
        ],
        [
          5,
          0,
          0,
          0,
          21,
          0,
          0,
          0,
          0,
          214,
          0
        ],
        [
          80,
          0,
          0,
          0,
          0,
          154,
          0,
          0,
          0,
          6,
          0
        ],
        [
          0,
          0,
          0,
          0,
          0,
          0,
          236,
          0,
          0,
          4,
          0
        ],
        [
          0,
          0,
          0,
          0,
          0,
          0,
          0,
          210,
          0,
          30,
          0
        ],
        [
          0,
          0,
          0,
          0,
          0,
          0,
          0,
          0,
          236,
          4,
          0
        ],
        [
          7,
          0,
          0,
          0,
          0,
          0,
          3,
          0,
          0,
          230,
          0
        ],
        [
          3,
          0,
          0,
          0,
          0,
          1,
          0,
          0,
          0,
          4,
          232
        ]
      ],
      "n": 2640
    }
  },
  "history": {
    "train_acc": [
      76.14448051948052,
      86.25,
      87.5487012987013,
      88.14123376623377,
      89.0909090909091,
      92.11850649350649,
      93.23863636363636,
      94.28571428571429,
      94.3262987012987,
      94.88636363636364,
      94.6590909090909,
      94.31818181818181,
      94.61850649350649,
      94.95941558441558,
      95.21915584415585,
      95.37337662337663,
      95.1461038961039,
      95.17857142857143,
      95.48701298701299,
      95.45454545454545,
      95.39772727272727,
      95.26785714285714,
      95.07305194805195,
      95.31655844155844,
      95.43831168831169,
      95.61688311688312
    ],
    "val_acc": [
      77.31060606060606,
      84.01515151515152,
      82.8409090909091,
      88.67424242424242,
      89.88636363636364,
      94.31818181818181,
      90.87121212121212,
      94.6969696969697,
      95.15151515151516,
      93.37121212121212,
      94.92424242424242,
      94.6590909090909,
      94.6969696969697,
      95.3409090909091,
      94.96212121212122,
      95.68181818181819,
      95.15151515151516,
      95.60606060606061,
      95.07575757575758,
      94.62121212121212,
      94.84848484848484,
      94.01515151515152,
      93.10606060606061,
      94.16666666666667,
      95.37878787878788,
      91.93181818181819
    ],
    "physics_loss": [
      0.46905656789804434,
      0.47823570471305354,
      0.4784793109088749,
      0.47828310759036574,
      0.47959180760693243,
      0.4824860544947835,
      0.4844638938253576,
      0.48620431074848425,
      0.4856850591572848,
      0.4858186840236961,
      0.4849469107466859,
      0.48556770798447846,
      0.4864383273310475,
      0.48587917987402385,
      0.4854303222197991,
      0.4858577790198388,
      0.48661736017697815,
      0.4854841452914399,
      0.4858792719128844,
      0.4859609360818739,
      0.4861259084243279,
      0.48577366448068,
      0.4855353434364517,
      0.4851947423699614,
      0.4863520125290016,
      0.4859895387253204
    ]
  },
  "provenance": {
    "budget": {
      "lr": 0.001,
      "batch": 64,
      "max_epochs": 60,
      "patience": 10
    },
    "best_epoch": 16,
    "best_val_acc": 95.68181818181819,
    "data": "dataset_v2.h5",
    "device": "cuda",
    "host": "242c8a6721cd",
    "git_sha": "4a2063d99387989042031fcd62111d4962d9966d",
    "wall_time_s": 365.8,
    "finished_at": "2026-06-23T01:14:15.900308+00:00"
  }
}