{
  "model": "physics_constrained_cnn",
  "seed": 10,
  "experiment": "pinn_ablation_scramble",
  "prereg": "\u00a78.7",
  "reference_permutation": [
    0,
    10,
    5,
    9,
    6,
    2,
    8,
    4,
    7,
    1,
    3
  ],
  "physics_weight": 1.0,
  "ops_aware": false,
  "evals": {
    "test": {
      "accuracy": 96.32575757575758,
      "f1_macro": 0.9626164419974472,
      "confusion_matrix": [
        [
          239,
          0,
          0,
          0,
          0,
          1,
          0,
          0,
          0,
          0,
          0
        ],
        [
          0,
          240,
          0,
          0,
          0,
          0,
          0,
          0,
          0,
          0,
          0
        ],
        [
          0,
          0,
          240,
          0,
          0,
          0,
          0,
          0,
          0,
          0,
          0
        ],
        [
          0,
          0,
          0,
          240,
          0,
          0,
          0,
          0,
          0,
          0,
          0
        ],
        [
          0,
          0,
          0,
          0,
          240,
          0,
          0,
          0,
          0,
          0,
          0
        ],
        [
          86,
          0,
          0,
          0,
          0,
          154,
          0,
          0,
          0,
          0,
          0
        ],
        [
          0,
          0,
          0,
          0,
          0,
          0,
          239,
          0,
          0,
          1,
          0
        ],
        [
          0,
          0,
          0,
          0,
          0,
          0,
          0,
          240,
          0,
          0,
          0
        ],
        [
          0,
          0,
          0,
          0,
          0,
          0,
          0,
          0,
          240,
          0,
          0
        ],
        [
          8,
          0,
          0,
          0,
          0,
          0,
          0,
          0,
          0,
          232,
          0
        ],
        [
          0,
          0,
          0,
          0,
          0,
          1,
          0,
          0,
          0,
          0,
          239
        ]
      ],
      "n": 2640
    },
    "test_snr5": {
      "accuracy": 95.49242424242425,
      "f1_macro": 0.9544886349208358,
      "confusion_matrix": [
        [
          235,
          0,
          0,
          0,
          0,
          3,
          0,
          0,
          0,
          2,
          0
        ],
        [
          0,
          240,
          0,
          0,
          0,
          0,
          0,
          0,
          0,
          0,
          0
        ],
        [
          0,
          0,
          240,
          0,
          0,
          0,
          0,
          0,
          0,
          0,
          0
        ],
        [
          0,
          0,
          0,
          240,
          0,
          0,
          0,
          0,
          0,
          0,
          0
        ],
        [
          1,
          0,
          0,
          0,
          238,
          0,
          0,
          0,
          0,
          1,
          0
        ],
        [
          84,
          0,
          0,
          0,
          0,
          156,
          0,
          0,
          0,
          0,
          0
        ],
        [
          0,
          0,
          0,
          0,
          0,
          0,
          237,
          0,
          0,
          3,
          0
        ],
        [
          0,
          0,
          0,
          0,
          0,
          0,
          0,
          240,
          0,
          0,
          0
        ],
        [
          0,
          0,
          0,
          0,
          0,
          0,
          1,
          0,
          232,
          7,
          0
        ],
        [
          8,
          0,
          0,
          0,
          7,
          0,
          0,
          0,
          0,
          225,
          0
        ],
        [
          1,
          0,
          0,
          0,
          0,
          1,
          0,
          0,
          0,
          0,
          238
        ]
      ],
      "n": 2640
    }
  },
  "history": {
    "train_acc": [
      71.16883116883118,
      86.45292207792208,
      87.71915584415585,
      88.01948051948052,
      91.62337662337663,
      93.29545454545455,
      94.23701298701299,
      94.20454545454545,
      94.69155844155844,
      93.95292207792208,
      93.40097402597402,
      94.81331168831169,
      94.8538961038961,
      95.17045454545455,
      94.88636363636364,
      95.42207792207792,
      95.39772727272727,
      95.53571428571429,
      95.4788961038961,
      95.36525974025975,
      95.27597402597402,
      95.37337662337663,
      95.53571428571429,
      95.46266233766234,
      95.4788961038961,
      95.64123376623377,
      95.45454545454545,
      95.78733766233766,
      95.68181818181819,
      95.80357142857143,
      94.1801948051948,
      95.86850649350649,
      96.02272727272727,
      95.73863636363636,
      96.16071428571429,
      96.27435064935065,
      95.9659090909091,
      96.32305194805195,
      96.4448051948052,
      96.49350649350649,
      96.09577922077922,
      95.99837662337663,
      96.11201298701299,
      96.56655844155844,
      96.52597402597402,
      96.57467532467533,
      96.16071428571429,
      96.59902597402598,
      96.46915584415585
    ],
    "val_acc": [
      84.0909090909091,
      85.60606060606061,
      88.37121212121212,
      89.39393939393939,
      92.38636363636364,
      95.41666666666667,
      95.11363636363636,
      94.77272727272727,
      90.53030303030303,
      92.99242424242425,
      95.53030303030303,
      94.46969696969697,
      94.92424242424242,
      94.96212121212122,
      94.46969696969697,
      94.84848484848484,
      95.64393939393939,
      95.45454545454545,
      95.15151515151516,
      95.45454545454545,
      95.3409090909091,
      95.3030303030303,
      95.15151515151516,
      96.06060606060606,
      95.26515151515152,
      95.37878787878788,
      94.77272727272727,
      96.06060606060606,
      95.3409090909091,
      95.98484848484848,
      95.53030303030303,
      95.9090909090909,
      96.36363636363636,
      96.02272727272727,
      96.5909090909091,
      96.70454545454545,
      96.09848484848484,
      96.74242424242425,
      96.85606060606061,
      96.40151515151516,
      96.36363636363636,
      94.43181818181819,
      96.81818181818181,
      96.43939393939394,
      96.47727272727273,
      95.45454545454545,
      96.66666666666667,
      96.85606060606061,
      96.43939393939394
    ],