{
  "model": "physics_constrained_cnn",
  "seed": 0,
  "experiment": "pinn_ablation",
  "prereg": "\u00a78.4",
  "physics_weight": 1.0,
  "ops_aware": false,
  "evals": {
    "test": {
      "accuracy": 95.75757575757575,
      "f1_macro": 0.9574472752901358,
      "confusion_matrix": [
        [
          240,
          0,
          0,
          0,
          0,
          0,
          0,
          0,
          0,
          0,
          0
        ],
        [
          0,
          240,
          0,
          0,
          0,
          0,
          0,
          0,
          0,
          0,
          0
        ],
        [
          0,
          0,
          240,
          0,
          0,
          0,
          0,
          0,
          0,
          0,
          0
        ],
        [
          0,
          0,
          0,
          240,
          0,
          0,
          0,
          0,
          0,
          0,
          0
        ],
        [
          8,
          0,
          0,
          0,
          232,
          0,
          0,
          0,
          0,
          0,
          0
        ],
        [
          85,
          0,
          0,
          0,
          1,
          154,
          0,
          0,
          0,
          0,
          0
        ],
        [
          0,
          0,
          0,
          0,
          0,
          0,
          236,
          0,
          0,
          4,
          0
        ],
        [
          0,
          0,
          0,
          0,
          0,
          0,
          0,
          240,
          0,
          0,
          0
        ],
        [
          0,
          0,
          0,
          0,
          0,
          0,
          0,
          0,
          240,
          0,
          0
        ],
        [
          9,
          0,
          0,
          0,
          0,
          0,
          3,
          0,
          0,
          228,
          0
        ],
        [
          2,
          0,
          0,
          0,
          0,
          0,
          0,
          0,
          0,
          0,
          238
        ]
      ],
      "n": 2640
    },
    "test_snr5": {
      "accuracy": 82.04545454545455,
      "f1_macro": 0.7909263551567669,
      "confusion_matrix": [
        [
          238,
          0,
          0,
          0,
          0,
          0,
          0,
          0,
          0,
          2,
          0
        ],
        [
          0,
          240,
          0,
          0,
          0,
          0,
          0,
          0,
          0,
          0,
          0
        ],
        [
          0,
          0,
          240,
          0,
          0,
          0,
          0,
          0,
          0,
          0,
          0
        ],
        [
          0,
          0,
          0,
          240,
          0,
          0,
          0,
          0,
          0,
          0,
          0
        ],
        [
          3,
          0,
          0,
          0,
          7,
          0,
          15,
          0,
          0,
          215,
          0
        ],
        [
          82,
          0,
          0,
          0,
          0,
          154,
          0,
          0,
          0,
          4,
          0
        ],
        [
          0,
          0,
          0,
          0,
          0,
          0,
          233,
          0,
          0,
          7,
          0
        ],
        [
          0,
          0,
          0,
          0,
          0,
          0,
          125,
          115,
          0,
          0,
          0
        ],
        [
          0,
          0,
          0,
          0,
          0,
          0,
          0,
          0,
          238,
          2,
          0
        ],
        [
          10,
          0,
          0,
          0,
          0,
          0,
          5,
          0,
          0,
          225,
          0
        ],
        [
          4,
          0,
          0,
          0,
          0,
          0,
          0,
          0,
          0,
          0,
          236
        ]
      ],
      "n": 2640
    }
  },
  "history": {
    "train_acc": [
      75.51948051948052,
      86.59902597402598,
      87.24025974025975,
      87.9301948051948,
      88.35227272727273,
      88.35227272727273,
      89.0340909090909,
      92.47564935064935,
      93.54707792207792,
      92.42694805194805,
      94.375,
      94.50487012987013,
      94.82142857142857,
      94.11525974025975,
      94.48051948051948,
      94.6590909090909,
      95.2840909090909,
      95.03246753246754,
      95.03246753246754,
      94.44805194805195,
      94.36688311688312,
      95.16233766233766
    ],
    "val_acc": [
      82.31060606060606,
      83.59848484848484,
      81.25,
      88.67424242424242,
      88.75,
      89.39393939393939,
      89.43181818181819,
      93.75,
      95.15151515151516,
      94.31818181818181,
      94.50757575757575,
      95.9469696969697,
      92.87878787878788,
      94.84848484848484,
      95.07575757575758,
      95.3030303030303,
      93.78787878787878,
      95.37878787878788,
      95.15151515151516,
      95.0,
      95.68181818181819,
      95.26515151515152
    ],
    "physics_loss": [
      0.17208381162399983,
      0.17074983843735286,
      0.17048404147098592,
      0.17023591225023393,
      0.17049908026472316,
      0.17102682424056065,
      0.1707688941971048,
      0.1705047191350491,
      0.17079186602072283,
      0.17066931836790852,
      0.1707216506267523,
      0.1710677861006229,
      0.1713957479247799,
      0.17063511575197243,
      0.171273081178789,
      0.17117199177865858,
      0.17132085490149337,
      0.17194088376187658,
      0.1713355970460099,
      0.17067256898849043,
      0.1712284418669614,
      0.17147888587666796
    ]
  },
  "provenance": {
    "budget": {
      "lr": 0.001,
      "batch": 64,
      "max_epochs": 60,
      "patience": 10
    },
    "best_epoch": 12,
    "best_val_acc": 95.9469696969697,
    "data": "dataset_v2.h5",
    "device": "cuda",
    "host": "35edd6e6b02c",
    "git_sha": "e894389b71c529da1ee4f2b21f33c2c2117b37a0",
    "wall_time_s": 145.0,
    "finished_at": "2026-06-13T21:51:53.346559+00:00"
  }
}