{
  "model": "physics_constrained_cnn",
  "seed": 1,
  "experiment": "severity_ood",
  "prereg": "\u00a78.3",
  "direction": "B_train_high_test_incipient",
  "physics_weight": 0.3,
  "ops_aware": false,
  "evals": {
    "ood_test": {
      "accuracy": 75.75757575757575,
      "f1_macro": 0.773893400695629,
      "confusion_matrix": [
        [
          60,
          0,
          0,
          0,
          0,
          0,
          0,
          0,
          0,
          0,
          0
        ],
        [
          0,
          52,
          0,
          0,
          0,
          0,
          0,
          0,
          8,
          0,
          0
        ],
        [
          0,
          0,
          51,
          0,
          0,
          0,
          0,
          0,
          0,
          0,
          9
        ],
        [
          0,
          0,
          0,
          60,
          0,
          0,
          0,
          0,
          0,
          0,
          0
        ],
        [
          10,
          0,
          0,
          0,
          50,
          0,
          0,
          0,
          0,
          0,
          0
        ],
        [
          36,
          0,
          0,
          0,
          0,
          24,
          0,
          0,
          0,
          0,
          0
        ],
        [
          0,
          0,
          0,
          0,
          0,
          0,
          42,
          0,
          0,
          18,
          0
        ],
        [
          0,
          0,
          0,
          0,
          0,
          0,
          0,
          60,
          0,
          0,
          0
        ],
        [
          0,
          0,
          0,
          0,
          0,
          0,
          0,
          0,
          40,
          20,
          0
        ],
        [
          36,
          0,
          0,
          0,
          0,
          0,
          0,
          0,
          0,
          24,
          0
        ],
        [
          22,
          0,
          0,
          0,
          0,
          1,
          0,
          0,
          0,
          0,
          37
        ]
      ],
      "n": 660
    },
    "full_test": {
      "accuracy": 91.62878787878788,
      "f1_macro": 0.919143408554156,
      "confusion_matrix": [
        [
          240,
          0,
          0,
          0,
          0,
          0,
          0,
          0,
          0,
          0,
          0
        ],
        [
          0,
          232,
          0,
          0,
          0,
          0,
          0,
          0,
          8,
          0,
          0
        ],
        [
          0,
          0,
          231,
          0,
          0,
          0,
          0,
          0,
          0,
          0,
          9
        ],
        [
          0,
          0,
          0,
          240,
          0,
          0,
          0,
          0,
          0,
          0,
          0
        ],
        [
          10,
          0,
          0,
          0,
          230,
          0,
          0,
          0,
          0,
          0,
          0
        ],
        [
          91,
          0,
          0,
          0,
          0,
          149,
          0,
          0,
          0,
          0,
          0
        ],
        [
          0,
          0,
          0,
          0,
          0,
          0,
          221,
          0,
          0,
          19,
          0
        ],
        [
          0,
          0,
          0,
          0,
          0,
          0,
          0,
          240,
          0,
          0,
          0
        ],
        [
          0,
          0,
          0,
          0,
          0,
          0,
          0,
          0,
          220,
          20,
          0
        ],
        [
          36,
          0,
          0,
          0,
          0,
          0,
          5,
          0,
          0,
          199,
          0
        ],
        [
          22,
          0,
          0,
          0,
          0,
          1,
          0,
          0,
          0,
          0,
          217
        ]
      ],
      "n": 2640
    }
  },
  "history": {
    "train_acc": [
      78.8961038961039,
      89.58874458874459,
      90.36796536796537,
      90.74675324675324,
      89.8051948051948,
      91.27705627705627,
      94.72943722943722,
      96.30952380952381,
      96.64502164502164,
      96.25541125541126,
      94.91341991341992,
      95.77922077922078,
      96.86147186147186,
      96.95887445887446,
      95.85497835497836,
      96.77489177489177,
      96.52597402597402,
      96.991341991342,
      97.0995670995671,
      96.7965367965368,
      97.01298701298701,
      97.05627705627705,
      96.96969696969697,
      96.64502164502164,
      96.4069264069264,
      96.83982683982684,
      96.63419913419914,
      97.05627705627705,
      96.76406926406926,
      97.04545454545455,
      96.66666666666667,
      96.96969696969697,
      96.78571428571429,
      96.94805194805195,
      96.6017316017316,
      96.95887445887446
    ],
    "val_acc": [
      89.79797979797979,
      90.0,
      87.42424242424242,
      86.81818181818181,
      89.8989898989899,
      94.1919191919192,
      96.16161616161617,
      96.76767676767676,
      94.94949494949495,
      75.4040404040404,
      93.33333333333333,
      97.02020202020202,
      96.71717171717172,
      97.07070707070707,
      97.07070707070707,
      97.17171717171718,
      97.17171717171718,
      97.12121212121212,
      96.36363636363636,
      96.31313131313131,
      96.91919191919192,
      92.82828282828282,
      96.91919191919192,
      96.81818181818181,
      96.76767676767676,
      97.22222222222223,
      97.22222222222223,
      96.96969696969697,
      96.56565656565657,
      97.07070707070707,
      96.31313131313131,
      96.76767676767676,
      96.86868686868686,
      96.81818181818181,
      96.76767676767676,
      97.12121212121212
    ],
    "physics_loss": [
      0.2854105965786682,
      0.26630547049241665,
      0.2641505951231176,
      0.2645819215031413,
      0.26580040911575414,
      0.26256950430539777,
      0.26864115616459866,
      0.2703061578722743,
      0.2724140257804425,
      0.27081525278039825,
      0.26929224355396253,
      0.26891215678417324,
      0.27098848817152377,
      0.27134228513870406,
      0.26845239720819314,
      0.26982225450602443,
      0.270387276684567,
      0.27221096649572446,
      0.27252726454239384,
      0.2719232181449989,
      0.27267174509180575,
      0.27264290325569385,
      0.2716811551676168,
      0.2721665774847006,
      0.26854601427590175,
      0.27280264415524225,
      0.27092938072237616,
      0.2727542481123111,
      0.27119028846938886,
      0.27247737109403075,
      0.2719524889281302,
      0.2710226845689666,
      0.27135144175389114,
      0.27122280633810797,
      0.27043644231119196,
      0.272392427327829
    ]
  },
  "provenance": {
    "budget": {
      "lr": 0.001,
      "batch": 64,
      "max_epochs": 60,
      "patience": 10
    },
    "best_epoch": 26,
    "best_val_acc": 97.22222222222223,
    "data": "dataset_v2.h5",
    "device": "cuda",
    "host": "f8779baa1ecc",
    "git_sha": "6ff39c9325edf83d4d295e5c5767f71691b4a125",
    "wall_time_s": 511.0,
    "finished_at": "2026-06-13T00:34:39.858325+00:00"
  }
}