{
  "model": "resnet18",
  "seed": 2,
  "experiment": "severity_ood",
  "prereg": "\u00a78.3",
  "direction": "B_train_high_test_incipient",
  "physics_weight": 0.0,
  "ops_aware": false,
  "evals": {
    "ood_test": {
      "accuracy": 73.7878787878788,
      "f1_macro": 0.7530477401295869,
      "confusion_matrix": [
        [
          60,
          0,
          0,
          0,
          0,
          0,
          0,
          0,
          0,
          0,
          0
        ],
        [
          0,
          46,
          0,
          0,
          0,
          0,
          0,
          0,
          14,
          0,
          0
        ],
        [
          0,
          0,
          50,
          0,
          0,
          0,
          0,
          0,
          0,
          0,
          10
        ],
        [
          0,
          0,
          0,
          60,
          0,
          0,
          0,
          0,
          0,
          0,
          0
        ],
        [
          10,
          0,
          0,
          0,
          50,
          0,
          0,
          0,
          0,
          0,
          0
        ],
        [
          36,
          0,
          0,
          0,
          0,
          24,
          0,
          0,
          0,
          0,
          0
        ],
        [
          0,
          0,
          0,
          0,
          0,
          0,
          41,
          0,
          0,
          19,
          0
        ],
        [
          0,
          0,
          0,
          0,
          0,
          0,
          0,
          60,
          0,
          0,
          0
        ],
        [
          13,
          0,
          0,
          0,
          0,
          0,
          0,
          0,
          47,
          0,
          0
        ],
        [
          42,
          0,
          0,
          0,
          1,
          0,
          0,
          0,
          0,
          17,
          0
        ],
        [
          24,
          0,
          0,
          0,
          0,
          4,
          0,
          0,
          0,
          0,
          32
        ]
      ],
      "n": 660
    },
    "full_test": {
      "accuracy": 91.17424242424242,
      "f1_macro": 0.9157816576670758,
      "confusion_matrix": [
        [
          240,
          0,
          0,
          0,
          0,
          0,
          0,
          0,
          0,
          0,
          0
        ],
        [
          0,
          226,
          0,
          0,
          0,
          0,
          0,
          0,
          14,
          0,
          0
        ],
        [
          0,
          0,
          230,
          0,
          0,
          0,
          0,
          0,
          0,
          0,
          10
        ],
        [
          0,
          0,
          0,
          240,
          0,
          0,
          0,
          0,
          0,
          0,
          0
        ],
        [
          10,
          0,
          0,
          0,
          230,
          0,
          0,
          0,
          0,
          0,
          0
        ],
        [
          92,
          0,
          0,
          0,
          0,
          148,
          0,
          0,
          0,
          0,
          0
        ],
        [
          0,
          0,
          0,
          0,
          0,
          0,
          219,
          0,
          0,
          21,
          0
        ],
        [
          0,
          0,
          0,
          0,
          0,
          0,
          0,
          240,
          0,
          0,
          0
        ],
        [
          13,
          0,
          0,
          0,
          0,
          0,
          0,
          0,
          227,
          0,
          0
        ],
        [
          42,
          0,
          0,
          0,
          3,
          0,
          0,
          0,
          0,
          195,
          0
        ],
        [
          24,
          0,
          0,
          0,
          0,
          4,
          0,
          0,
          0,
          0,
          212
        ]
      ],
      "n": 2640
    }
  },
  "history": {
    "train_acc": [
      78.78787878787878,
      92.9004329004329,
      94.96753246753246,
      96.1038961038961,
      96.61255411255411,
      96.04978354978356,
      96.1038961038961,
      96.47186147186147,
      96.58008658008659,
      96.82900432900433,
      95.02164502164503,
      96.65584415584415,
      96.12554112554112,
      96.38528138528139,
      96.88311688311688,
      96.89393939393939,
      97.04545454545455,
      97.0995670995671,
      95.96320346320347
    ],
    "val_acc": [
      94.54545454545455,
      94.44444444444444,
      96.56565656565657,
      96.86868686868686,
      96.96969696969697,
      92.62626262626263,
      96.81818181818181,
      96.91919191919192,
      97.12121212121212,
      96.91919191919192,
      96.16161616161617,
      96.96969696969697,
      96.91919191919192,
      96.86868686868686,
      96.81818181818181,
      96.96969696969697,
      97.02020202020202,
      96.91919191919192,
      96.71717171717172
    ],
    "physics_loss": [
      0.0,
      0.0,
      0.0,
      0.0,
      0.0,
      0.0,
      0.0,
      0.0,
      0.0,
      0.0,
      0.0,
      0.0,
      0.0,
      0.0,
      0.0,
      0.0,
      0.0,
      0.0,
      0.0
    ]
  },
  "provenance": {
    "budget": {
      "lr": 0.001,
      "batch": 64,
      "max_epochs": 60,
      "patience": 10
    },
    "best_epoch": 9,
    "best_val_acc": 97.12121212121212,
    "data": "dataset_v2.h5",
    "device": "cuda",
    "host": "f8779baa1ecc",
    "git_sha": "6ff39c9325edf83d4d295e5c5767f71691b4a125",
    "wall_time_s": 193.4,
    "finished_at": "2026-06-13T01:14:37.322134+00:00"
  }
}