{
  "model": "physics_constrained_cnn",
  "seed": 6,
  "experiment": "pinn_ablation",
  "prereg": "\u00a78.4",
  "physics_weight": 1.0,
  "ops_aware": false,
  "evals": {
    "test": {
      "accuracy": 96.13636363636363,
      "f1_macro": 0.9609661052588059,
      "confusion_matrix": [
        [
          236,
          0,
          0,
          0,
          0,
          4,
          0,
          0,
          0,
          0,
          0
        ],
        [
          0,
          240,
          0,
          0,
          0,
          0,
          0,
          0,
          0,
          0,
          0
        ],
        [
          0,
          0,
          240,
          0,
          0,
          0,
          0,
          0,
          0,
          0,
          0
        ],
        [
          0,
          0,
          0,
          240,
          0,
          0,
          0,
          0,
          0,
          0,
          0
        ],
        [
          0,
          0,
          0,
          0,
          240,
          0,
          0,
          0,
          0,
          0,
          0
        ],
        [
          86,
          0,
          0,
          0,
          0,
          154,
          0,
          0,
          0,
          0,
          0
        ],
        [
          0,
          0,
          0,
          0,
          0,
          0,
          240,
          0,
          0,
          0,
          0
        ],
        [
          0,
          0,
          0,
          0,
          0,
          0,
          0,
          240,
          0,
          0,
          0
        ],
        [
          0,
          0,
          0,
          0,
          0,
          0,
          0,
          0,
          240,
          0,
          0
        ],
        [
          11,
          0,
          0,
          0,
          0,
          0,
          0,
          0,
          0,
          229,
          0
        ],
        [
          1,
          0,
          0,
          0,
          0,
          0,
          0,
          0,
          0,
          0,
          239
        ]
      ],
      "n": 2640
    },
    "test_snr5": {
      "accuracy": 95.07575757575758,
      "f1_macro": 0.9505204022536394,
      "confusion_matrix": [
        [
          232,
          0,
          0,
          0,
          0,
          7,
          0,
          0,
          0,
          1,
          0
        ],
        [
          0,
          240,
          0,
          0,
          0,
          0,
          0,
          0,
          0,
          0,
          0
        ],
        [
          0,
          0,
          228,
          0,
          0,
          0,
          12,
          0,
          0,
          0,
          0
        ],
        [
          0,
          0,
          0,
          240,
          0,
          0,
          0,
          0,
          0,
          0,
          0
        ],
        [
          0,
          0,
          0,
          0,
          240,
          0,
          0,
          0,
          0,
          0,
          0
        ],
        [
          86,
          0,
          0,
          0,
          0,
          154,
          0,
          0,
          0,
          0,
          0
        ],
        [
          0,
          0,
          0,
          0,
          0,
          0,
          240,
          0,
          0,
          0,
          0
        ],
        [
          0,
          0,
          0,
          0,
          0,
          0,
          0,
          240,
          0,
          0,
          0
        ],
        [
          0,
          0,
          0,
          0,
          0,
          0,
          0,
          0,
          240,
          0,
          0
        ],
        [
          14,
          0,
          0,
          0,
          8,
          0,
          0,
          0,
          0,
          218,
          0
        ],
        [
          2,
          0,
          0,
          0,
          0,
          0,
          0,
          0,
          0,
          0,
          238
        ]
      ],
      "n": 2640
    }
  },
  "history": {
    "train_acc": [
      76.37175324675324,
      87.93831168831169,
      91.52597402597402,
      93.34415584415585,
      93.87175324675324,
      92.75162337662337,
      93.7012987012987,
      94.74025974025975,
      94.83766233766234,
      94.19642857142857,
      94.21266233766234,
      94.51298701298701,
      95.25974025974025,
      95.1461038961039,
      95.21915584415585,
      95.18668831168831,
      95.13798701298701,
      95.3896103896104,
      95.02435064935065,
      95.37337662337663,
      95.30032467532467,
      95.66558441558442,
      95.66558441558442,
      95.7711038961039,
      95.72240259740259,
      95.69805194805195,
      95.75487012987013,
      95.73863636363636,
      96.07954545454545,
      94.99188311688312,
      95.63311688311688,
      95.85227272727273,
      96.21753246753246,
      96.11201298701299,
      95.41396103896103,
      95.8603896103896,
      95.92532467532467,
      96.41233766233766,
      96.30681818181819,
      96.40422077922078,
      96.42857142857143,
      96.49350649350649,
      96.50162337662337,
      95.55194805194805,
      96.41233766233766,
      96.58279220779221,
      96.51785714285714,
      96.43668831168831,
      96.72077922077922,
      96.5909090909091,
      96.50974025974025,
      96.0146103896104,
      96.68831168831169,
      96.85876623376623,
      96.8262987012987,
      96.4448051948052,
      96.78571428571429,
      97.05357142857143,
      97.22402597402598,
      97.00487012987013
    ],
    "val_acc": [
      75.26515151515152,
      81.85606060606061,
      90.56818181818181,
      93.90151515151516,
      93.90151515151516,
      93.90151515151516,
      93.93939393939394,
      95.26515151515152,
      92.1590909090909,
      94.0909090909091,
      94.58333333333333,
      95.37878787878788,
      95.03787878787878,
      94.92424242424242,
      95.60606060606061,
      94.73484848484848,
      95.0,
      95.64393939393939,
      95.53030303030303,
      94.39393939393939,
      95.71969696969697,
      95.60606060606061,
      96.36363636363636,
      95.68181818181819,
      96.28787878787878,
      96.06060606060606,
      96.5909090909091,
      96.17424242424242,
      96.47727272727273,
      96.40151515151516,
      96.70454545454545,
      96.62878787878788,
      96.32575757575758,
      96.5909090909091,
      96.43939393939394,
      96.5909090909091,
      96.47727272727273,
      96.78030303030303,
      96.51515151515152,
      96.5530303030303,
      96.66666666666667,
      96.81818181818181,
      90.49242424242425,
      96.47727272727273,
      96.85606060606061,
      96.74242424242425,
      96.81818181818181,
      96.85606060606061,
      96.70454545454545,
      96.5909090909091,
      96.85606060606061,
      96.06060606060606,
      96.85606060606061,
      96.96969696969697,
      96.81818181818181,
      96.17424242424242,
      96.47727272727273,
      96.66666666666667,
      95.87121212121212,
      96.28787878787878
    ],