{
  "model": "physics_constrained_cnn",
  "seed": 4,
  "experiment": "pinn_ablation",
  "prereg": "\u00a78.4",
  "physics_weight": 0.0,
  "ops_aware": false,
  "evals": {
    "test": {
      "accuracy": 96.43939393939394,
      "f1_macro": 0.9634811256634417,
      "confusion_matrix": [
        [
          239,
          0,
          0,
          0,
          0,
          0,
          0,
          0,
          0,
          1,
          0
        ],
        [
          0,
          240,
          0,
          0,
          0,
          0,
          0,
          0,
          0,
          0,
          0
        ],
        [
          0,
          0,
          240,
          0,
          0,
          0,
          0,
          0,
          0,
          0,
          0
        ],
        [
          0,
          0,
          0,
          240,
          0,
          0,
          0,
          0,
          0,
          0,
          0
        ],
        [
          0,
          0,
          0,
          0,
          239,
          0,
          0,
          0,
          0,
          1,
          0
        ],
        [
          85,
          0,
          0,
          0,
          0,
          154,
          0,
          0,
          0,
          1,
          0
        ],
        [
          0,
          0,
          0,
          0,
          0,
          0,
          238,
          0,
          0,
          2,
          0
        ],
        [
          0,
          0,
          0,
          0,
          0,
          0,
          0,
          240,
          0,
          0,
          0
        ],
        [
          0,
          0,
          0,
          0,
          0,
          0,
          0,
          0,
          240,
          0,
          0
        ],
        [
          4,
          0,
          0,
          0,
          0,
          0,
          0,
          0,
          0,
          236,
          0
        ],
        [
          0,
          0,
          0,
          0,
          0,
          0,
          0,
          0,
          0,
          0,
          240
        ]
      ],
      "n": 2640
    },
    "test_snr5": {
      "accuracy": 93.97727272727273,
      "f1_macro": 0.9392155328420774,
      "confusion_matrix": [
        [
          238,
          0,
          0,
          0,
          0,
          0,
          0,
          0,
          0,
          2,
          0
        ],
        [
          0,
          240,
          0,
          0,
          0,
          0,
          0,
          0,
          0,
          0,
          0
        ],
        [
          0,
          0,
          240,
          0,
          0,
          0,
          0,
          0,
          0,
          0,
          0
        ],
        [
          0,
          0,
          0,
          240,
          0,
          0,
          0,
          0,
          0,
          0,
          0
        ],
        [
          1,
          0,
          0,
          0,
          186,
          0,
          0,
          0,
          0,
          53,
          0
        ],
        [
          87,
          0,
          0,
          0,
          0,
          152,
          0,
          0,
          0,
          1,
          0
        ],
        [
          0,
          0,
          0,
          0,
          0,
          0,
          237,
          0,
          0,
          3,
          0
        ],
        [
          0,
          0,
          0,
          0,
          0,
          0,
          0,
          240,
          0,
          0,
          0
        ],
        [
          0,
          0,
          0,
          0,
          0,
          0,
          0,
          0,
          240,
          0,
          0
        ],
        [
          10,
          0,
          0,
          0,
          0,
          0,
          0,
          0,
          0,
          230,
          0
        ],
        [
          2,
          0,
          0,
          0,
          0,
          0,
          0,
          0,
          0,
          0,
          238
        ]
      ],
      "n": 2640
    }
  },
  "history": {
    "train_acc": [
      73.37662337662337,
      85.4301948051948,
      87.65422077922078,
      90.22727272727273,
      92.77597402597402,
      93.30357142857143,
      93.97727272727273,
      93.66071428571429,
      94.05844155844156,
      94.15584415584415,
      94.8538961038961,
      94.65097402597402,
      94.73214285714286,
      94.69155844155844,
      94.74025974025975,
      95.12175324675324,
      95.09740259740259,
      95.35714285714286,
      95.29220779220779,
      95.37337662337663,
      95.33279220779221,
      95.49512987012987,
      95.43831168831169,
      95.69805194805195,
      93.47402597402598,
      95.08928571428571,
      95.59253246753246,
      95.35714285714286,
      95.60064935064935,
      95.60064935064935,
      95.69805194805195,
      95.83603896103897,
      96.23376623376623,
      95.95779220779221,
      96.03084415584415,
      96.42857142857143,
      96.12012987012987,
      96.41233766233766,
      96.25811688311688,
      96.34740259740259,
      95.64123376623377,
      96.13636363636364,
      96.52597402597402
    ],
    "val_acc": [
      84.88636363636364,
      86.5909090909091,
      87.53787878787878,
      94.0530303030303,
      91.51515151515152,
      91.70454545454545,
      94.88636363636364,
      94.84848484848484,
      93.48484848484848,
      95.26515151515152,
      95.3409090909091,
      95.18939393939394,
      95.18939393939394,
      95.15151515151516,
      95.37878787878788,
      95.45454545454545,
      95.75757575757575,
      95.9469696969697,
      95.98484848484848,
      96.13636363636364,
      95.83333333333333,
      95.87121212121212,
      96.36363636363636,
      96.21212121212122,
      94.0909090909091,
      96.17424242424242,
      96.32575757575758,
      96.5909090909091,
      96.5909090909091,
      95.71969696969697,
      96.36363636363636,
      96.74242424242425,
      96.89393939393939,
      96.51515151515152,
      96.85606060606061,
      96.85606060606061,
      96.28787878787878,
      96.47727272727273,
      96.81818181818181,
      96.85606060606061,
      96.5530303030303,
      96.66666666666667,
      96.36363636363636
    ],
    "physics_loss": [
      0.0,
      0.0,
      0.0,
      0.0,
      0.0,
      0.0,
      0.0,
      0.0,
      0.0,
      0.0,
      0.0,
      0.0,
      0.0,
      0.0,
      0.0,
      0.0,
      0.0,
      0.0,
      0.0,
      0.0,
      0.0,
      0.0,
      0.0,
      0.0,
      0.0,
      0.0,
      0.0,
      0.0,
      0.0,
      0.0,
      0.0,
      0.0,
      0.0,
      0.0,
      0.0,
      0.0,
      0.0,
      0.0,
      0.0,
      0.0,
      0.0,
      0.0,
      0.0
    ]
  },
  "provenance": {
    "budget": {
      "lr": 0.001,
      "batch": 64,
      "max_epochs": 60,
      "patience": 10
    },
    "best_epoch": 33,
    "best_val_acc": 96.89393939393939,
    "data": "dataset_v2.h5",
    "device": "cuda",
    "host": "242c8a6721cd",
    "git_sha": "4a2063d99387989042031fcd62111d4962d9966d",
    "wall_time_s": 562.2,
    "finished_at": "2026-06-22T22:03:05.022374+00:00"
  }
}