{
  "model": "physics_constrained_cnn",
  "seed": 11,
  "experiment": "pinn_ablation_random",
  "prereg": "\u00a78.8",
  "physics_weight": 1.0,
  "ops_aware": false,
  "evals": {
    "test": {
      "accuracy": 96.32575757575758,
      "f1_macro": 0.9625456328177115,
      "confusion_matrix": [
        [
          240,
          0,
          0,
          0,
          0,
          0,
          0,
          0,
          0,
          0,
          0
        ],
        [
          0,
          240,
          0,
          0,
          0,
          0,
          0,
          0,
          0,
          0,
          0
        ],
        [
          0,
          0,
          240,
          0,
          0,
          0,
          0,
          0,
          0,
          0,
          0
        ],
        [
          0,
          0,
          0,
          240,
          0,
          0,
          0,
          0,
          0,
          0,
          0
        ],
        [
          0,
          0,
          0,
          0,
          238,
          0,
          0,
          0,
          0,
          2,
          0
        ],
        [
          85,
          0,
          0,
          0,
          0,
          154,
          0,
          0,
          0,
          1,
          0
        ],
        [
          0,
          0,
          0,
          0,
          0,
          0,
          239,
          0,
          0,
          1,
          0
        ],
        [
          0,
          0,
          0,
          0,
          0,
          0,
          0,
          240,
          0,
          0,
          0
        ],
        [
          0,
          0,
          0,
          0,
          0,
          0,
          0,
          0,
          240,
          0,
          0
        ],
        [
          7,
          0,
          0,
          0,
          0,
          0,
          0,
          0,
          0,
          233,
          0
        ],
        [
          1,
          0,
          0,
          0,
          0,
          0,
          0,
          0,
          0,
          0,
          239
        ]
      ],
      "n": 2640
    },
    "test_snr5": {
      "accuracy": 95.53030303030303,
      "f1_macro": 0.9549732848728244,
      "confusion_matrix": [
        [
          239,
          0,
          0,
          0,
          0,
          0,
          0,
          0,
          0,
          1,
          0
        ],
        [
          0,
          240,
          0,
          0,
          0,
          0,
          0,
          0,
          0,
          0,
          0
        ],
        [
          0,
          0,
          240,
          0,
          0,
          0,
          0,
          0,
          0,
          0,
          0
        ],
        [
          0,
          0,
          0,
          240,
          0,
          0,
          0,
          0,
          0,
          0,
          0
        ],
        [
          1,
          0,
          0,
          0,
          223,
          1,
          0,
          0,
          0,
          15,
          0
        ],
        [
          86,
          0,
          0,
          0,
          0,
          154,
          0,
          0,
          0,
          0,
          0
        ],
        [
          0,
          0,
          0,
          0,
          0,
          0,
          239,
          0,
          0,
          1,
          0
        ],
        [
          0,
          0,
          0,
          0,
          0,
          0,
          0,
          240,
          0,
          0,
          0
        ],
        [
          0,
          0,
          0,
          0,
          0,
          0,
          0,
          0,
          240,
          0,
          0
        ],
        [
          11,
          0,
          0,
          0,
          0,
          0,
          0,
          0,
          0,
          229,
          0
        ],
        [
          2,
          0,
          0,
          0,
          0,
          0,
          0,
          0,
          0,
          0,
          238
        ]
      ],
      "n": 2640
    }
  },
  "history": {
    "train_acc": [
      75.83603896103897,
      91.24188311688312,
      91.95616883116882,
      92.77597402597402,
      93.97727272727273,
      94.33441558441558,
      94.65097402597402,
      93.6038961038961,
      94.19642857142857,
      94.16396103896103,
      94.82954545454545,
      95.18668831168831,
      95.3409090909091,
      95.00811688311688,
      95.37337662337663,
      95.26785714285714,
      95.32467532467533,
      94.91883116883118,
      95.40584415584415,
      95.60876623376623,
      95.18668831168831,
      94.89448051948052,
      95.38149350649351,
      95.78733766233766,
      95.76298701298701,
      95.55194805194805,
      95.92532467532467,
      95.81168831168831,
      95.78733766233766,
      96.13636363636364,
      95.99837662337663,
      96.4448051948052,
      96.50162337662337,
      96.23376623376623,
      96.17694805194805,
      96.20941558441558,
      96.36363636363636,
      96.63149350649351,
      96.32305194805195,
      95.1461038961039,
      95.8603896103896,
      96.33116883116882,
      96.60714285714286
    ],
    "val_acc": [
      83.78787878787878,
      88.14393939393939,
      94.50757575757575,
      94.28030303030303,
      93.25757575757575,
      94.39393939393939,
      91.25,
      90.87121212121212,
      95.11363636363636,
      93.56060606060606,
      95.22727272727273,
      95.18939393939394,
      94.0909090909091,
      95.22727272727273,
      95.49242424242425,
      95.07575757575758,
      95.64393939393939,
      93.93939393939394,
      94.62121212121212,
      95.3409090909091,
      95.41666666666667,
      95.56818181818181,
      95.3030303030303,
      95.56818181818181,
      96.13636363636364,
      96.62878787878788,
      96.5909090909091,
      95.75757575757575,
      96.51515151515152,
      95.49242424242425,
      94.12878787878788,
      96.85606060606061,
      96.93181818181819,
      94.81060606060606,
      96.74242424242425,
      95.49242424242425,
      96.85606060606061,
      96.78030303030303,
      96.81818181818181,
      91.96969696969697,
      96.85606060606061,
      96.78030303030303,
      96.02272727272727
    ],
    "physics_loss": [
      0.531770881894347,
      0.535827420439039,
      0.5349750733994818,
      0.5356772263328751,
      0.5366850986109152,
      0.5365989381616766,
      0.5361936674489604,
      0.5348070503055276,
      0.5358353202993219,
      0.5361648254580312,
      0.5362684609053971,
      0.5369420094149453,
      0.5370219904106933,
      0.5369978400793942,
      0.5373985573842928,
      0.5368328373153488,
      0.536972080267869,
      0.5366578533277884,
      0.5369014961378915,
      0.537026227217216,
      0.5365059767450605,
      0.5362609768842722,
      0.5365420087591394,
      0.5371749071331767,
      0.5370015837929466,
      0.5368495172494417,
      0.5370364562257544,
      0.5368419144060704,
      0.5368049929668377,
      0.5368562698364258,
      0.5369844828333173,
      0.5373069674937756,
      0.5371199562952116,
      0.5375973960021874,
      0.537159391966733,
      0.5375082728150603,
      0.5373543572116207,
      0.5372206670897347,
      0.5374772663240309,
      0.5367084003114081,
      0.5370225229820648,
      0.5370206764766148,
      0.5371284679933028
    ]
  },
  "provenance": {
    "budget": {
      "lr": 0.001,
      "batch": 64,
      "max_epochs": 60,
      "patience": 10
    },
    "best_epoch": 33,
    "best_val_acc": 96.93181818181819,
    "data": "dataset_v2.h5",
    "device": "cuda",
    "host": "3087713d4d7d",
    "git_sha": "4a2063d99387989042031fcd62111d4962d9966d",
    "wall_time_s": 616.2,
    "finished_at": "2026-06-23T09:29:44.140749+00:00"
  }
}