{
  "model": "physics_constrained_cnn",
  "seed": 9,
  "experiment": "pinn_ablation_scramble",
  "prereg": "\u00a78.7",
  "reference_permutation": [
    0,
    10,
    5,
    9,
    6,
    2,
    8,
    4,
    7,
    1,
    3
  ],
  "physics_weight": 1.0,
  "ops_aware": false,
  "evals": {
    "test": {
      "accuracy": 96.28787878787878,
      "f1_macro": 0.9622563206054017,
      "confusion_matrix": [
        [
          238,
          0,
          0,
          0,
          0,
          2,
          0,
          0,
          0,
          0,
          0
        ],
        [
          0,
          240,
          0,
          0,
          0,
          0,
          0,
          0,
          0,
          0,
          0
        ],
        [
          0,
          0,
          240,
          0,
          0,
          0,
          0,
          0,
          0,
          0,
          0
        ],
        [
          0,
          0,
          0,
          240,
          0,
          0,
          0,
          0,
          0,
          0,
          0
        ],
        [
          0,
          0,
          0,
          0,
          240,
          0,
          0,
          0,
          0,
          0,
          0
        ],
        [
          85,
          0,
          0,
          0,
          0,
          154,
          0,
          0,
          0,
          1,
          0
        ],
        [
          0,
          0,
          0,
          0,
          0,
          0,
          240,
          0,
          0,
          0,
          0
        ],
        [
          0,
          0,
          0,
          0,
          0,
          0,
          0,
          240,
          0,
          0,
          0
        ],
        [
          0,
          0,
          0,
          0,
          0,
          0,
          0,
          0,
          240,
          0,
          0
        ],
        [
          7,
          0,
          0,
          0,
          0,
          0,
          0,
          0,
          0,
          233,
          0
        ],
        [
          2,
          0,
          0,
          0,
          0,
          1,
          0,
          0,
          0,
          0,
          237
        ]
      ],
      "n": 2640
    },
    "test_snr5": {
      "accuracy": 95.87121212121212,
      "f1_macro": 0.9584533374304335,
      "confusion_matrix": [
        [
          239,
          0,
          0,
          0,
          0,
          0,
          0,
          0,
          0,
          1,
          0
        ],
        [
          0,
          240,
          0,
          0,
          0,
          0,
          0,
          0,
          0,
          0,
          0
        ],
        [
          0,
          0,
          240,
          0,
          0,
          0,
          0,
          0,
          0,
          0,
          0
        ],
        [
          0,
          0,
          0,
          240,
          0,
          0,
          0,
          0,
          0,
          0,
          0
        ],
        [
          0,
          0,
          0,
          0,
          239,
          0,
          0,
          0,
          0,
          1,
          0
        ],
        [
          84,
          0,
          0,
          0,
          0,
          155,
          0,
          0,
          0,
          1,
          0
        ],
        [
          0,
          0,
          0,
          0,
          0,
          0,
          240,
          0,
          0,
          0,
          0
        ],
        [
          0,
          0,
          0,
          0,
          0,
          0,
          0,
          240,
          0,
          0,
          0
        ],
        [
          0,
          0,
          0,
          0,
          0,
          0,
          0,
          0,
          240,
          0,
          0
        ],
        [
          13,
          0,
          0,
          0,
          5,
          0,
          0,
          0,
          0,
          222,
          0
        ],
        [
          4,
          0,
          0,
          0,
          0,
          0,
          0,
          0,
          0,
          0,
          236
        ]
      ],
      "n": 2640
    }
  },
  "history": {
    "train_acc": [
      70.0,
      86.84253246753246,
      89.07467532467533,
      91.96428571428571,
      93.32792207792208,
      93.67694805194805,
      94.08279220779221,
      93.66883116883118,
      93.16558441558442,
      94.05032467532467,
      94.40746753246754,
      94.20454545454545,
      94.82954545454545,
      95.12987012987013,
      95.22727272727273,
      94.90259740259741,
      94.96753246753246,
      95.47077922077922,
      95.39772727272727,
      95.22727272727273,
      95.47077922077922,
      95.24350649350649,
      95.0,
      95.27597402597402,
      95.47077922077922,
      95.51136363636364,
      95.68993506493507,
      95.93344155844156,
      95.90097402597402,
      95.9659090909091,
      95.36525974025975,
      95.7711038961039,
      95.88474025974025,
      95.63311688311688,
      95.71428571428571,
      95.60064935064935,
      95.68993506493507,
      95.89285714285714,
      96.28246753246754,
      96.30681818181819,
      96.03084415584415,
      96.40422077922078,
      96.25,
      96.43668831168831,
      96.40422077922078,
      96.41233766233766,
      95.85227272727273,
      96.42045454545455,
      96.55844155844156,
      96.55032467532467,
      96.66396103896103,
      96.45292207792208,
      96.25,
      96.55844155844156,
      96.23376623376623,
      96.5909090909091,
      96.5909090909091,
      96.00649350649351,
      96.67207792207792,
      96.71266233766234
    ],
    "val_acc": [
      72.27272727272727,
      87.31060606060606,
      82.31060606060606,
      93.03030303030303,
      93.82575757575758,
      89.88636363636364,
      95.03787878787878,
      93.93939393939394,
      92.99242424242425,
      93.90151515151516,
      94.24242424242425,
      95.03787878787878,
      95.41666666666667,
      95.37878787878788,
      95.49242424242425,
      95.03787878787878,
      94.96212121212122,
      95.49242424242425,
      95.45454545454545,
      95.3030303030303,
      95.45454545454545,
      94.88636363636364,
      91.5909090909091,
      95.60606060606061,
      95.3409090909091,
      95.3030303030303,
      95.9469696969697,
      96.28787878787878,
      96.32575757575758,
      95.9090909090909,
      95.68181818181819,
      96.51515151515152,
      96.02272727272727,
      94.20454545454545,
      96.43939393939394,
      95.87121212121212,
      96.47727272727273,
      96.02272727272727,
      96.5909090909091,
      96.51515151515152,
      96.28787878787878,
      96.74242424242425,
      96.28787878787878,
      96.62878787878788,
      96.36363636363636,
      96.66666666666667,
      96.66666666666667,
      96.78030303030303,
      96.51515151515152,
      96.89393939393939,
      96.47727272727273,
      96.70454545454545,
      96.89393939393939,
      96.93181818181819,
      95.56818181818181,
      96.74242424242425,
      96.66666666666667,
      96.5530303030303,
      96.81818181818181,
      96.62878787878788
    ],