{
  "model": "physics_constrained_cnn",
  "seed": 2,
  "experiment": "pinn_ablation",
  "prereg": "\u00a78.4",
  "physics_weight": 0.1,
  "ops_aware": false,
  "evals": {
    "test": {
      "accuracy": 95.87121212121212,
      "f1_macro": 0.9584144895963734,
      "confusion_matrix": [
        [
          240,
          0,
          0,
          0,
          0,
          0,
          0,
          0,
          0,
          0,
          0
        ],
        [
          0,
          240,
          0,
          0,
          0,
          0,
          0,
          0,
          0,
          0,
          0
        ],
        [
          0,
          0,
          240,
          0,
          0,
          0,
          0,
          0,
          0,
          0,
          0
        ],
        [
          0,
          0,
          0,
          240,
          0,
          0,
          0,
          0,
          0,
          0,
          0
        ],
        [
          8,
          0,
          0,
          0,
          232,
          0,
          0,
          0,
          0,
          0,
          0
        ],
        [
          86,
          0,
          0,
          0,
          0,
          154,
          0,
          0,
          0,
          0,
          0
        ],
        [
          0,
          0,
          0,
          0,
          0,
          0,
          236,
          0,
          0,
          4,
          0
        ],
        [
          0,
          0,
          0,
          0,
          0,
          0,
          0,
          240,
          0,
          0,
          0
        ],
        [
          0,
          0,
          0,
          0,
          0,
          0,
          0,
          0,
          240,
          0,
          0
        ],
        [
          7,
          0,
          0,
          0,
          0,
          0,
          4,
          0,
          0,
          229,
          0
        ],
        [
          0,
          0,
          0,
          0,
          0,
          0,
          0,
          0,
          0,
          0,
          240
        ]
      ],
      "n": 2640
    },
    "test_snr5": {
      "accuracy": 88.52272727272728,
      "f1_macro": 0.8726368515418487,
      "confusion_matrix": [
        [
          232,
          0,
          0,
          0,
          0,
          0,
          0,
          0,
          0,
          8,
          0
        ],
        [
          0,
          240,
          0,
          0,
          0,
          0,
          0,
          0,
          0,
          0,
          0
        ],
        [
          0,
          0,
          240,
          0,
          0,
          0,
          0,
          0,
          0,
          0,
          0
        ],
        [
          0,
          0,
          0,
          240,
          0,
          0,
          0,
          0,
          0,
          0,
          0
        ],
        [
          5,
          0,
          0,
          0,
          49,
          0,
          0,
          0,
          0,
          186,
          0
        ],
        [
          78,
          0,
          0,
          0,
          0,
          154,
          0,
          0,
          0,
          8,
          0
        ],
        [
          0,
          0,
          0,
          0,
          0,
          0,
          236,
          0,
          0,
          4,
          0
        ],
        [
          0,
          0,
          0,
          0,
          0,
          0,
          0,
          240,
          0,
          0,
          0
        ],
        [
          0,
          0,
          0,
          0,
          0,
          0,
          0,
          0,
          238,
          2,
          0
        ],
        [
          7,
          0,
          0,
          0,
          0,
          0,
          3,
          0,
          0,
          230,
          0
        ],
        [
          2,
          0,
          0,
          0,
          0,
          0,
          0,
          0,
          0,
          0,
          238
        ]
      ],
      "n": 2640
    }
  },
  "history": {
    "train_acc": [
      70.38149350649351,
      87.00487012987013,
      90.04058441558442,
      92.72727272727273,
      93.01136363636364,
      93.8961038961039,
      94.3262987012987,
      93.61201298701299,
      93.8961038961039,
      94.72402597402598,
      94.78896103896103,
      93.78246753246754,
      94.65097402597402,
      95.0,
      95.18668831168831,
      95.0,
      95.16233766233766,
      95.17857142857143,
      95.29220779220779,
      95.1948051948052,
      95.47077922077922,
      95.0,
      95.41396103896103,
      95.4788961038961,
      95.81168831168831,
      95.22727272727273
    ],
    "val_acc": [
      74.96212121212122,
      90.3409090909091,
      88.75,
      86.28787878787878,
      92.46212121212122,
      95.0,
      95.45454545454545,
      92.27272727272727,
      92.08333333333333,
      92.8030303030303,
      91.09848484848484,
      95.15151515151516,
      95.3030303030303,
      95.68181818181819,
      95.07575757575758,
      95.79545454545455,
      95.45454545454545,
      95.64393939393939,
      95.3409090909091,
      95.03787878787878,
      95.64393939393939,
      95.22727272727273,
      95.45454545454545,
      95.18939393939394,
      95.75757575757575,
      94.6590909090909
    ],
    "physics_loss": [
      0.10179436398403985,
      0.049397786909883674,
      0.044346504281093546,
      0.03936353252305613,
      0.03877556379642579,
      0.03703247605302891,
      0.037146930909389024,
      0.0383520396789173,
      0.03758556192571467,
      0.03567414922373635,
      0.03604670213898281,
      0.03764960149714312,
      0.03625479536010073,
      0.035076410812023395,
      0.03567425554448908,
      0.035656497603306525,
      0.03496699499619472,
      0.035228417375935364,
      0.03474354770566736,
      0.03479192876196527,
      0.03476380993212972,
      0.03465940902953024,
      0.0347519361498681,
      0.03495371034247922,
      0.03348712879051636,
      0.03521620015335548
    ]
  },
  "provenance": {
    "budget": {
      "lr": 0.001,
      "batch": 64,
      "max_epochs": 60,
      "patience": 10
    },
    "best_epoch": 16,
    "best_val_acc": 95.79545454545455,
    "data": "dataset_v2.h5",
    "device": "cuda",
    "host": "cf2845534318",
    "git_sha": "ce344d1fb73f6558939c9eeb51354e6e4363b7fd",
    "wall_time_s": 381.3,
    "finished_at": "2026-06-15T07:12:48.897202+00:00"
  }
}