{
  "model": "resnet18",
  "seed": 2,
  "experiment": "severity_ood",
  "prereg": "\u00a78.3",
  "direction": "A_train_low_test_severe",
  "physics_weight": 0.0,
  "ops_aware": false,
  "evals": {
    "ood_test": {
      "accuracy": 97.42424242424242,
      "f1_macro": 0.9737148968245276,
      "confusion_matrix": [
        [
          60,
          0,
          0,
          0,
          0,
          0,
          0,
          0,
          0,
          0,
          0
        ],
        [
          0,
          60,
          0,
          0,
          0,
          0,
          0,
          0,
          0,
          0,
          0
        ],
        [
          0,
          0,
          60,
          0,
          0,
          0,
          0,
          0,
          0,
          0,
          0
        ],
        [
          0,
          0,
          0,
          60,
          0,
          0,
          0,
          0,
          0,
          0,
          0
        ],
        [
          0,
          0,
          0,
          0,
          60,
          0,
          0,
          0,
          0,
          0,
          0
        ],
        [
          17,
          0,
          0,
          0,
          0,
          43,
          0,
          0,
          0,
          0,
          0
        ],
        [
          0,
          0,
          0,
          0,
          0,
          0,
          60,
          0,
          0,
          0,
          0
        ],
        [
          0,
          0,
          0,
          0,
          0,
          0,
          0,
          60,
          0,
          0,
          0
        ],
        [
          0,
          0,
          0,
          0,
          0,
          0,
          0,
          0,
          60,
          0,
          0
        ],
        [
          0,
          0,
          0,
          0,
          0,
          0,
          0,
          0,
          0,
          60,
          0
        ],
        [
          0,
          0,
          0,
          0,
          0,
          0,
          0,
          0,
          0,
          0,
          60
        ]
      ],
      "n": 660
    },
    "full_test": {
      "accuracy": 96.09848484848484,
      "f1_macro": 0.9603584638658322,
      "confusion_matrix": [
        [
          240,
          0,
          0,
          0,
          0,
          0,
          0,
          0,
          0,
          0,
          0
        ],
        [
          0,
          240,
          0,
          0,
          0,
          0,
          0,
          0,
          0,
          0,
          0
        ],
        [
          0,
          0,
          240,
          0,
          0,
          0,
          0,
          0,
          0,
          0,
          0
        ],
        [
          0,
          0,
          0,
          240,
          0,
          0,
          0,
          0,
          0,
          0,
          0
        ],
        [
          0,
          0,
          0,
          0,
          240,
          0,
          0,
          0,
          0,
          0,
          0
        ],
        [
          86,
          0,
          0,
          0,
          0,
          154,
          0,
          0,
          0,
          0,
          0
        ],
        [
          0,
          0,
          0,
          0,
          0,
          0,
          239,
          0,
          0,
          1,
          0
        ],
        [
          0,
          0,
          0,
          0,
          0,
          0,
          0,
          240,
          0,
          0,
          0
        ],
        [
          0,
          0,
          0,
          0,
          0,
          0,
          0,
          0,
          238,
          2,
          0
        ],
        [
          7,
          0,
          0,
          0,
          0,
          0,
          4,
          0,
          0,
          229,
          0
        ],
        [
          2,
          0,
          0,
          0,
          1,
          0,
          0,
          0,
          0,
          0,
          237
        ]
      ],
      "n": 2640
    }
  },
  "history": {
    "train_acc": [
      73.65800865800865,
      88.65800865800865,
      90.37878787878788,
      91.58008658008659,
      92.79220779220779,
      92.06709956709956,
      93.0952380952381,
      94.08008658008659,
      94.00432900432901,
      93.92857142857143,
      94.23160173160173,
      93.64718614718615,
      93.1926406926407,
      94.1017316017316,
      94.76190476190476,
      94.90259740259741,
      94.8051948051948,
      94.27489177489177,
      94.85930735930737,
      94.62121212121212,
      95.24891774891775,
      95.32467532467533,
      95.32467532467533,
      95.25974025974025,
      94.54545454545455,
      95.508658008658,
      95.55194805194805,
      95.48701298701299,
      95.72510822510823,
      95.79004329004329,
      95.84415584415585,
      95.51948051948052,
      95.63852813852814,
      95.87662337662337,
      96.16883116883118,
      96.36363636363636,
      94.6969696969697,
      94.93506493506493,
      95.8982683982684,
      95.91991341991341,
      96.01731601731602,
      96.0930735930736,
      96.3961038961039
    ],
    "val_acc": [
      84.5959595959596,
      88.98989898989899,
      92.62626262626263,
      93.13131313131314,
      91.46464646464646,
      93.08080808080808,
      94.14141414141415,
      92.87878787878788,
      92.92929292929293,
      93.33333333333333,
      93.68686868686869,
      88.68686868686869,
      94.6969696969697,
      94.34343434343434,
      95.0,
      95.1010101010101,
      95.15151515151516,
      94.74747474747475,
      96.16161616161617,
      95.45454545454545,
      95.8080808080808,
      95.9090909090909,
      94.64646464646465,
      95.65656565656566,
      96.11111111111111,
      96.16161616161617,
      96.36363636363636,
      96.11111111111111,
      95.4040404040404,
      96.01010101010101,
      95.95959595959596,
      96.16161616161617,
      96.46464646464646,
      96.26262626262626,
      96.16161616161617,
      95.85858585858585,
      94.44444444444444,
      95.8080808080808,
      94.8989898989899,
      96.16161616161617,
      96.26262626262626,
      96.16161616161617,
      95.95959595959596
    ],
    "physics_loss": [
      0.0,
      0.0,
      0.0,
      0.0,
      0.0,
      0.0,
      0.0,
      0.0,
      0.0,
      0.0,
      0.0,
      0.0,
      0.0,
      0.0,
      0.0,
      0.0,
      0.0,
      0.0,
      0.0,
      0.0,
      0.0,
      0.0,
      0.0,
      0.0,
      0.0,
      0.0,
      0.0,
      0.0,
      0.0,
      0.0,
      0.0,
      0.0,
      0.0,
      0.0,
      0.0,
      0.0,
      0.0,
      0.0,
      0.0,
      0.0,
      0.0,
      0.0,
      0.0
    ]
  },
  "provenance": {
    "budget": {
      "lr": 0.001,
      "batch": 64,
      "max_epochs": 60,
      "patience": 10
    },
    "best_epoch": 33,
    "best_val_acc": 96.46464646464646,
    "data": "dataset_v2.h5",
    "device": "cuda",
    "host": "8e2e6fa08d71",
    "git_sha": "25600630d4a2314cccb96991762d4481006dd29e",
    "wall_time_s": 433.8,
    "finished_at": "2026-06-15T22:34:24.767903+00:00"
  }
}