{
  "model": "resnet18",
  "seed": 0,
  "experiment": "severity_ood",
  "prereg": "\u00a78.3",
  "direction": "A_train_low_test_severe",
  "physics_weight": 0.0,
  "ops_aware": false,
  "evals": {
    "ood_test": {
      "accuracy": 97.42424242424242,
      "f1_macro": 0.9737148968245276,
      "confusion_matrix": [
        [
          60,
          0,
          0,
          0,
          0,
          0,
          0,
          0,
          0,
          0,
          0
        ],
        [
          0,
          60,
          0,
          0,
          0,
          0,
          0,
          0,
          0,
          0,
          0
        ],
        [
          0,
          0,
          60,
          0,
          0,
          0,
          0,
          0,
          0,
          0,
          0
        ],
        [
          0,
          0,
          0,
          60,
          0,
          0,
          0,
          0,
          0,
          0,
          0
        ],
        [
          0,
          0,
          0,
          0,
          60,
          0,
          0,
          0,
          0,
          0,
          0
        ],
        [
          17,
          0,
          0,
          0,
          0,
          43,
          0,
          0,
          0,
          0,
          0
        ],
        [
          0,
          0,
          0,
          0,
          0,
          0,
          60,
          0,
          0,
          0,
          0
        ],
        [
          0,
          0,
          0,
          0,
          0,
          0,
          0,
          60,
          0,
          0,
          0
        ],
        [
          0,
          0,
          0,
          0,
          0,
          0,
          0,
          0,
          60,
          0,
          0
        ],
        [
          0,
          0,
          0,
          0,
          0,
          0,
          0,
          0,
          0,
          60,
          0
        ],
        [
          0,
          0,
          0,
          0,
          0,
          0,
          0,
          0,
          0,
          0,
          60
        ]
      ],
      "n": 660
    },
    "full_test": {
      "accuracy": 96.25,
      "f1_macro": 0.9618084262837424,
      "confusion_matrix": [
        [
          236,
          0,
          0,
          0,
          3,
          1,
          0,
          0,
          0,
          0,
          0
        ],
        [
          0,
          240,
          0,
          0,
          0,
          0,
          0,
          0,
          0,
          0,
          0
        ],
        [
          0,
          0,
          240,
          0,
          0,
          0,
          0,
          0,
          0,
          0,
          0
        ],
        [
          0,
          0,
          0,
          240,
          0,
          0,
          0,
          0,
          0,
          0,
          0
        ],
        [
          0,
          0,
          0,
          0,
          240,
          0,
          0,
          0,
          0,
          0,
          0
        ],
        [
          85,
          0,
          0,
          0,
          0,
          154,
          0,
          0,
          0,
          1,
          0
        ],
        [
          0,
          0,
          0,
          0,
          0,
          0,
          240,
          0,
          0,
          0,
          0
        ],
        [
          0,
          0,
          0,
          0,
          0,
          0,
          0,
          240,
          0,
          0,
          0
        ],
        [
          0,
          0,
          0,
          0,
          0,
          0,
          0,
          0,
          240,
          0,
          0
        ],
        [
          8,
          0,
          0,
          0,
          0,
          0,
          0,
          0,
          0,
          232,
          0
        ],
        [
          0,
          0,
          0,
          0,
          1,
          0,
          0,
          0,
          0,
          0,
          239
        ]
      ],
      "n": 2640
    }
  },
  "history": {
    "train_acc": [
      73.18181818181819,
      85.5952380952381,
      87.12121212121212,
      88.27922077922078,
      88.95021645021644,
      92.8896103896104,
      92.91125541125541,
      93.87445887445888,
      94.15584415584415,
      94.16666666666667,
      94.74025974025975,
      94.68614718614718,
      93.96103896103897,
      93.74458874458874,
      93.9069264069264,
      94.03679653679653,
      94.53463203463204,
      94.85930735930737,
      94.89177489177489,
      95.03246753246754,
      94.81601731601732,
      95.02164502164503,
      94.75108225108225,
      94.38311688311688,
      95.10822510822511,
      95.54112554112554,
      95.09740259740259,
      94.97835497835497,
      95.66017316017316,
      95.57359307359307,
      95.42207792207792,
      95.97402597402598,
      95.31385281385282,
      95.62770562770562,
      95.99567099567099,
      94.96753246753246,
      95.79004329004329,
      95.98484848484848,
      95.03246753246754,
      95.63852813852814,
      95.82251082251082,
      96.41774891774892,
      96.2012987012987,
      96.7965367965368,
      96.61255411255411,
      96.58008658008659,
      97.05627705627705,
      96.87229437229438
    ],
    "val_acc": [
      84.34343434343434,
      87.07070707070707,
      87.97979797979798,
      89.5959595959596,
      92.72727272727273,
      92.77777777777777,
      93.98989898989899,
      93.68686868686869,
      94.14141414141415,
      94.0909090909091,
      94.29292929292929,
      93.43434343434343,
      91.86868686868686,
      94.0909090909091,
      94.94949494949495,
      94.79797979797979,
      95.0,
      94.84848484848484,
      95.35353535353535,
      95.45454545454545,
      95.15151515151516,
      95.55555555555556,
      95.3030303030303,
      94.79797979797979,
      95.5050505050505,
      95.35353535353535,
      95.9090909090909,
      95.75757575757575,
      95.55555555555556,
      96.31313131313131,
      93.93939393939394,
      94.94949494949495,
      94.79797979797979,
      96.01010101010101,
      95.35353535353535,
      96.41414141414141,
      94.94949494949495,
      96.66666666666667,
      94.04040404040404,
      96.06060606060606,
      96.11111111111111,
      95.8080808080808,
      96.01010101010101,
      96.41414141414141,
      93.78787878787878,
      96.01010101010101,
      94.4949494949495,
      93.48484848484848
    ],
    "physics_loss": [
      0.0,
      0.0,
      0.0,
      0.0,
      0.0,
      0.0,
      0.0,
      0.0,
      0.0,
      0.0,
      0.0,
      0.0,
      0.0,
      0.0,
      0.0,
      0.0,
      0.0,
      0.0,
      0.0,
      0.0,
      0.0,
      0.0,
      0.0,
      0.0,
      0.0,
      0.0,
      0.0,
      0.0,
      0.0,
      0.0,
      0.0,
      0.0,
      0.0,
      0.0,
      0.0,
      0.0,
      0.0,
      0.0,
      0.0,
      0.0,
      0.0,
      0.0,
      0.0,
      0.0,
      0.0,
      0.0,
      0.0,
      0.0
    ]
  },
  "provenance": {
    "budget": {
      "lr": 0.001,
      "batch": 64,
      "max_epochs": 60,
      "patience": 10
    },
    "best_epoch": 38,
    "best_val_acc": 96.66666666666667,
    "data": "dataset_v2.h5",
    "device": "cuda",
    "host": "8e2e6fa08d71",
    "git_sha": "25600630d4a2314cccb96991762d4481006dd29e",
    "wall_time_s": 485.4,
    "finished_at": "2026-06-15T22:18:07.659332+00:00"
  }
}