{
  "model": "physics_constrained_cnn",
  "seed": 2,
  "experiment": "pinn_ablation",
  "prereg": "\u00a78.4",
  "physics_weight": 1.0,
  "ops_aware": false,
  "evals": {
    "test": {
      "accuracy": 96.02272727272727,
      "f1_macro": 0.959413737616564,
      "confusion_matrix": [
        [
          234,
          0,
          0,
          0,
          0,
          4,
          0,
          0,
          0,
          2,
          0
        ],
        [
          0,
          240,
          0,
          0,
          0,
          0,
          0,
          0,
          0,
          0,
          0
        ],
        [
          0,
          0,
          240,
          0,
          0,
          0,
          0,
          0,
          0,
          0,
          0
        ],
        [
          0,
          0,
          0,
          240,
          0,
          0,
          0,
          0,
          0,
          0,
          0
        ],
        [
          0,
          0,
          0,
          0,
          240,
          0,
          0,
          0,
          0,
          0,
          0
        ],
        [
          85,
          0,
          0,
          0,
          0,
          154,
          0,
          0,
          0,
          1,
          0
        ],
        [
          0,
          0,
          0,
          0,
          0,
          0,
          237,
          0,
          2,
          1,
          0
        ],
        [
          0,
          0,
          0,
          0,
          0,
          0,
          0,
          240,
          0,
          0,
          0
        ],
        [
          0,
          4,
          0,
          0,
          0,
          0,
          0,
          0,
          236,
          0,
          0
        ],
        [
          5,
          0,
          0,
          0,
          0,
          0,
          1,
          0,
          0,
          234,
          0
        ],
        [
          0,
          0,
          0,
          0,
          0,
          0,
          0,
          0,
          0,
          0,
          240
        ]
      ],
      "n": 2640
    },
    "test_snr5": {
      "accuracy": 95.53030303030303,
      "f1_macro": 0.9547617235880775,
      "confusion_matrix": [
        [
          229,
          0,
          0,
          0,
          0,
          5,
          0,
          0,
          0,
          6,
          0
        ],
        [
          0,
          240,
          0,
          0,
          0,
          0,
          0,
          0,
          0,
          0,
          0
        ],
        [
          0,
          0,
          240,
          0,
          0,
          0,
          0,
          0,
          0,
          0,
          0
        ],
        [
          0,
          0,
          0,
          240,
          0,
          0,
          0,
          0,
          0,
          0,
          0
        ],
        [
          0,
          0,
          0,
          0,
          231,
          0,
          0,
          0,
          0,
          9,
          0
        ],
        [
          85,
          0,
          0,
          0,
          0,
          154,
          0,
          0,
          0,
          1,
          0
        ],
        [
          0,
          0,
          0,
          0,
          0,
          0,
          237,
          0,
          0,
          3,
          0
        ],
        [
          0,
          0,
          0,
          0,
          0,
          0,
          0,
          240,
          0,
          0,
          0
        ],
        [
          0,
          1,
          0,
          0,
          0,
          0,
          0,
          0,
          239,
          0,
          0
        ],
        [
          7,
          0,
          0,
          0,
          0,
          0,
          0,
          0,
          0,
          233,
          0
        ],
        [
          1,
          0,
          0,
          0,
          0,
          0,
          0,
          0,
          0,
          0,
          239
        ]
      ],
      "n": 2640
    }
  },
  "history": {
    "train_acc": [
      71.84253246753246,
      87.92207792207792,
      91.4853896103896,
      92.37824675324676,
      93.75811688311688,
      94.3262987012987,
      94.23701298701299,
      94.36688311688312,
      94.60227272727273,
      94.62662337662337,
      94.88636363636364,
      94.86201298701299,
      94.72402597402598,
      95.32467532467533,
      94.77272727272727,
      94.88636363636364,
      95.17857142857143,
      94.78896103896103,
      95.44642857142857,
      95.31655844155844,
      95.64935064935065,
      95.64123376623377,
      95.78733766233766,
      95.1461038961039,
      95.92532467532467,
      95.625,
      95.8198051948052,
      94.67532467532467,
      94.82954545454545,
      95.56818181818181,
      95.90097402597402,
      95.95779220779221,
      96.13636363636364,
      96.12824675324676,
      96.08766233766234,
      95.97402597402598,
      96.35551948051948,
      96.38798701298701,
      96.20941558441558,
      95.93344155844156,
      96.04707792207792,
      96.27435064935065,
      96.35551948051948,
      96.40422077922078,
      96.34740259740259,
      96.51785714285714,
      96.25,
      96.41233766233766,
      96.65584415584415,
      96.65584415584415,
      96.58279220779221,
      96.4448051948052,
      96.37175324675324,
      96.66396103896103,
      96.73701298701299,
      96.83441558441558,
      96.46915584415585,
      96.9237012987013,
      96.875,
      97.17532467532467
    ],
    "val_acc": [
      77.91666666666667,
      89.50757575757575,
      80.11363636363636,
      87.95454545454545,
      94.28030303030303,
      94.84848484848484,
      95.26515151515152,
      92.95454545454545,
      93.33333333333333,
      95.3409090909091,
      93.93939393939394,
      95.07575757575758,
      95.68181818181819,
      95.68181818181819,
      93.21969696969697,
      95.18939393939394,
      95.22727272727273,
      95.87121212121212,
      94.77272727272727,
      95.11363636363636,
      96.32575757575758,
      95.45454545454545,
      95.49242424242425,
      95.9090909090909,
      96.47727272727273,
      94.96212121212122,
      96.36363636363636,
      94.81060606060606,
      96.28787878787878,
      96.40151515151516,
      96.25,
      96.43939393939394,
      96.74242424242425,
      96.66666666666667,
      96.74242424242425,
      96.5909090909091,
      96.70454545454545,
      96.51515151515152,
      96.5909090909091,
      94.96212121212122,
      96.78030303030303,
      96.17424242424242,
      96.78030303030303,
      96.81818181818181,
      96.81818181818181,
      96.89393939393939,
      96.93181818181819,
      96.85606060606061,
      96.62878787878788,
      96.89393939393939,
      96.96969696969697,
      96.81818181818181,
      96.66666666666667,
      96.47727272727273,
      96.93181818181819,
      96.47727272727273,
      96.06060606060606,
      96.74242424242425,
      96.66666666666667,
      96.89393939393939
    ],