{
  "model": "physics_constrained_cnn",
  "seed": 8,
  "experiment": "pinn_ablation_scramble",
  "prereg": "\u00a78.7",
  "reference_permutation": [
    0,
    10,
    5,
    9,
    6,
    2,
    8,
    4,
    7,
    1,
    3
  ],
  "physics_weight": 1.0,
  "ops_aware": false,
  "evals": {
    "test": {
      "accuracy": 96.51515151515152,
      "f1_macro": 0.9643290471885682,
      "confusion_matrix": [
        [
          240,
          0,
          0,
          0,
          0,
          0,
          0,
          0,
          0,
          0,
          0
        ],
        [
          0,
          240,
          0,
          0,
          0,
          0,
          0,
          0,
          0,
          0,
          0
        ],
        [
          0,
          0,
          240,
          0,
          0,
          0,
          0,
          0,
          0,
          0,
          0
        ],
        [
          0,
          0,
          0,
          240,
          0,
          0,
          0,
          0,
          0,
          0,
          0
        ],
        [
          0,
          0,
          0,
          0,
          240,
          0,
          0,
          0,
          0,
          0,
          0
        ],
        [
          85,
          0,
          0,
          0,
          0,
          154,
          0,
          0,
          0,
          1,
          0
        ],
        [
          0,
          0,
          0,
          0,
          0,
          0,
          240,
          0,
          0,
          0,
          0
        ],
        [
          0,
          0,
          0,
          0,
          0,
          0,
          0,
          240,
          0,
          0,
          0
        ],
        [
          0,
          0,
          0,
          0,
          0,
          0,
          0,
          0,
          240,
          0,
          0
        ],
        [
          6,
          0,
          0,
          0,
          0,
          0,
          0,
          0,
          0,
          234,
          0
        ],
        [
          0,
          0,
          0,
          0,
          0,
          0,
          0,
          0,
          0,
          0,
          240
        ]
      ],
      "n": 2640
    },
    "test_snr5": {
      "accuracy": 95.56818181818181,
      "f1_macro": 0.9550967460139028,
      "confusion_matrix": [
        [
          238,
          0,
          0,
          0,
          0,
          2,
          0,
          0,
          0,
          0,
          0
        ],
        [
          0,
          240,
          0,
          0,
          0,
          0,
          0,
          0,
          0,
          0,
          0
        ],
        [
          0,
          0,
          240,
          0,
          0,
          0,
          0,
          0,
          0,
          0,
          0
        ],
        [
          0,
          0,
          0,
          240,
          0,
          0,
          0,
          0,
          0,
          0,
          0
        ],
        [
          0,
          0,
          0,
          0,
          227,
          5,
          0,
          0,
          0,
          8,
          0
        ],
        [
          85,
          0,
          0,
          0,
          0,
          154,
          0,
          0,
          0,
          1,
          0
        ],
        [
          0,
          0,
          0,
          0,
          0,
          0,
          239,
          0,
          0,
          1,
          0
        ],
        [
          0,
          0,
          0,
          0,
          0,
          0,
          0,
          240,
          0,
          0,
          0
        ],
        [
          0,
          0,
          0,
          0,
          0,
          0,
          0,
          0,
          240,
          0,
          0
        ],
        [
          9,
          0,
          0,
          0,
          5,
          0,
          0,
          0,
          0,
          226,
          0
        ],
        [
          1,
          0,
          0,
          0,
          0,
          0,
          0,
          0,
          0,
          0,
          239
        ]
      ],
      "n": 2640
    }
  },
  "history": {
    "train_acc": [
      66.69642857142857,
      85.7711038961039,
      89.55357142857143,
      91.76136363636364,
      91.50974025974025,
      93.68506493506493,
      93.88798701298701,
      93.92045454545455,
      94.30194805194805,
      94.60227272727273,
      94.66720779220779,
      93.62012987012987,
      94.6103896103896,
      94.63474025974025,
      94.92694805194805,
      95.1948051948052,
      95.21915584415585,
      94.82954545454545,
      94.93506493506493,
      95.30844155844156,
      95.3896103896104,
      95.48701298701299,
      95.05681818181819,
      94.27759740259741,
      95.49512987012987,
      95.45454545454545,
      95.69805194805195,
      95.92532467532467,
      95.90097402597402,
      95.93344155844156,
      95.98214285714286,
      95.91720779220779,
      96.03084415584415,
      95.63311688311688,
      96.06331168831169,
      96.19318181818181,
      96.03896103896103,
      96.16071428571429,
      96.49350649350649,
      96.25811688311688,
      96.55032467532467,
      94.91883116883118,
      95.68181818181819,
      96.28246753246754,
      96.41233766233766,
      96.41233766233766,
      96.59902597402598,
      96.4853896103896,
      96.3961038961039,
      95.86850649350649,
      96.4853896103896
    ],
    "val_acc": [
      74.58333333333333,
      89.0530303030303,
      91.02272727272727,
      93.14393939393939,
      93.25757575757575,
      93.18181818181819,
      95.03787878787878,
      94.0530303030303,
      94.81060606060606,
      91.66666666666667,
      94.46969696969697,
      94.24242424242425,
      94.62121212121212,
      94.50757575757575,
      94.96212121212122,
      95.15151515151516,
      95.64393939393939,
      94.12878787878788,
      95.56818181818181,
      94.46969696969697,
      94.81060606060606,
      95.49242424242425,
      93.71212121212122,
      94.77272727272727,
      95.83333333333333,
      96.06060606060606,
      95.83333333333333,
      96.06060606060606,
      94.46969696969697,
      95.79545454545455,
      96.09848484848484,
      96.25,
      96.09848484848484,
      95.60606060606061,
      96.32575757575758,
      96.66666666666667,
      96.81818181818181,
      96.74242424242425,
      96.5530303030303,
      96.66666666666667,
      96.93181818181819,
      95.45454545454545,
      96.66666666666667,
      96.74242424242425,
      96.78030303030303,
      96.93181818181819,
      96.93181818181819,
      96.93181818181819,
      96.51515151515152,
      96.85606060606061,
      96.89393939393939
    ],