{
  "model": "physics_constrained_cnn",
  "seed": 1,
  "experiment": "severity_ood",
  "prereg": "\u00a78.3",
  "direction": "A_train_low_test_severe",
  "physics_weight": 0.3,
  "ops_aware": false,
  "evals": {
    "ood_test": {
      "accuracy": 97.42424242424242,
      "f1_macro": 0.9737148968245276,
      "confusion_matrix": [
        [
          60,
          0,
          0,
          0,
          0,
          0,
          0,
          0,
          0,
          0,
          0
        ],
        [
          0,
          60,
          0,
          0,
          0,
          0,
          0,
          0,
          0,
          0,
          0
        ],
        [
          0,
          0,
          60,
          0,
          0,
          0,
          0,
          0,
          0,
          0,
          0
        ],
        [
          0,
          0,
          0,
          60,
          0,
          0,
          0,
          0,
          0,
          0,
          0
        ],
        [
          0,
          0,
          0,
          0,
          60,
          0,
          0,
          0,
          0,
          0,
          0
        ],
        [
          17,
          0,
          0,
          0,
          0,
          43,
          0,
          0,
          0,
          0,
          0
        ],
        [
          0,
          0,
          0,
          0,
          0,
          0,
          60,
          0,
          0,
          0,
          0
        ],
        [
          0,
          0,
          0,
          0,
          0,
          0,
          0,
          60,
          0,
          0,
          0
        ],
        [
          0,
          0,
          0,
          0,
          0,
          0,
          0,
          0,
          60,
          0,
          0
        ],
        [
          0,
          0,
          0,
          0,
          0,
          0,
          0,
          0,
          0,
          60,
          0
        ],
        [
          0,
          0,
          0,
          0,
          0,
          0,
          0,
          0,
          0,
          0,
          60
        ]
      ],
      "n": 660
    },
    "full_test": {
      "accuracy": 95.71969696969697,
      "f1_macro": 0.9571364976636741,
      "confusion_matrix": [
        [
          240,
          0,
          0,
          0,
          0,
          0,
          0,
          0,
          0,
          0,
          0
        ],
        [
          0,
          240,
          0,
          0,
          0,
          0,
          0,
          0,
          0,
          0,
          0
        ],
        [
          0,
          0,
          240,
          0,
          0,
          0,
          0,
          0,
          0,
          0,
          0
        ],
        [
          0,
          0,
          0,
          240,
          0,
          0,
          0,
          0,
          0,
          0,
          0
        ],
        [
          3,
          0,
          0,
          0,
          237,
          0,
          0,
          0,
          0,
          0,
          0
        ],
        [
          86,
          0,
          0,
          0,
          0,
          154,
          0,
          0,
          0,
          0,
          0
        ],
        [
          0,
          0,
          0,
          0,
          0,
          0,
          235,
          0,
          0,
          5,
          0
        ],
        [
          0,
          0,
          0,
          0,
          0,
          0,
          0,
          240,
          0,
          0,
          0
        ],
        [
          0,
          0,
          0,
          0,
          0,
          0,
          0,
          0,
          240,
          0,
          0
        ],
        [
          11,
          0,
          0,
          0,
          0,
          0,
          2,
          0,
          0,
          227,
          0
        ],
        [
          5,
          0,
          0,
          0,
          0,
          1,
          0,
          0,
          0,
          0,
          234
        ]
      ],
      "n": 2640
    }
  },
  "history": {
    "train_acc": [
      69.81601731601732,
      85.95238095238095,
      89.88095238095238,
      90.6926406926407,
      92.73809523809524,
      93.82034632034632,
      93.17099567099567,
      92.91125541125541,
      93.5930735930736,
      94.52380952380952,
      93.8961038961039,
      94.18831168831169,
      93.93939393939394,
      94.6969696969697,
      94.77272727272727,
      93.88528138528139,
      94.82683982683983,
      94.97835497835497,
      92.86796536796537,
      94.11255411255411,
      94.78354978354979,
      95.07575757575758,
      94.53463203463204,
      95.11904761904762,
      95.07575757575758,
      95.46536796536796,
      95.34632034632034,
      95.24891774891775,
      95.57359307359307,
      95.42207792207792,
      95.55194805194805,
      95.72510822510823,
      95.48701298701299,
      95.97402597402598,
      95.94155844155844,
      94.20995670995671,
      95.64935064935065
    ],
    "val_acc": [
      82.57575757575758,
      91.01010101010101,
      81.76767676767676,
      91.06060606060606,
      91.26262626262626,
      86.76767676767676,
      80.5050505050505,
      93.78787878787878,
      93.43434343434343,
      92.77777777777777,
      92.02020202020202,
      94.74747474747475,
      93.63636363636364,
      93.83838383838383,
      94.74747474747475,
      94.4949494949495,
      95.0,
      93.98989898989899,
      93.93939393939394,
      94.74747474747475,
      94.74747474747475,
      95.15151515151516,
      95.05050505050505,
      95.45454545454545,
      94.74747474747475,
      96.16161616161617,
      96.26262626262626,
      93.33333333333333,
      95.9090909090909,
      94.14141414141415,
      96.21212121212122,
      95.9090909090909,
      95.60606060606061,
      95.95959595959596,
      95.9090909090909,
      96.06060606060606,
      95.65656565656566
    ],
    "physics_loss": [
      0.10511125865436735,
      0.05021980686105175,
      0.043215542057633914,
      0.04188050530947648,
      0.03765220002178506,
      0.036509030857385494,
      0.03760105286970799,
      0.03788999575815159,
      0.03583533811782088,
      0.03507428665955861,
      0.036598421291355446,
      0.03636516733216001,
      0.034798578480943976,
      0.03495225511588059,
      0.03450588106270476,
      0.03668606050989844,
      0.03424537330543324,
      0.03410803465519375,
      0.037271224178406066,
      0.035694210240173906,
      0.03493385500077045,
      0.03370359537979886,
      0.03447866568188647,
      0.03354427679986149,
      0.03387477243585246,
      0.032934770728280015,
      0.03265702617778019,
      0.03304257175816602,
      0.032325975690440184,
      0.03341916272198999,
      0.03255663089679949,
      0.03172519937222138,
      0.03287777984555149,
      0.03099072293833995,
      0.03133229536218045,
      0.03527067621032913,
      0.03197865187154188
    ]
  },
  "provenance": {
    "budget": {
      "lr": 0.001,
      "batch": 64,
      "max_epochs": 60,
      "patience": 10
    },
    "best_epoch": 27,
    "best_val_acc": 96.26262626262626,
    "data": "dataset_v2.h5",
    "device": "cuda",
    "host": "a7b406569f2b",
    "git_sha": "25600630d4a2314cccb96991762d4481006dd29e",
    "wall_time_s": 389.8,
    "finished_at": "2026-06-15T18:55:22.746278+00:00"
  }
}