{
  "model": "resnet18",
  "seed": 1,
  "experiment": "severity_ood",
  "prereg": "\u00a78.3",
  "direction": "A_train_low_test_severe",
  "physics_weight": 0.0,
  "ops_aware": false,
  "evals": {
    "ood_test": {
      "accuracy": 97.27272727272728,
      "f1_macro": 0.9723183170922597,
      "confusion_matrix": [
        [
          59,
          0,
          0,
          0,
          0,
          1,
          0,
          0,
          0,
          0,
          0
        ],
        [
          0,
          60,
          0,
          0,
          0,
          0,
          0,
          0,
          0,
          0,
          0
        ],
        [
          0,
          0,
          60,
          0,
          0,
          0,
          0,
          0,
          0,
          0,
          0
        ],
        [
          0,
          0,
          0,
          60,
          0,
          0,
          0,
          0,
          0,
          0,
          0
        ],
        [
          0,
          0,
          0,
          0,
          60,
          0,
          0,
          0,
          0,
          0,
          0
        ],
        [
          16,
          0,
          0,
          0,
          0,
          44,
          0,
          0,
          0,
          0,
          0
        ],
        [
          0,
          0,
          0,
          0,
          0,
          0,
          60,
          0,
          0,
          0,
          0
        ],
        [
          0,
          0,
          0,
          0,
          0,
          0,
          0,
          60,
          0,
          0,
          0
        ],
        [
          0,
          0,
          0,
          0,
          0,
          0,
          0,
          0,
          60,
          0,
          0
        ],
        [
          0,
          0,
          0,
          0,
          0,
          0,
          1,
          0,
          0,
          59,
          0
        ],
        [
          0,
          0,
          0,
          0,
          0,
          0,
          0,
          0,
          0,
          0,
          60
        ]
      ],
      "n": 660
    },
    "full_test": {
      "accuracy": 96.09848484848484,
      "f1_macro": 0.9602213134371158,
      "confusion_matrix": [
        [
          231,
          0,
          0,
          0,
          0,
          6,
          0,
          0,
          0,
          3,
          0
        ],
        [
          0,
          240,
          0,
          0,
          0,
          0,
          0,
          0,
          0,
          0,
          0
        ],
        [
          0,
          0,
          240,
          0,
          0,
          0,
          0,
          0,
          0,
          0,
          0
        ],
        [
          0,
          0,
          0,
          240,
          0,
          0,
          0,
          0,
          0,
          0,
          0
        ],
        [
          0,
          0,
          0,
          0,
          240,
          0,
          0,
          0,
          0,
          0,
          0
        ],
        [
          84,
          0,
          0,
          0,
          0,
          155,
          0,
          0,
          0,
          1,
          0
        ],
        [
          0,
          0,
          0,
          0,
          0,
          0,
          240,
          0,
          0,
          0,
          0
        ],
        [
          0,
          0,
          0,
          0,
          0,
          0,
          0,
          240,
          0,
          0,
          0
        ],
        [
          0,
          0,
          0,
          0,
          0,
          0,
          0,
          0,
          240,
          0,
          0
        ],
        [
          5,
          0,
          0,
          0,
          0,
          0,
          4,
          0,
          0,
          231,
          0
        ],
        [
          0,
          0,
          0,
          0,
          0,
          0,
          0,
          0,
          0,
          0,
          240
        ]
      ],
      "n": 2640
    }
  },
  "history": {
    "train_acc": [
      74.42640692640693,
      85.17316017316017,
      88.76623376623377,
      90.0108225108225,
      92.18614718614718,
      93.1926406926407,
      92.84632034632034,
      93.71212121212122,
      94.02597402597402,
      94.2965367965368,
      93.99350649350649,
      94.37229437229438,
      93.7987012987013,
      93.48484848484848,
      94.1017316017316,
      94.5995670995671,
      94.75108225108225,
      94.6103896103896,
      94.72943722943722,
      94.56709956709956,
      94.9891774891775,
      94.78354978354979,
      94.32900432900433,
      94.71861471861472,
      94.91341991341992,
      95.25974025974025,
      95.22727272727273,
      95.28138528138528,
      95.27056277056278,
      95.51948051948052,
      94.6969696969697,
      95.54112554112554,
      95.82251082251082,
      95.83333333333333,
      96.07142857142857,
      95.97402597402598,
      95.27056277056278,
      95.8982683982684,
      96.37445887445888,
      96.61255411255411,
      96.53679653679653,
      96.73160173160173,
      96.4069264069264,
      96.63419913419914,
      96.25541125541126,
      97.05627705627705,
      97.15367965367966,
      95.17316017316017,
      97.24025974025975,
      97.5108225108225,
      94.76190476190476,
      96.69913419913419,
      97.04545454545455,
      97.78138528138528
    ],
    "val_acc": [
      79.44444444444444,
      87.72727272727273,
      85.45454545454545,
      90.85858585858585,
      93.98989898989899,
      93.18181818181819,
      93.58585858585859,
      94.34343434343434,
      93.18181818181819,
      94.6969696969697,
      93.53535353535354,
      94.64646464646465,
      88.38383838383838,
      92.27272727272727,
      94.1919191919192,
      94.44444444444444,
      95.05050505050505,
      94.14141414141415,
      94.64646464646465,
      94.04040404040404,
      95.65656565656566,
      92.47474747474747,
      94.0909090909091,
      94.5959595959596,
      95.35353535353535,
      95.15151515151516,
      95.60606060606061,
      95.20202020202021,
      95.85858585858585,
      94.4949494949495,
      94.39393939393939,
      95.75757575757575,
      96.11111111111111,
      96.31313131313131,
      96.06060606060606,
      95.20202020202021,
      94.64646464646465,
      95.9090909090909,
      96.36363636363636,
      95.1010101010101,
      96.36363636363636,
      92.67676767676768,
      95.75757575757575,
      96.46464646464646,
      95.60606060606061,
      95.35353535353535,
      95.4040404040404,
      96.31313131313131,
      96.21212121212122,
      95.55555555555556,
      95.75757575757575,
      93.98989898989899,
      96.26262626262626,
      95.25252525252525
    ],
    "physics_loss": [
      0.0,
      0.0,
      0.0,
      0.0,
      0.0,
      0.0,
      0.0,
      0.0,
      0.0,
      0.0,
      0.0,
      0.0,
      0.0,
      0.0,
      0.0,
      0.0,
      0.0,
      0.0,
      0.0,
      0.0,
      0.0,
      0.0,
      0.0,
      0.0,
      0.0,
      0.0,
      0.0,
      0.0,
      0.0,
      0.0,
      0.0,
      0.0,
      0.0,
      0.0,
      0.0,
      0.0,
      0.0,
      0.0,
      0.0,
      0.0,
      0.0,
      0.0,
      0.0,
      0.0,
      0.0,
      0.0,
      0.0,
      0.0,
      0.0,
      0.0,
      0.0,
      0.0,
      0.0,
      0.0
    ]
  },
  "provenance": {
    "budget": {
      "lr": 0.001,
      "batch": 64,
      "max_epochs": 60,
      "patience": 10
    },
    "best_epoch": 44,
    "best_val_acc": 96.46464646464646,
    "data": "dataset_v2.h5",
    "device": "cuda",
    "host": "f8779baa1ecc",
    "git_sha": "6ff39c9325edf83d4d295e5c5767f71691b4a125",
    "wall_time_s": 548.4,
    "finished_at": "2026-06-13T00:58:24.467535+00:00"
  }
}