{
  "model": "gradient_boosting",
  "seed": 0,
  "accuracy": 94.05303030303031,
  "f1_macro": 0.9411355374012552,
  "per_class_accuracy": {
    "Healthy": 87.5,
    "Misalignment": 99.16666666666667,
    "Imbalance": 99.16666666666667,
    "Bearing Clearance": 98.33333333333333,
    "Lubrication Issue": 99.58333333333333,
    "Cavitation": 67.5,
    "Wear": 99.16666666666667,
    "Oil Whirl": 100.0,
    "Misalignment + Imbalance": 96.25,
    "Wear + Lubrication": 96.25,
    "Cavitation + Clearance": 91.66666666666666
  },
  "confusion_matrix": [
    [
      210,
      0,
      0,
      0,
      0,
      26,
      0,
      0,
      0,
      3,
      1
    ],
    [
      0,
      238,
      0,
      1,
      0,
      0,
      0,
      0,
      1,
      0,
      0
    ],
    [
      0,
      0,
      238,
      0,
      1,
      0,
      0,
      0,
      0,
      0,
      1
    ],
    [
      0,
      0,
      0,
      236,
      0,
      0,
      0,
      0,
      0,
      0,
      4
    ],
    [
      0,
      0,
      0,
      0,
      239,
      1,
      0,
      0,
      0,
      0,
      0
    ],
    [
      76,
      0,
      0,
      0,
      0,
      162,
      0,
      0,
      0,
      1,
      1
    ],
    [
      0,
      0,
      0,
      0,
      0,
      0,
      238,
      0,
      0,
      2,
      0
    ],
    [
      0,
      0,
      0,
      0,
      0,
      0,
      0,
      240,
      0,
      0,
      0
    ],
    [
      7,
      0,
      0,
      1,
      0,
      0,
      0,
      0,
      231,
      0,
      1
    ],
    [
      8,
      0,
      0,
      0,
      0,
      0,
      1,
      0,
      0,
      231,
      0
    ],
    [
      8,
      0,
      0,
      11,
      0,
      1,
      0,
      0,
      0,
      0,
      220
    ]
  ],
  "class_names": [
    "Healthy",
    "Misalignment",
    "Imbalance",
    "Bearing Clearance",
    "Lubrication Issue",
    "Cavitation",
    "Wear",
    "Oil Whirl",
    "Misalignment + Imbalance",
    "Wear + Lubrication",
    "Cavitation + Clearance"
  ],
  "num_test_windows": 2640,
  "val_accuracy": 94.46969696969697,
  "provenance": {
    "protocol": "experiments/PROTOCOL.md",
    "data": "data/generated/dataset_v2.h5",
    "window_length": 20480,
    "features": 36,
    "host": "DESKTOP-M7RBFOO",
    "git_sha": "2e527f0c1f114a7fa27d1ca96eb7b3a4a7540dd1",
    "wall_time_s": 417.8,
    "finished_at": "2026-06-11T22:04:07.199141+00:00"
  }
}