{
  "model": "physics_constrained_cnn",
  "seed": 0,
  "experiment": "pinn_ablation",
  "prereg": "\u00a78.4",
  "physics_weight": 1.0,
  "ops_aware": false,
  "evals": {
    "test": {
      "accuracy": 96.36363636363636,
      "f1_macro": 0.9629294562736251,
      "confusion_matrix": [
        [
          240,
          0,
          0,
          0,
          0,
          0,
          0,
          0,
          0,
          0,
          0
        ],
        [
          0,
          240,
          0,
          0,
          0,
          0,
          0,
          0,
          0,
          0,
          0
        ],
        [
          0,
          0,
          240,
          0,
          0,
          0,
          0,
          0,
          0,
          0,
          0
        ],
        [
          0,
          0,
          0,
          240,
          0,
          0,
          0,
          0,
          0,
          0,
          0
        ],
        [
          0,
          0,
          0,
          0,
          240,
          0,
          0,
          0,
          0,
          0,
          0
        ],
        [
          85,
          0,
          0,
          0,
          0,
          154,
          0,
          0,
          0,
          1,
          0
        ],
        [
          0,
          0,
          0,
          0,
          0,
          0,
          239,
          0,
          0,
          1,
          0
        ],
        [
          0,
          0,
          0,
          0,
          0,
          0,
          0,
          240,
          0,
          0,
          0
        ],
        [
          0,
          0,
          0,
          0,
          0,
          0,
          0,
          0,
          240,
          0,
          0
        ],
        [
          7,
          0,
          0,
          0,
          0,
          0,
          0,
          0,
          0,
          233,
          0
        ],
        [
          1,
          0,
          0,
          0,
          0,
          1,
          0,
          0,
          0,
          0,
          238
        ]
      ],
      "n": 2640
    },
    "test_snr5": {
      "accuracy": 95.9469696969697,
      "f1_macro": 0.9589583508337117,
      "confusion_matrix": [
        [
          237,
          0,
          0,
          0,
          0,
          0,
          0,
          0,
          0,
          3,
          0
        ],
        [
          0,
          240,
          0,
          0,
          0,
          0,
          0,
          0,
          0,
          0,
          0
        ],
        [
          0,
          0,
          240,
          0,
          0,
          0,
          0,
          0,
          0,
          0,
          0
        ],
        [
          0,
          0,
          0,
          240,
          0,
          0,
          0,
          0,
          0,
          0,
          0
        ],
        [
          0,
          0,
          0,
          0,
          239,
          0,
          0,
          0,
          0,
          1,
          0
        ],
        [
          85,
          0,
          0,
          0,
          0,
          154,
          0,
          0,
          0,
          1,
          0
        ],
        [
          0,
          0,
          0,
          0,
          0,
          0,
          238,
          0,
          0,
          2,
          0
        ],
        [
          0,
          0,
          0,
          0,
          0,
          0,
          0,
          240,
          0,
          0,
          0
        ],
        [
          0,
          0,
          0,
          0,
          0,
          0,
          0,
          0,
          240,
          0,
          0
        ],
        [
          11,
          0,
          0,
          0,
          3,
          0,
          0,
          0,
          0,
          226,
          0
        ],
        [
          1,
          0,
          0,
          0,
          0,
          0,
          0,
          0,
          0,
          0,
          239
        ]
      ],
      "n": 2640
    }
  },
  "history": {
    "train_acc": [
      75.70616883116882,
      86.28246753246754,
      87.60551948051948,
      89.38311688311688,
      92.57305194805195,
      93.31168831168831,
      94.0340909090909,
      94.53733766233766,
      94.3262987012987,
      94.34253246753246,
      94.43993506493507,
      94.27759740259741,
      94.88636363636364,
      94.87824675324676,
      95.13798701298701,
      95.26785714285714,
      95.27597402597402,
      95.17045454545455,
      95.39772727272727,
      95.43831168831169,
      95.30844155844156,
      95.32467532467533,
      95.3409090909091,
      95.0,
      95.43831168831169,
      95.3409090909091,
      95.58441558441558,
      95.31655844155844,
      95.85227272727273,
      95.90097402597402,
      95.2840909090909,
      95.68993506493507,
      95.8198051948052,
      96.07142857142857,
      95.51136363636364,
      96.14448051948052,
      95.99837662337663,
      96.46915584415585,
      95.65746753246754,
      96.21753246753246,
      96.1038961038961,
      96.55032467532467,
      96.46103896103897,
      96.32305194805195,
      95.82792207792208,
      96.43668831168831,
      96.46103896103897,
      96.60714285714286,
      96.55032467532467,
      96.24188311688312,
      96.7288961038961,
      96.59902597402598
    ],
    "val_acc": [
      77.95454545454545,
      82.1969696969697,
      85.87121212121212,
      90.9090909090909,
      89.35606060606061,
      94.0530303030303,
      93.78787878787878,
      94.54545454545455,
      95.26515151515152,
      94.16666666666667,
      93.25757575757575,
      95.37878787878788,
      95.0,
      85.98484848484848,
      94.0530303030303,
      95.22727272727273,
      95.56818181818181,
      95.3409090909091,
      95.60606060606061,
      94.6969696969697,
      95.11363636363636,
      94.81060606060606,
      93.33333333333333,
      94.6590909090909,
      95.53030303030303,
      94.84848484848484,
      95.3409090909091,
      95.41666666666667,
      96.06060606060606,
      95.45454545454545,
      96.02272727272727,
      95.9090909090909,
      94.43181818181819,
      95.3409090909091,
      95.79545454545455,
      96.25,
      96.70454545454545,
      96.78030303030303,
      96.51515151515152,
      93.56060606060606,
      96.70454545454545,
      96.85606060606061,
      96.5530303030303,
      96.32575757575758,
      96.40151515151516,
      96.85606060606061,
      96.81818181818181,
      96.47727272727273,
      95.79545454545455,
      96.5530303030303,
      96.81818181818181,
      96.62878787878788
    ],