{
  "model": "random_forest",
  "seed": 1,
  "accuracy": 94.54545454545455,
  "f1_macro": 0.9457336072351749,
  "per_class_accuracy": {
    "Healthy": 95.0,
    "Misalignment": 100.0,
    "Imbalance": 98.75,
    "Bearing Clearance": 99.16666666666667,
    "Lubrication Issue": 100.0,
    "Cavitation": 64.58333333333334,
    "Wear": 99.16666666666667,
    "Oil Whirl": 100.0,
    "Misalignment + Imbalance": 96.66666666666667,
    "Wear + Lubrication": 96.66666666666667,
    "Cavitation + Clearance": 90.0
  },
  "confusion_matrix": [
    [
      228,
      0,
      0,
      0,
      0,
      8,
      0,
      0,
      0,
      4,
      0
    ],
    [
      0,
      240,
      0,
      0,
      0,
      0,
      0,
      0,
      0,
      0,
      0
    ],
    [
      0,
      0,
      237,
      0,
      0,
      0,
      0,
      0,
      1,
      0,
      2
    ],
    [
      0,
      0,
      0,
      238,
      0,
      0,
      0,
      0,
      0,
      0,
      2
    ],
    [
      0,
      0,
      0,
      0,
      240,
      0,
      0,
      0,
      0,
      0,
      0
    ],
    [
      84,
      0,
      0,
      0,
      0,
      155,
      0,
      0,
      0,
      0,
      1
    ],
    [
      0,
      0,
      0,
      0,
      0,
      0,
      238,
      0,
      0,
      2,
      0
    ],
    [
      0,
      0,
      0,
      0,
      0,
      0,
      0,
      240,
      0,
      0,
      0
    ],
    [
      7,
      0,
      0,
      0,
      0,
      1,
      0,
      0,
      232,
      0,
      0
    ],
    [
      8,
      0,
      0,
      0,
      0,
      0,
      0,
      0,
      0,
      232,
      0
    ],
    [
      9,
      0,
      0,
      12,
      0,
      3,
      0,
      0,
      0,
      0,
      216
    ]
  ],
  "class_names": [
    "Healthy",
    "Misalignment",
    "Imbalance",
    "Bearing Clearance",
    "Lubrication Issue",
    "Cavitation",
    "Wear",
    "Oil Whirl",
    "Misalignment + Imbalance",
    "Wear + Lubrication",
    "Cavitation + Clearance"
  ],
  "num_test_windows": 2640,
  "val_accuracy": 94.92424242424242,
  "provenance": {
    "protocol": "experiments/PROTOCOL.md",
    "data": "data/generated/dataset_v2.h5",
    "window_length": 20480,
    "features": 36,
    "host": "DESKTOP-M7RBFOO",
    "git_sha": "2e527f0c1f114a7fa27d1ca96eb7b3a4a7540dd1",
    "wall_time_s": 4.4,
    "finished_at": "2026-06-11T21:56:55.463041+00:00"
  }
}