{
  "model": "physics_constrained_cnn",
  "seed": 8,
  "experiment": "pinn_ablation",
  "prereg": "\u00a78.4",
  "physics_weight": 0.0,
  "ops_aware": false,
  "evals": {
    "test": {
      "accuracy": 95.71969696969697,
      "f1_macro": 0.9572533392754813,
      "confusion_matrix": [
        [
          240,
          0,
          0,
          0,
          0,
          0,
          0,
          0,
          0,
          0,
          0
        ],
        [
          0,
          240,
          0,
          0,
          0,
          0,
          0,
          0,
          0,
          0,
          0
        ],
        [
          0,
          0,
          240,
          0,
          0,
          0,
          0,
          0,
          0,
          0,
          0
        ],
        [
          0,
          0,
          0,
          240,
          0,
          0,
          0,
          0,
          0,
          0,
          0
        ],
        [
          8,
          0,
          0,
          0,
          232,
          0,
          0,
          0,
          0,
          0,
          0
        ],
        [
          86,
          0,
          0,
          0,
          0,
          154,
          0,
          0,
          0,
          0,
          0
        ],
        [
          0,
          0,
          0,
          0,
          0,
          0,
          238,
          0,
          0,
          2,
          0
        ],
        [
          0,
          0,
          0,
          0,
          0,
          0,
          0,
          240,
          0,
          0,
          0
        ],
        [
          0,
          0,
          0,
          0,
          0,
          0,
          0,
          0,
          240,
          0,
          0
        ],
        [
          7,
          0,
          0,
          0,
          0,
          0,
          4,
          0,
          0,
          229,
          0
        ],
        [
          6,
          0,
          0,
          0,
          0,
          0,
          0,
          0,
          0,
          0,
          234
        ]
      ],
      "n": 2640
    },
    "test_snr5": {
      "accuracy": 83.37121212121212,
      "f1_macro": 0.8188942079166096,
      "confusion_matrix": [
        [
          227,
          0,
          0,
          0,
          0,
          0,
          0,
          0,
          0,
          13,
          0
        ],
        [
          0,
          240,
          0,
          0,
          0,
          0,
          0,
          0,
          0,
          0,
          0
        ],
        [
          0,
          0,
          240,
          0,
          0,
          0,
          0,
          0,
          0,
          0,
          0
        ],
        [
          0,
          0,
          0,
          147,
          0,
          0,
          21,
          0,
          0,
          72,
          0
        ],
        [
          2,
          0,
          0,
          0,
          21,
          0,
          0,
          0,
          0,
          217,
          0
        ],
        [
          75,
          0,
          0,
          0,
          0,
          154,
          0,
          0,
          0,
          11,
          0
        ],
        [
          0,
          0,
          0,
          0,
          0,
          0,
          234,
          0,
          0,
          6,
          0
        ],
        [
          0,
          0,
          0,
          0,
          0,
          0,
          0,
          239,
          0,
          0,
          1
        ],
        [
          0,
          0,
          0,
          0,
          0,
          1,
          0,
          0,
          233,
          6,
          0
        ],
        [
          4,
          0,
          0,
          0,
          0,
          0,
          3,
          0,
          0,
          233,
          0
        ],
        [
          6,
          0,
          0,
          0,
          0,
          1,
          0,
          0,
          0,
          0,
          233
        ]
      ],
      "n": 2640
    }
  },
  "history": {
    "train_acc": [
      69.00162337662337,
      88.03571428571429,
      89.61850649350649,
      92.0698051948052,
      92.6461038961039,
      93.75,
      93.88798701298701,
      93.96103896103897,
      93.76623376623377,
      94.35064935064935,
      94.7646103896104,
      94.81331168831169,
      95.27597402597402,
      94.45616883116882,
      94.45616883116882,
      95.07305194805195,
      95.2840909090909,
      95.03246753246754,
      94.74025974025975,
      95.46266233766234
    ],
    "val_acc": [
      78.37121212121212,
      86.28787878787878,
      87.68939393939394,
      92.1969696969697,
      94.16666666666667,
      91.81818181818181,
      94.0909090909091,
      94.92424242424242,
      94.28030303030303,
      95.64393939393939,
      95.3409090909091,
      95.41666666666667,
      95.0,
      94.16666666666667,
      95.03787878787878,
      95.11363636363636,
      94.88636363636364,
      95.41666666666667,
      95.49242424242425,
      95.3030303030303
    ],
    "physics_loss": [
      0.0,
      0.0,
      0.0,
      0.0,
      0.0,
      0.0,
      0.0,
      0.0,
      0.0,
      0.0,
      0.0,
      0.0,
      0.0,
      0.0,
      0.0,
      0.0,
      0.0,
      0.0,
      0.0,
      0.0
    ]
  },
  "provenance": {
    "budget": {
      "lr": 0.001,
      "batch": 64,
      "max_epochs": 60,
      "patience": 10
    },
    "best_epoch": 10,
    "best_val_acc": 95.64393939393939,
    "data": "dataset_v2.h5",
    "device": "cuda",
    "host": "242c8a6721cd",
    "git_sha": "4a2063d99387989042031fcd62111d4962d9966d",
    "wall_time_s": 263.0,
    "finished_at": "2026-06-22T22:40:32.561376+00:00"
  }
}