{
  "model": "physics_constrained_cnn",
  "seed": 1,
  "experiment": "severity_ood",
  "prereg": "\u00a78.3",
  "direction": "A_train_low_test_severe",
  "physics_weight": 0.3,
  "ops_aware": false,
  "evals": {
    "ood_test": {
      "accuracy": 96.36363636363636,
      "f1_macro": 0.9631199553800173,
      "confusion_matrix": [
        [
          59,
          0,
          0,
          0,
          0,
          1,
          0,
          0,
          0,
          0,
          0
        ],
        [
          0,
          60,
          0,
          0,
          0,
          0,
          0,
          0,
          0,
          0,
          0
        ],
        [
          0,
          0,
          60,
          0,
          0,
          0,
          0,
          0,
          0,
          0,
          0
        ],
        [
          0,
          0,
          0,
          60,
          0,
          0,
          0,
          0,
          0,
          0,
          0
        ],
        [
          0,
          0,
          0,
          0,
          60,
          0,
          0,
          0,
          0,
          0,
          0
        ],
        [
          17,
          0,
          0,
          0,
          0,
          43,
          0,
          0,
          0,
          0,
          0
        ],
        [
          0,
          0,
          0,
          0,
          0,
          0,
          60,
          0,
          0,
          0,
          0
        ],
        [
          0,
          0,
          0,
          0,
          0,
          0,
          0,
          60,
          0,
          0,
          0
        ],
        [
          0,
          0,
          0,
          0,
          0,
          0,
          0,
          0,
          60,
          0,
          0
        ],
        [
          0,
          0,
          0,
          0,
          0,
          0,
          6,
          0,
          0,
          54,
          0
        ],
        [
          0,
          0,
          0,
          0,
          0,
          0,
          0,
          0,
          0,
          0,
          60
        ]
      ],
      "n": 660
    },
    "full_test": {
      "accuracy": 95.68181818181817,
      "f1_macro": 0.9560088903194582,
      "confusion_matrix": [
        [
          236,
          0,
          0,
          0,
          0,
          1,
          0,
          0,
          0,
          3,
          0
        ],
        [
          0,
          240,
          0,
          0,
          0,
          0,
          0,
          0,
          0,
          0,
          0
        ],
        [
          0,
          0,
          240,
          0,
          0,
          0,
          0,
          0,
          0,
          0,
          0
        ],
        [
          0,
          0,
          0,
          240,
          0,
          0,
          0,
          0,
          0,
          0,
          0
        ],
        [
          1,
          0,
          0,
          0,
          239,
          0,
          0,
          0,
          0,
          0,
          0
        ],
        [
          85,
          0,
          0,
          0,
          0,
          154,
          0,
          0,
          0,
          1,
          0
        ],
        [
          0,
          0,
          0,
          0,
          0,
          0,
          238,
          0,
          0,
          2,
          0
        ],
        [
          0,
          0,
          0,
          0,
          0,
          0,
          0,
          240,
          0,
          0,
          0
        ],
        [
          0,
          0,
          0,
          0,
          0,
          0,
          0,
          0,
          240,
          0,
          0
        ],
        [
          6,
          0,
          0,
          0,
          0,
          0,
          15,
          0,
          0,
          219,
          0
        ],
        [
          0,
          0,
          0,
          0,
          0,
          0,
          0,
          0,
          0,
          0,
          240
        ]
      ],
      "n": 2640
    }
  },
  "history": {
    "train_acc": [
      70.22727272727273,
      86.2012987012987,
      90.22727272727273,
      90.71428571428571,
      92.24025974025975,
      93.61471861471861,
      92.92207792207792,
      92.42424242424242,
      93.27922077922078,
      93.96103896103897,
      94.35064935064935,
      94.23160173160173,
      94.03679653679653,
      94.51298701298701,
      94.15584415584415,
      94.63203463203463,
      94.65367965367966,
      94.83766233766234,
      94.2965367965368,
      94.45887445887446,
      94.00432900432901,
      94.55627705627705,
      94.43722943722943,
      95.29220779220779,
      94.64285714285714,
      95.3896103896104,
      95.03246753246754,
      94.90259740259741,
      94.9891774891775,
      95.15151515151516,
      95.1948051948052,
      95.31385281385282,
      95.3896103896104,
      95.35714285714286,
      95.33549783549783,
      95.67099567099567,
      95.37878787878788,
      95.4978354978355,
      95.94155844155844,
      95.95238095238095,
      95.3030303030303,
      95.9090909090909,
      94.78354978354979,
      95.80086580086581,
      96.1038961038961,
      96.22294372294373,
      95.60606060606061,
      94.71861471861472,
      96.03896103896103,
      95.68181818181819,
      96.38528138528139,
      96.3961038961039,
      94.77272727272727,
      96.21212121212122,
      96.51515151515152,
      96.48268398268398,
      96.69913419913419,
      96.61255411255411
    ],
    "val_acc": [
      80.65656565656566,
      88.43434343434343,
      82.17171717171718,
      91.61616161616162,
      91.86868686868686,
      89.34343434343434,
      92.62626262626263,
      91.91919191919192,
      92.22222222222223,
      90.8080808080808,
      91.26262626262626,
      94.39393939393939,
      91.96969696969697,
      92.72727272727273,
      93.28282828282828,
      94.64646464646465,
      94.39393939393939,
      92.47474747474747,
      94.34343434343434,
      94.39393939393939,
      91.26262626262626,
      94.74747474747475,
      94.5959595959596,
      94.94949494949495,
      94.64646464646465,
      94.24242424242425,
      94.64646464646465,
      92.82828282828282,
      94.0909090909091,
      95.0,
      94.94949494949495,
      95.35353535353535,
      95.0,
      95.20202020202021,
      95.25252525252525,
      95.3030303030303,
      93.28282828282828,
      95.55555555555556,
      95.70707070707071,
      94.24242424242425,
      96.26262626262626,
      94.24242424242425,
      95.60606060606061,
      96.06060606060606,
      95.0,
      96.06060606060606,
      87.12121212121212,
      96.36363636363636,
      95.35353535353535,
      95.45454545454545,
      96.01010101010101,
      95.45454545454545,
      96.06060606060606,
      96.16161616161617,
      96.31313131313131,
      95.85858585858585,
      96.01010101010101,
      95.55555555555556
    ],