{
  "model": "physics_constrained_cnn",
  "seed": 1,
  "experiment": "severity_ood",
  "prereg": "\u00a78.3",
  "direction": "B_train_high_test_incipient",
  "physics_weight": 0.3,
  "ops_aware": false,
  "evals": {
    "ood_test": {
      "accuracy": 78.18181818181819,
      "f1_macro": 0.7975719076679423,
      "confusion_matrix": [
        [
          60,
          0,
          0,
          0,
          0,
          0,
          0,
          0,
          0,
          0,
          0
        ],
        [
          0,
          60,
          0,
          0,
          0,
          0,
          0,
          0,
          0,
          0,
          0
        ],
        [
          0,
          0,
          52,
          0,
          0,
          0,
          0,
          0,
          0,
          0,
          8
        ],
        [
          0,
          0,
          0,
          60,
          0,
          0,
          0,
          0,
          0,
          0,
          0
        ],
        [
          11,
          0,
          0,
          0,
          49,
          0,
          0,
          0,
          0,
          0,
          0
        ],
        [
          32,
          0,
          0,
          0,
          0,
          28,
          0,
          0,
          0,
          0,
          0
        ],
        [
          0,
          0,
          0,
          0,
          0,
          0,
          43,
          0,
          0,
          17,
          0
        ],
        [
          0,
          0,
          0,
          0,
          0,
          0,
          0,
          60,
          0,
          0,
          0
        ],
        [
          0,
          0,
          0,
          0,
          0,
          0,
          0,
          0,
          40,
          20,
          0
        ],
        [
          34,
          0,
          0,
          0,
          0,
          0,
          0,
          0,
          0,
          26,
          0
        ],
        [
          19,
          0,
          0,
          0,
          0,
          3,
          0,
          0,
          0,
          0,
          38
        ]
      ],
      "n": 660
    },
    "full_test": {
      "accuracy": 92.38636363636363,
      "f1_macro": 0.9266912841225164,
      "confusion_matrix": [
        [
          240,
          0,
          0,
          0,
          0,
          0,
          0,
          0,
          0,
          0,
          0
        ],
        [
          0,
          240,
          0,
          0,
          0,
          0,
          0,
          0,
          0,
          0,
          0
        ],
        [
          0,
          0,
          232,
          0,
          0,
          0,
          0,
          0,
          0,
          0,
          8
        ],
        [
          0,
          0,
          0,
          240,
          0,
          0,
          0,
          0,
          0,
          0,
          0
        ],
        [
          12,
          0,
          0,
          0,
          228,
          0,
          0,
          0,
          0,
          0,
          0
        ],
        [
          87,
          0,
          0,
          0,
          0,
          153,
          0,
          0,
          0,
          0,
          0
        ],
        [
          0,
          0,
          0,
          0,
          0,
          0,
          223,
          0,
          0,
          17,
          0
        ],
        [
          0,
          0,
          0,
          0,
          0,
          0,
          0,
          240,
          0,
          0,
          0
        ],
        [
          0,
          0,
          0,
          0,
          0,
          0,
          0,
          0,
          220,
          20,
          0
        ],
        [
          34,
          0,
          0,
          0,
          0,
          0,
          1,
          0,
          0,
          205,
          0
        ],
        [
          19,
          0,
          0,
          0,
          0,
          3,
          0,
          0,
          0,
          0,
          218
        ]
      ],
      "n": 2640
    }
  },
  "history": {
    "train_acc": [
      78.87445887445888,
      89.2965367965368,
      89.97835497835497,
      90.29220779220779,
      90.34632034632034,
      94.23160173160173,
      95.41125541125541,
      96.01731601731602,
      96.66666666666667,
      96.85064935064935,
      96.66666666666667,
      96.01731601731602,
      96.86147186147186,
      96.72077922077922,
      95.83333333333333,
      96.92640692640693,
      96.65584415584415,
      97.04545454545455,
      97.12121212121212,
      97.04545454545455,
      96.95887445887446,
      96.78571428571429,
      95.508658008658,
      96.78571428571429,
      96.35281385281385,
      96.94805194805195,
      97.0021645021645,
      97.14285714285714,
      96.87229437229438,
      97.01298701298701,
      96.77489177489177,
      96.7965367965368,
      96.82900432900433,
      96.85064935064935,
      97.05627705627705,
      97.02380952380952,
      97.12121212121212
    ],
    "val_acc": [
      84.1919191919192,
      89.6969696969697,
      87.02020202020202,
      90.5050505050505,
      91.56565656565657,
      95.05050505050505,
      93.43434343434343,
      92.57575757575758,
      96.96969696969697,
      96.46464646464646,
      91.06060606060606,
      96.71717171717172,
      96.56565656565657,
      89.84848484848484,
      96.31313131313131,
      96.71717171717172,
      97.02020202020202,
      97.07070707070707,
      96.61616161616162,
      96.21212121212122,
      96.76767676767676,
      90.9090909090909,
      97.12121212121212,
      96.91919191919192,
      97.02020202020202,
      96.86868686868686,
      97.22222222222223,
      96.81818181818181,
      97.07070707070707,
      97.07070707070707,
      92.22222222222223,
      97.12121212121212,
      96.76767676767676,
      97.12121212121212,
      96.81818181818181,
      96.91919191919192,
      96.56565656565657
    ],
    "physics_loss": [
      0.08116738678185971,
      0.04201610346377154,
      0.0388354349768523,
      0.03938423383545566,
      0.03930720218106524,
      0.03473283746703105,
      0.033506458360717924,
      0.03294298865578391,
      0.031641124332428494,
      0.03139646754507379,
      0.031402750747092874,
      0.03279119274574957,
      0.0312558602985676,
      0.03143217305922921,
      0.032942422513660544,
      0.030846286776326434,
      0.030893380885129367,
      0.030964593976349025,
      0.030363358521745317,
      0.03099918198243622,
      0.03095575383021718,
      0.031557782064091204,
      0.03412404403219491,
      0.031221388396504637,
      0.0316829521096114,
      0.03117869081403012,
      0.0304941741096509,
      0.03076316123078396,
      0.031044404224786923,
      0.03066309103460023,
      0.031542993224028384,
      0.031304541499519244,
      0.030993477384120355,
      0.030151071840115052,
      0.03124241738225378,
      0.03066134581189135,
      0.030632378738292883
    ]
  },
  "provenance": {
    "budget": {
      "lr": 0.001,
      "batch": 64,
      "max_epochs": 60,
      "patience": 10
    },
    "best_epoch": 27,
    "best_val_acc": 97.22222222222223,
    "data": "dataset_v2.h5",
    "device": "cuda",
    "host": "8e2e6fa08d71",
    "git_sha": "25600630d4a2314cccb96991762d4481006dd29e",
    "wall_time_s": 400.0,
    "finished_at": "2026-06-15T22:05:20.465024+00:00"
  }
}