{
  "preregistration": "PROTOCOL.md \u00a78.1",
  "per_model": {
    "attention_cnn": {
      "clean": {
        "mean": 89.36868686868688,
        "std": 4.824389041052406
      },
      "snr20": {
        "mean": 88.80050505050507,
        "std": 4.150143239611731
      },
      "snr10": {
        "mean": 59.68434343434344,
        "std": 0.45067091660542363
      },
      "snr5": {
        "mean": 38.775252525252526,
        "std": 0.9228407431627083
      },
      "degradation": {
        "mean": 50.593434343434346,
        "std": 5.670386929461079
      }
    },
    "cnn1d": {
      "clean": {
        "mean": 91.94444444444446,
        "std": 2.8373434413735836
      },
      "snr20": {
        "mean": 91.86868686868688,
        "std": 2.8630172312727393
      },
      "snr10": {
        "mean": 87.71464646464646,
        "std": 4.889184970999238
      },
      "snr5": {
        "mean": 81.07323232323233,
        "std": 4.101456349806549
      },
      "degradation": {
        "mean": 10.871212121212125,
        "std": 2.2513727404422563
      }
    },
    "cnn_lstm": {
      "clean": {
        "mean": 96.12373737373737,
        "std": 0.1556670202769934
      },
      "snr20": {
        "mean": 95.92171717171716,
        "std": 0.2939506749197677
      },
      "snr10": {
        "mean": 87.3611111111111,
        "std": 0.31590898997971506
      },
      "snr5": {
        "mean": 83.39646464646465,
        "std": 2.368021810105083
      },
      "degradation": {
        "mean": 12.727272727272725,
        "std": 2.215396426925862
      }
    },
    "hybrid_pinn": {
      "clean": {
        "mean": 90.0378787878788,
        "std": 0.5063115569637259
      },
      "snr20": {
        "mean": 90.07575757575758,
        "std": 0.5973169784098419
      },
      "snr10": {
        "mean": 87.73989898989898,
        "std": 2.3941338411419473
      },
      "snr5": {
        "mean": 78.92676767676768,
        "std": 2.4868288897192286
      },
      "degradation": {
        "mean": 11.111111111111105,
        "std": 2.011344217347461
      }
    },
    "multitask_pinn": {
      "clean": {
        "mean": 90.27777777777779,
        "std": 0.6355915630632974
      },
      "snr20": {
        "mean": 90.2651515151515,
        "std": 0.5973169784098419
      },
      "snr10": {
        "mean": 85.85858585858585,
        "std": 2.429235178548734
      },
      "snr5": {
        "mean": 80.85858585858585,
        "std": 2.3668096845434556
      },
      "degradation": {
        "mean": 9.419191919191917,
        "std": 2.7609684239589134
      }
    },
    "patchtst": {
      "clean": {
        "mean": 89.84848484848486,
        "std": 0.1881270760827157
      },
      "snr20": {
        "mean": 89.83585858585859,
        "std": 0.20122951326400815
      },
      "snr10": {
        "mean": 89.50757575757575,
        "std": 0.43299061109803555
      },
      "snr5": {
        "mean": 88.04292929292929,
        "std": 1.5554407671145956
      },
      "degradation": {
        "mean": 1.8055555555555571,
        "std": 1.3735377528760042
      }
    },
    "physics_constrained_cnn": {
      "clean": {
        "mean": 95.9848484848485,
        "std": 0.364634572681653
      },
      "snr20": {
        "mean": 95.97222222222223,
        "std": 0.37794519058323084
      },
      "snr10": {
        "mean": 95.239898989899,
        "std": 0.9145110586985793
      },
      "snr5": {
        "mean": 90.99747474747475,
        "std": 2.9026676597405685
      },
      "degradation": {
        "mean": 4.98737373737374,
        "std": 2.8543174042312733
      }
    },
    "resnet18": {
      "clean": {
        "mean": 96.13636363636363,
        "std": 0.2834588929374228
      },
      "snr20": {
        "mean": 96.13636363636363,
        "std": 0.2834588929374228
      },
      "snr10": {
        "mean": 95.9848484848485,
        "std": 0.4160923498304058
      },
      "snr5": {
        "mean": 94.43181818181817,
        "std": 1.421674560245582
      },
      "degradation": {
        "mean": 1.7045454545454533,
        "std": 1.1518307648283295
      }
    }
  },
  "family_comparison": {
    "physics_family_mean_degradation": 8.505892255892254,
    "vanilla_family_mean_degradation": 15.540404040404042
  },
  "git_sha": "b86833867e090efba2527e1dc68af3ed6af06bea",
  "generated_at": "2026-06-12T20:08:37.049443+00:00"
}