{
  "model": "random_forest",
  "seed": 0,
  "accuracy": 94.62121212121211,
  "f1_macro": 0.9463190577274058,
  "per_class_accuracy": {
    "Healthy": 96.25,
    "Misalignment": 100.0,
    "Imbalance": 98.75,
    "Bearing Clearance": 99.16666666666667,
    "Lubrication Issue": 100.0,
    "Cavitation": 63.74999999999999,
    "Wear": 98.75,
    "Oil Whirl": 100.0,
    "Misalignment + Imbalance": 96.25,
    "Wear + Lubrication": 96.66666666666667,
    "Cavitation + Clearance": 91.25
  },
  "confusion_matrix": [
    [
      231,
      0,
      0,
      0,
      0,
      5,
      0,
      0,
      0,
      4,
      0
    ],
    [
      0,
      240,
      0,
      0,
      0,
      0,
      0,
      0,
      0,
      0,
      0
    ],
    [
      0,
      0,
      237,
      0,
      0,
      0,
      0,
      0,
      1,
      0,
      2
    ],
    [
      0,
      0,
      0,
      238,
      0,
      0,
      0,
      0,
      0,
      0,
      2
    ],
    [
      0,
      0,
      0,
      0,
      240,
      0,
      0,
      0,
      0,
      0,
      0
    ],
    [
      85,
      0,
      0,
      0,
      0,
      153,
      0,
      0,
      0,
      1,
      1
    ],
    [
      0,
      0,
      0,
      0,
      0,
      0,
      237,
      0,
      0,
      3,
      0
    ],
    [
      0,
      0,
      0,
      0,
      0,
      0,
      0,
      240,
      0,
      0,
      0
    ],
    [
      7,
      0,
      0,
      1,
      0,
      1,
      0,
      0,
      231,
      0,
      0
    ],
    [
      8,
      0,
      0,
      0,
      0,
      0,
      0,
      0,
      0,
      232,
      0
    ],
    [
      8,
      0,
      0,
      9,
      0,
      4,
      0,
      0,
      0,
      0,
      219
    ]
  ],
  "class_names": [
    "Healthy",
    "Misalignment",
    "Imbalance",
    "Bearing Clearance",
    "Lubrication Issue",
    "Cavitation",
    "Wear",
    "Oil Whirl",
    "Misalignment + Imbalance",
    "Wear + Lubrication",
    "Cavitation + Clearance"
  ],
  "num_test_windows": 2640,
  "val_accuracy": 94.88636363636364,
  "provenance": {
    "protocol": "experiments/PROTOCOL.md",
    "data": "data/generated/dataset_v2.h5",
    "window_length": 20480,
    "features": 36,
    "host": "DESKTOP-M7RBFOO",
    "git_sha": "2e527f0c1f114a7fa27d1ca96eb7b3a4a7540dd1",
    "wall_time_s": 4.4,
    "finished_at": "2026-06-11T21:56:51.046716+00:00"
  }
}