{
  "table": {
    "gradient_boosting": {
      "mean_acc": 94.05303030303031,
      "std_acc": 0.030927900792717775,
      "mean_f1": 0.9411239808943631,
      "seeds": 3,
      "per_seed_acc": [
        94.01515151515152,
        94.05303030303031,
        94.0909090909091
      ]
    },
    "random_forest": {
      "mean_acc": 94.60858585858585,
      "std_acc": 0.04724314882290084,
      "mean_f1": 0.9463297313736939,
      "seeds": 3,
      "per_seed_acc": [
        94.54545454545455,
        94.62121212121211,
        94.6590909090909
      ]
    },
    "svm": {
      "mean_acc": 94.05303030303031,
      "std_acc": 0.0,
      "mean_f1": 0.9415908785020665,
      "seeds": 3,
      "per_seed_acc": [
        94.05303030303031,
        94.05303030303031,
        94.05303030303031
      ]
    },
    "attention_cnn": {
      "mean_acc": 89.36868686868688,
      "std_acc": 4.824389041052406,
      "mean_f1": 0.8939265050958977,
      "seeds": 3,
      "per_seed_acc": [
        82.99242424242425,
        90.45454545454545,
        94.6590909090909
      ]
    },
    "cnn1d": {
      "mean_acc": 91.94444444444446,
      "std_acc": 2.8373434413735836,
      "mean_f1": 0.9169868999665477,
      "seeds": 3,
      "per_seed_acc": [
        89.6969696969697,
        90.18939393939394,
        95.9469696969697
      ]
    },
    "cnn_lstm": {
      "mean_acc": 96.12373737373737,
      "std_acc": 0.1556670202769934,
      "mean_f1": 0.9608751791649425,
      "seeds": 3,
      "per_seed_acc": [
        95.9469696969697,
        96.09848484848484,
        96.32575757575758
      ]
    },
    "hybrid_pinn": {
      "mean_acc": 90.0378787878788,
      "std_acc": 0.5063115569637259,
      "mean_f1": 0.8947662569666076,
      "seeds": 3,
      "per_seed_acc": [
        89.50757575757575,
        89.88636363636363,
        90.71969696969697
      ]
    },
    "multitask_pinn": {
      "mean_acc": 90.27777777777779,
      "std_acc": 0.6355915630632974,
      "mean_f1": 0.8945773516330554,
      "seeds": 3,
      "per_seed_acc": [
        89.46969696969697,
        90.3409090909091,
        91.02272727272728
      ]
    },
    "patchtst": {
      "mean_acc": 89.84848484848486,
      "std_acc": 0.1881270760827157,
      "mean_f1": 0.8820959502434128,
      "seeds": 3,
      "per_seed_acc": [
        89.58333333333334,
        89.96212121212122,
        90.0
      ]
    },
    "physics_constrained_cnn": {
      "mean_acc": 95.9848484848485,
      "std_acc": 0.364634572681653,
      "mean_f1": 0.9594756542184979,
      "seeds": 3,
      "per_seed_acc": [
        95.60606060606061,
        95.87121212121212,
        96.47727272727272
      ]
    },
    "resnet18": {
      "mean_acc": 96.13636363636363,
      "std_acc": 0.2834588929374228,
      "mean_f1": 0.9608343149528799,
      "seeds": 3,
      "per_seed_acc": [
        95.75757575757575,
        96.21212121212122,
        96.43939393939394
      ]
    },
    "voting_ensemble": {
      "mean_acc": 96.47727272727272,
      "std_acc": 0.0,
      "mean_f1": 0.9640566426426699,
      "seeds": 1,
      "per_seed_acc": [
        96.47727272727272
      ]
    }
  },
  "statistics": {
    "best_physics": "physics_constrained_cnn",
    "best_vanilla": "resnet18",
    "wilcoxon_p": 0.5,
    "wilcoxon_note": "n=3 seeds; minimum attainable two-sided p is 0.25 \u2014 reported for completeness, McNemar is the powered test",
    "mcnemar": {
      "cnn_lstm_vs_physics_constrained_cnn": 0.21875,
      "cnn_lstm_vs_resnet18": 0.453125,
      "physics_constrained_cnn_vs_resnet18": 1.0
    }
  },
  "classical_bar": 94.60858585858585,
  "generated_at": "2026-06-12T05:53:09.417777+00:00",
  "git_sha": "e498deb0ca74b8930c85e881ee7550e024981f98"
}