{
  "model": "physics_constrained_cnn",
  "seed": 2,
  "experiment": "pinn_ablation",
  "prereg": "\u00a78.4",
  "physics_weight": 0.3,
  "ops_aware": false,
  "evals": {
    "test": {
      "accuracy": 96.28787878787878,
      "f1_macro": 0.9624212613508857,
      "confusion_matrix": [
        [
          240,
          0,
          0,
          0,
          0,
          0,
          0,
          0,
          0,
          0,
          0
        ],
        [
          0,
          240,
          0,
          0,
          0,
          0,
          0,
          0,
          0,
          0,
          0
        ],
        [
          0,
          0,
          240,
          0,
          0,
          0,
          0,
          0,
          0,
          0,
          0
        ],
        [
          0,
          0,
          0,
          240,
          0,
          0,
          0,
          0,
          0,
          0,
          0
        ],
        [
          0,
          0,
          0,
          0,
          240,
          0,
          0,
          0,
          0,
          0,
          0
        ],
        [
          86,
          0,
          0,
          0,
          0,
          154,
          0,
          0,
          0,
          0,
          0
        ],
        [
          0,
          0,
          0,
          0,
          0,
          0,
          240,
          0,
          0,
          0,
          0
        ],
        [
          0,
          0,
          0,
          0,
          0,
          0,
          0,
          240,
          0,
          0,
          0
        ],
        [
          0,
          0,
          0,
          0,
          0,
          0,
          0,
          0,
          240,
          0,
          0
        ],
        [
          11,
          0,
          0,
          0,
          0,
          0,
          0,
          0,
          0,
          229,
          0
        ],
        [
          1,
          0,
          0,
          0,
          0,
          0,
          0,
          0,
          0,
          0,
          239
        ]
      ],
      "n": 2640
    },
    "test_snr5": {
      "accuracy": 94.54545454545455,
      "f1_macro": 0.945248320148525,
      "confusion_matrix": [
        [
          233,
          0,
          0,
          0,
          0,
          7,
          0,
          0,
          0,
          0,
          0
        ],
        [
          0,
          240,
          0,
          0,
          0,
          0,
          0,
          0,
          0,
          0,
          0
        ],
        [
          0,
          0,
          240,
          0,
          0,
          0,
          0,
          0,
          0,
          0,
          0
        ],
        [
          0,
          0,
          0,
          240,
          0,
          0,
          0,
          0,
          0,
          0,
          0
        ],
        [
          0,
          0,
          0,
          0,
          205,
          0,
          0,
          0,
          0,
          35,
          0
        ],
        [
          83,
          0,
          0,
          0,
          0,
          155,
          0,
          0,
          0,
          2,
          0
        ],
        [
          0,
          0,
          0,
          0,
          0,
          0,
          239,
          0,
          0,
          1,
          0
        ],
        [
          0,
          0,
          0,
          0,
          0,
          0,
          0,
          240,
          0,
          0,
          0
        ],
        [
          0,
          0,
          0,
          0,
          0,
          0,
          0,
          0,
          240,
          0,
          0
        ],
        [
          14,
          0,
          0,
          0,
          0,
          0,
          0,
          0,
          0,
          226,
          0
        ],
        [
          2,
          0,
          0,
          0,
          0,
          0,
          0,
          0,
          0,
          0,
          238
        ]
      ],
      "n": 2640
    }
  },
  "history": {
    "train_acc": [
      71.72077922077922,
      87.36201298701299,
      90.80357142857143,
      92.16720779220779,
      92.90584415584415,
      93.53896103896103,
      94.2288961038961,
      94.70779220779221,
      94.35064935064935,
      94.61850649350649,
      95.06493506493507,
      94.95941558441558,
      94.8538961038961,
      95.33279220779221,
      92.28084415584415,
      93.95292207792208,
      94.69967532467533,
      95.03246753246754,
      95.29220779220779,
      95.24350649350649,
      95.38149350649351,
      95.27597402597402,
      95.43831168831169,
      95.71428571428571,
      95.73863636363636,
      95.64123376623377,
      95.56818181818181,
      95.8198051948052,
      96.24188311688312,
      96.06331168831169,
      96.17694805194805,
      95.60064935064935,
      95.56818181818181,
      95.95779220779221,
      96.11201298701299,
      96.40422077922078,
      96.33116883116882,
      96.51785714285714,
      96.35551948051948,
      96.31493506493507,
      96.49350649350649,
      96.64772727272727,
      96.27435064935065,
      96.50162337662337,
      96.46103896103897,
      95.98214285714286
    ],
    "val_acc": [
      74.6590909090909,
      81.96969696969697,
      85.9469696969697,
      88.25757575757575,
      93.63636363636364,
      94.6590909090909,
      95.03787878787878,
      93.71212121212122,
      94.77272727272727,
      94.46969696969697,
      95.37878787878788,
      94.84848484848484,
      95.49242424242425,
      95.64393939393939,
      93.59848484848484,
      95.03787878787878,
      95.37878787878788,
      95.68181818181819,
      94.6590909090909,
      95.45454545454545,
      96.28787878787878,
      95.3030303030303,
      96.36363636363636,
      95.45454545454545,
      96.21212121212122,
      95.03787878787878,
      96.21212121212122,
      96.06060606060606,
      96.5530303030303,
      96.70454545454545,
      95.9469696969697,
      63.06818181818182,
      96.74242424242425,
      96.25,
      96.96969696969697,
      97.00757575757575,
      96.96969696969697,
      96.89393939393939,
      96.93181818181819,
      96.93181818181819,
      96.89393939393939,
      96.96969696969697,
      96.62878787878788,
      96.81818181818181,
      95.03787878787878,
      96.96969696969697
    ],
    "physics_loss": [
      0.09919041093293722,
      0.0480443034853254,
      0.04245175867788977,
      0.040154814884647144,
      0.03834337420858346,
      0.03743963078535222,
      0.03652709898623553,
      0.035730813351737986,
      0.035940292980763816,
      0.03531311771215556,
      0.03512046348497078,
      0.035393606980222383,
      0.03551297283114551,
      0.03444666925019452,
      0.0414144498042085,
      0.03654383583502336,
      0.034504745291037996,
      0.03551526745031407,
      0.03393958086607518,
      0.03381187127201588,
      0.034079093684430246,
      0.03320625407935737,
      0.03307085656016678,
      0.0330947775829148,
      0.03307796959075835,
      0.03305123496268477,
      0.033224526492806224,
      0.0323830740453748,
      0.03165594694482816,
      0.03190609326997361,
      0.03202690667436495,
      0.03265433860579869,
      0.03256976648487828,
      0.03262517401198675,
      0.03125344050878828,
      0.031348914406322814,
      0.03204646331149262,
      0.031360103359276595,
      0.03178177135210339,
      0.03182950537506636,
      0.03094969259260537,
      0.03127327289480668,
      0.03155846581733846,
      0.03146794169125232,
      0.0319772739882593,
      0.03198730214559413
    ]
  },
  "provenance": {
    "budget": {
      "lr": 0.001,
      "batch": 64,
      "max_epochs": 60,
      "patience": 10
    },
    "best_epoch": 36,
    "best_val_acc": 97.00757575757575,
    "data": "dataset_v2.h5",
    "device": "cuda",
    "host": "cf2845534318",