{
  "model": "physics_constrained_cnn",
  "seed": 1,
  "experiment": "pinn_ablation",
  "prereg": "\u00a78.4",
  "physics_weight": 1.0,
  "ops_aware": false,
  "evals": {
    "test": {
      "accuracy": 95.15151515151516,
      "f1_macro": 0.9509819254890335,
      "confusion_matrix": [
        [
          232,
          0,
          0,
          0,
          2,
          0,
          0,
          0,
          0,
          6,
          0
        ],
        [
          0,
          240,
          0,
          0,
          0,
          0,
          0,
          0,
          0,
          0,
          0
        ],
        [
          0,
          0,
          240,
          0,
          0,
          0,
          0,
          0,
          0,
          0,
          0
        ],
        [
          0,
          0,
          0,
          240,
          0,
          0,
          0,
          0,
          0,
          0,
          0
        ],
        [
          4,
          0,
          0,
          0,
          236,
          0,
          0,
          0,
          0,
          0,
          0
        ],
        [
          82,
          0,
          0,
          0,
          1,
          154,
          0,
          0,
          0,
          3,
          0
        ],
        [
          0,
          0,
          0,
          0,
          0,
          0,
          225,
          0,
          0,
          15,
          0
        ],
        [
          0,
          0,
          0,
          0,
          0,
          0,
          0,
          240,
          0,
          0,
          0
        ],
        [
          0,
          0,
          0,
          0,
          0,
          0,
          0,
          0,
          240,
          0,
          0
        ],
        [
          5,
          0,
          0,
          0,
          1,
          0,
          6,
          0,
          0,
          228,
          0
        ],
        [
          3,
          0,
          0,
          0,
          0,
          0,
          0,
          0,
          0,
          0,
          237
        ]
      ],
      "n": 2640
    },
    "test_snr5": {
      "accuracy": 71.66666666666667,
      "f1_macro": 0.6950320101698928,
      "confusion_matrix": [
        [
          3,
          0,
          0,
          0,
          0,
          0,
          0,
          0,
          0,
          237,
          0
        ],
        [
          0,
          240,
          0,
          0,
          0,
          0,
          0,
          0,
          0,
          0,
          0
        ],
        [
          0,
          0,
          240,
          0,
          0,
          0,
          0,
          0,
          0,
          0,
          0
        ],
        [
          0,
          0,
          0,
          178,
          0,
          0,
          33,
          0,
          0,
          29,
          0
        ],
        [
          0,
          0,
          0,
          0,
          0,
          0,
          0,
          0,
          0,
          240,
          0
        ],
        [
          3,
          0,
          0,
          0,
          0,
          117,
          0,
          0,
          0,
          120,
          0
        ],
        [
          0,
          0,
          0,
          0,
          0,
          0,
          197,
          0,
          0,
          43,
          0
        ],
        [
          0,
          0,
          0,
          0,
          0,
          0,
          0,
          240,
          0,
          0,
          0
        ],
        [
          0,
          0,
          0,
          0,
          0,
          0,
          19,
          0,
          217,
          4,
          0
        ],
        [
          0,
          0,
          0,
          0,
          0,
          0,
          0,
          0,
          0,
          240,
          0
        ],
        [
          0,
          0,
          0,
          0,
          0,
          5,
          0,
          0,
          0,
          15,
          220
        ]
      ],
      "n": 2640
    }
  },
  "history": {
    "train_acc": [
      74.48051948051948,
      84.50487012987013,
      89.78896103896103,
      92.19155844155844,
      93.16558441558442,
      93.52272727272727,
      92.62987012987013,
      93.66883116883118,
      94.17207792207792,
      94.27759740259741,
      94.38311688311688,
      94.29383116883118,
      94.67532467532467,
      94.7159090909091,
      94.59415584415585,
      95.05681818181819
    ],
    "val_acc": [
      76.21212121212122,
      78.90151515151516,
      85.15151515151516,
      86.74242424242425,
      89.84848484848484,
      94.73484848484848,
      93.10606060606061,
      91.5909090909091,
      94.28030303030303,
      92.95454545454545,
      92.99242424242425,
      90.37878787878788,
      93.67424242424242,
      94.16666666666667,
      90.45454545454545,
      94.58333333333333
    ],
    "physics_loss": [
      0.18560785867951132,
      0.16997696815373062,
      0.17032357403984316,
      0.17056975070532265,
      0.1706966027810976,
      0.1713949920682164,
      0.1703154857669558,
      0.17082747890577687,
      0.17164709045515433,
      0.17133123975295525,
      0.1709742007317481,
      0.1709505031248192,
      0.171273138964331,
      0.17136014581887754,
      0.17188627390892475,
      0.1712775725435901
    ]
  },
  "provenance": {
    "budget": {
      "lr": 0.001,
      "batch": 64,
      "max_epochs": 60,
      "patience": 10
    },
    "best_epoch": 6,
    "best_val_acc": 94.73484848484848,
    "data": "dataset_v2.h5",
    "device": "cuda",
    "host": "35edd6e6b02c",
    "git_sha": "e894389b71c529da1ee4f2b21f33c2c2117b37a0",
    "wall_time_s": 227.7,
    "finished_at": "2026-06-13T21:55:41.826125+00:00"
  }
}