{
  "model": "physics_constrained_cnn",
  "seed": 8,
  "experiment": "pinn_ablation_random",
  "prereg": "\u00a78.8",
  "physics_weight": 1.0,
  "ops_aware": false,
  "evals": {
    "test": {
      "accuracy": 96.32575757575758,
      "f1_macro": 0.9627128825507179,
      "confusion_matrix": [
        [
          240,
          0,
          0,
          0,
          0,
          0,
          0,
          0,
          0,
          0,
          0
        ],
        [
          0,
          240,
          0,
          0,
          0,
          0,
          0,
          0,
          0,
          0,
          0
        ],
        [
          0,
          0,
          240,
          0,
          0,
          0,
          0,
          0,
          0,
          0,
          0
        ],
        [
          0,
          0,
          0,
          240,
          0,
          0,
          0,
          0,
          0,
          0,
          0
        ],
        [
          0,
          0,
          0,
          0,
          240,
          0,
          0,
          0,
          0,
          0,
          0
        ],
        [
          86,
          0,
          0,
          0,
          0,
          154,
          0,
          0,
          0,
          0,
          0
        ],
        [
          0,
          0,
          0,
          0,
          0,
          0,
          240,
          0,
          0,
          0,
          0
        ],
        [
          0,
          0,
          0,
          0,
          0,
          0,
          0,
          240,
          0,
          0,
          0
        ],
        [
          0,
          0,
          0,
          0,
          0,
          0,
          0,
          0,
          240,
          0,
          0
        ],
        [
          8,
          0,
          0,
          0,
          0,
          0,
          0,
          0,
          0,
          232,
          0
        ],
        [
          2,
          0,
          0,
          0,
          0,
          1,
          0,
          0,
          0,
          0,
          237
        ]
      ],
      "n": 2640
    },
    "test_snr5": {
      "accuracy": 93.97727272727273,
      "f1_macro": 0.9392421110505719,
      "confusion_matrix": [
        [
          240,
          0,
          0,
          0,
          0,
          0,
          0,
          0,
          0,
          0,
          0
        ],
        [
          0,
          240,
          0,
          0,
          0,
          0,
          0,
          0,
          0,
          0,
          0
        ],
        [
          0,
          0,
          240,
          0,
          0,
          0,
          0,
          0,
          0,
          0,
          0
        ],
        [
          0,
          0,
          0,
          240,
          0,
          0,
          0,
          0,
          0,
          0,
          0
        ],
        [
          0,
          0,
          0,
          0,
          186,
          0,
          0,
          0,
          0,
          54,
          0
        ],
        [
          86,
          0,
          0,
          0,
          0,
          153,
          0,
          0,
          0,
          1,
          0
        ],
        [
          0,
          0,
          0,
          0,
          0,
          0,
          236,
          0,
          0,
          4,
          0
        ],
        [
          0,
          0,
          0,
          0,
          0,
          0,
          0,
          240,
          0,
          0,
          0
        ],
        [
          0,
          0,
          0,
          0,
          0,
          0,
          0,
          0,
          240,
          0,
          0
        ],
        [
          10,
          0,
          0,
          0,
          0,
          0,
          0,
          0,
          0,
          230,
          0
        ],
        [
          3,
          0,
          0,
          0,
          0,
          1,
          0,
          0,
          0,
          0,
          236
        ]
      ],
      "n": 2640
    }
  },
  "history": {
    "train_acc": [
      69.35064935064935,
      86.71266233766234,
      88.44967532467533,
      91.47727272727273,
      92.37824675324676,
      93.24675324675324,
      93.06006493506493,
      93.63636363636364,
      94.33441558441558,
      94.28571428571429,
      94.12337662337663,
      94.89448051948052,
      95.32467532467533,
      94.69155844155844,
      94.92694805194805,
      95.22727272727273,
      95.13798701298701,
      95.20292207792208,
      94.87824675324676,
      94.82142857142857,
      95.4301948051948,
      95.52759740259741,
      95.52759740259741,
      95.50324675324676,
      94.90259740259741,
      95.39772727272727,
      95.43831168831169,
      95.45454545454545,
      95.90097402597402,
      95.90097402597402,
      96.00649350649351,
      95.60064935064935,
      95.18668831168831,
      95.0,
      95.70616883116882,
      96.02272727272727,
      96.08766233766234,
      96.16071428571429,
      96.40422077922078,
      96.06331168831169,
      96.4448051948052,
      96.40422077922078,
      96.57467532467533,
      96.46103896103897,
      95.71428571428571,
      96.36363636363636,
      96.51785714285714,
      96.56655844155844,
      96.16883116883118,
      95.4301948051948,
      96.56655844155844,
      96.58279220779221,
      96.47727272727273,
      96.58279220779221,
      96.50974025974025,
      96.66396103896103,
      96.61525974025975,
      96.46915584415585,
      96.46915584415585,
      96.74512987012987
    ],
    "val_acc": [
      78.59848484848484,
      86.74242424242425,
      90.0,
      93.06818181818181,
      93.63636363636364,
      92.87878787878788,
      94.88636363636364,
      94.73484848484848,
      94.46969696969697,
      95.45454545454545,
      94.62121212121212,
      94.6969696969697,
      95.64393939393939,
      94.50757575757575,
      95.26515151515152,
      94.88636363636364,
      95.45454545454545,
      95.3030303030303,
      95.71969696969697,
      95.45454545454545,
      94.92424242424242,
      95.26515151515152,
      95.83333333333333,
      94.28030303030303,
      95.60606060606061,
      95.41666666666667,
      95.56818181818181,
      95.64393939393939,
      96.43939393939394,
      96.25,
      93.82575757575758,
      95.60606060606061,
      92.38636363636364,
      94.24242424242425,
      96.62878787878788,
      91.36363636363636,
      96.43939393939394,
      96.47727272727273,
      95.79545454545455,
      96.81818181818181,
      96.85606060606061,
      96.89393939393939,
      96.70454545454545,
      96.43939393939394,
      96.70454545454545,
      96.89393939393939,
      96.93181818181819,
      96.13636363636364,
      94.6590909090909,
      96.85606060606061,
      96.96969696969697,
      96.85606060606061,
      96.78030303030303,
      96.89393939393939,
      96.96969696969697,
      96.93181818181819,
      96.70454545454545,
      96.40151515151516,
      96.5909090909091,
      96.81818181818181
    ],