{
  "model": "physics_constrained_cnn",
  "seed": 9,
  "experiment": "pinn_ablation_random",
  "prereg": "\u00a78.8",
  "physics_weight": 1.0,
  "ops_aware": false,
  "evals": {
    "test": {
      "accuracy": 95.98484848484848,
      "f1_macro": 0.9593987019914522,
      "confusion_matrix": [
        [
          240,
          0,
          0,
          0,
          0,
          0,
          0,
          0,
          0,
          0,
          0
        ],
        [
          0,
          240,
          0,
          0,
          0,
          0,
          0,
          0,
          0,
          0,
          0
        ],
        [
          0,
          0,
          240,
          0,
          0,
          0,
          0,
          0,
          0,
          0,
          0
        ],
        [
          0,
          0,
          0,
          240,
          0,
          0,
          0,
          0,
          0,
          0,
          0
        ],
        [
          4,
          0,
          0,
          0,
          236,
          0,
          0,
          0,
          0,
          0,
          0
        ],
        [
          86,
          0,
          0,
          0,
          0,
          154,
          0,
          0,
          0,
          0,
          0
        ],
        [
          0,
          0,
          0,
          0,
          0,
          0,
          236,
          0,
          0,
          4,
          0
        ],
        [
          0,
          0,
          0,
          0,
          0,
          0,
          0,
          240,
          0,
          0,
          0
        ],
        [
          0,
          0,
          0,
          0,
          0,
          0,
          0,
          0,
          240,
          0,
          0
        ],
        [
          6,
          0,
          0,
          0,
          0,
          0,
          4,
          0,
          0,
          230,
          0
        ],
        [
          2,
          0,
          0,
          0,
          0,
          0,
          0,
          0,
          0,
          0,
          238
        ]
      ],
      "n": 2640
    },
    "test_snr5": {
      "accuracy": 86.85606060606061,
      "f1_macro": 0.8511672349334867,
      "confusion_matrix": [
        [
          221,
          0,
          0,
          0,
          0,
          0,
          0,
          0,
          0,
          19,
          0
        ],
        [
          0,
          240,
          0,
          0,
          0,
          0,
          0,
          0,
          0,
          0,
          0
        ],
        [
          0,
          0,
          240,
          0,
          0,
          0,
          0,
          0,
          0,
          0,
          0
        ],
        [
          0,
          0,
          0,
          238,
          0,
          0,
          1,
          0,
          0,
          1,
          0
        ],
        [
          5,
          0,
          0,
          0,
          25,
          1,
          0,
          0,
          0,
          209,
          0
        ],
        [
          73,
          0,
          0,
          0,
          0,
          153,
          0,
          0,
          0,
          14,
          0
        ],
        [
          0,
          0,
          0,
          0,
          0,
          0,
          234,
          0,
          0,
          6,
          0
        ],
        [
          0,
          0,
          0,
          0,
          0,
          2,
          0,
          237,
          0,
          1,
          0
        ],
        [
          0,
          0,
          0,
          0,
          0,
          0,
          0,
          0,
          236,
          4,
          0
        ],
        [
          4,
          0,
          0,
          0,
          0,
          0,
          3,
          0,
          0,
          233,
          0
        ],
        [
          3,
          0,
          0,
          0,
          0,
          0,
          0,
          0,
          0,
          1,
          236
        ]
      ],
      "n": 2640
    }
  },
  "history": {
    "train_acc": [
      70.26785714285714,
      87.62175324675324,
      91.08766233766234,
      92.98701298701299,
      92.39448051948052,
      93.16558441558442,
      94.26136363636364,
      94.29383116883118,
      94.61850649350649,
      94.10714285714286,
      94.6590909090909,
      94.31818181818181,
      94.60227272727273,
      94.68344155844156,
      94.77272727272727,
      95.20292207792208,
      94.40746753246754,
      95.00811688311688,
      94.98376623376623,
      95.10551948051948,
      95.17857142857143,
      94.7159090909091,
      95.39772727272727,
      95.32467532467533,
      95.40584415584415,
      95.77922077922078
    ],
    "val_acc": [
      76.47727272727273,
      79.96212121212122,
      89.62121212121212,
      94.54545454545455,
      90.98484848484848,
      93.82575757575758,
      94.28030303030303,
      95.41666666666667,
      94.92424242424242,
      94.6969696969697,
      94.16666666666667,
      91.93181818181819,
      94.31818181818181,
      95.07575757575758,
      95.71969696969697,
      95.9090909090909,
      94.6590909090909,
      95.49242424242425,
      95.22727272727273,
      95.56818181818181,
      94.39393939393939,
      95.15151515151516,
      95.11363636363636,
      95.56818181818181,
      95.37878787878788,
      95.9090909090909
    ],
    "physics_loss": [
      0.5301449958380167,
      0.5334356942734161,
      0.534982256455855,
      0.535181134242516,
      0.5352134576091518,
      0.5363609978130885,
      0.5362308334994625,
      0.5359780183086148,
      0.536315820588694,
      0.5355441551703911,
      0.5366341346270078,
      0.5358723767392047,
      0.5360126404019145,
      0.5364119260342091,
      0.5363632762586915,
      0.5366466008223496,
      0.5364948455389444,
      0.5362740176064628,
      0.5363553141618704,
      0.5370143283497203,
      0.5361425184584283,
      0.5368477180406644,
      0.5369431082304422,
      0.536566169850238,
      0.5366253094239668,
      0.5367993376471779
    ]
  },
  "provenance": {
    "budget": {
      "lr": 0.001,
      "batch": 64,
      "max_epochs": 60,
      "patience": 10
    },
    "best_epoch": 16,
    "best_val_acc": 95.9090909090909,
    "data": "dataset_v2.h5",
    "device": "cuda",
    "host": "3087713d4d7d",
    "git_sha": "4a2063d99387989042031fcd62111d4962d9966d",
    "wall_time_s": 373.8,
    "finished_at": "2026-06-23T09:08:00.225586+00:00"
  }
}