{
  "accuracy": 86.48018648018649,
  "per_class_metrics": {
    "Healthy": {
      "precision": 0.3939393939393939,
      "recall": 0.3333333333333333,
      "f1_score": 0.3611111111111111,
      "support": 39.0
    },
    "Misalignment": {
      "precision": 1.0,
      "recall": 1.0,
      "f1_score": 1.0,
      "support": 39.0
    },
    "Imbalance": {
      "precision": 0.975,
      "recall": 1.0,
      "f1_score": 0.9873417721518988,
      "support": 39.0
    },
    "Bearing Clearance": {
      "precision": 1.0,
      "recall": 1.0,
      "f1_score": 1.0,
      "support": 39.0
    },
    "Lubrication Issue": {
      "precision": 1.0,
      "recall": 1.0,
      "f1_score": 1.0,
      "support": 39.0
    },
    "Cavitation": {
      "precision": 0.4426229508196721,
      "recall": 0.6923076923076923,
      "f1_score": 0.54,
      "support": 39.0
    },
    "Wear": {
      "precision": 0.9285714285714286,
      "recall": 1.0,
      "f1_score": 0.9629629629629629,
      "support": 39.0
    },
    "Oil Whirl": {
      "precision": 1.0,
      "recall": 1.0,
      "f1_score": 1.0,
      "support": 39.0
    },
    "Misalignment + Imbalance": {
      "precision": 1.0,
      "recall": 0.9743589743589743,
      "f1_score": 0.987012987012987,
      "support": 39.0
    },
    "Wear + Lubrication": {
      "precision": 1.0,
      "recall": 0.5897435897435898,
      "f1_score": 0.7419354838709677,
      "support": 39.0
    },
    "Cavitation + Clearance": {
      "precision": 1.0,
      "recall": 0.9230769230769231,
      "f1_score": 0.96,
      "support": 39.0
    }
  },
  "confusion_matrix": [
    [
      13,
      0,
      0,
      0,
      0,
      26,
      0,
      0,
      0,
      0,
      0
    ],
    [
      0,
      39,
      0,
      0,
      0,
      0,
      0,
      0,
      0,
      0,
      0
    ],
    [
      0,
      0,
      39,
      0,
      0,
      0,
      0,
      0,
      0,
      0,
      0
    ],
    [
      0,
      0,
      0,
      39,
      0,
      0,
      0,
      0,
      0,
      0,
      0
    ],
    [
      0,
      0,
      0,
      0,
      39,
      0,
      0,
      0,
      0,
      0,
      0
    ],
    [
      12,
      0,
      0,
      0,
      0,
      27,
      0,
      0,
      0,
      0,
      0
    ],
    [
      0,
      0,
      0,
      0,
      0,
      0,
      39,
      0,
      0,
      0,
      0
    ],
    [
      0,
      0,
      0,
      0,
      0,
      0,
      0,
      39,
      0,
      0,
      0
    ],
    [
      0,
      0,
      1,
      0,
      0,
      0,
      0,
      0,
      38,
      0,
      0
    ],
    [
      6,
      0,
      0,
      0,
      0,
      7,
      3,
      0,
      0,
      23,
      0
    ],
    [
      2,
      0,
      0,
      0,
      0,
      1,
      0,
      0,
      0,
      0,
      36
    ]
  ],
  "class_names": [
    "Healthy",
    "Misalignment",
    "Imbalance",
    "Bearing Clearance",
    "Lubrication Issue",
    "Cavitation",
    "Wear",
    "Oil Whirl",
    "Misalignment + Imbalance",
    "Wear + Lubrication",
    "Cavitation + Clearance"
  ],
  "num_samples": 429,
  "provenance": {
    "checkpoint": "checkpoints/cnn/best_model.pth",
    "checkpoint_epoch": 17,
    "checkpoint_best_val_acc": 88.81118881118881,
    "data": "data/generated/dataset.h5",
    "split": "test",
    "git_sha": "19ab2eea645a614bedca3c8d5f08c2f810211cb5",
    "evaluated_at": "2026-06-10T21:52:05.113114+00:00",
    "device": "cpu"
  }
}