{
  "model": "physics_constrained_cnn",
  "seed": 3,
  "experiment": "pinn_ablation_random",
  "prereg": "\u00a78.8",
  "physics_weight": 1.0,
  "ops_aware": false,
  "evals": {
    "test": {
      "accuracy": 95.87121212121212,
      "f1_macro": 0.9585854478729957,
      "confusion_matrix": [
        [
          240,
          0,
          0,
          0,
          0,
          0,
          0,
          0,
          0,
          0,
          0
        ],
        [
          0,
          240,
          0,
          0,
          0,
          0,
          0,
          0,
          0,
          0,
          0
        ],
        [
          0,
          0,
          240,
          0,
          0,
          0,
          0,
          0,
          0,
          0,
          0
        ],
        [
          0,
          0,
          0,
          240,
          0,
          0,
          0,
          0,
          0,
          0,
          0
        ],
        [
          8,
          0,
          0,
          0,
          232,
          0,
          0,
          0,
          0,
          0,
          0
        ],
        [
          86,
          0,
          0,
          0,
          0,
          154,
          0,
          0,
          0,
          0,
          0
        ],
        [
          0,
          0,
          0,
          0,
          0,
          0,
          239,
          0,
          0,
          1,
          0
        ],
        [
          0,
          0,
          0,
          0,
          0,
          0,
          0,
          240,
          0,
          0,
          0
        ],
        [
          0,
          0,
          0,
          0,
          0,
          0,
          0,
          0,
          240,
          0,
          0
        ],
        [
          8,
          0,
          0,
          0,
          0,
          0,
          4,
          0,
          0,
          228,
          0
        ],
        [
          2,
          0,
          0,
          0,
          0,
          0,
          0,
          0,
          0,
          0,
          238
        ]
      ],
      "n": 2640
    },
    "test_snr5": {
      "accuracy": 94.77272727272728,
      "f1_macro": 0.9478779356050645,
      "confusion_matrix": [
        [
          240,
          0,
          0,
          0,
          0,
          0,
          0,
          0,
          0,
          0,
          0
        ],
        [
          0,
          240,
          0,
          0,
          0,
          0,
          0,
          0,
          0,
          0,
          0
        ],
        [
          0,
          0,
          240,
          0,
          0,
          0,
          0,
          0,
          0,
          0,
          0
        ],
        [
          0,
          0,
          0,
          240,
          0,
          0,
          0,
          0,
          0,
          0,
          0
        ],
        [
          8,
          0,
          0,
          0,
          211,
          2,
          0,
          0,
          0,
          19,
          0
        ],
        [
          86,
          0,
          0,
          0,
          0,
          154,
          0,
          0,
          0,
          0,
          0
        ],
        [
          0,
          0,
          0,
          0,
          0,
          0,
          237,
          0,
          0,
          3,
          0
        ],
        [
          0,
          0,
          0,
          0,
          0,
          0,
          0,
          240,
          0,
          0,
          0
        ],
        [
          0,
          0,
          0,
          0,
          0,
          0,
          0,
          0,
          240,
          0,
          0
        ],
        [
          12,
          0,
          0,
          0,
          0,
          0,
          3,
          0,
          0,
          225,
          0
        ],
        [
          5,
          0,
          0,
          0,
          0,
          0,
          0,
          0,
          0,
          0,
          235
        ]
      ],
      "n": 2640
    }
  },
  "history": {
    "train_acc": [
      71.62337662337663,
      85.69805194805195,
      87.11850649350649,
      88.06006493506493,
      88.14935064935065,
      89.6103896103896,
      93.4659090909091,
      93.82305194805195,
      94.18831168831169,
      94.05844155844156,
      94.8051948051948,
      94.24512987012987,
      94.5211038961039,
      94.92694805194805,
      94.38311688311688,
      95.03246753246754,
      94.91883116883118,
      95.16233766233766,
      95.27597402597402,
      95.09740259740259,
      95.0487012987013,
      95.43831168831169,
      95.53571428571429,
      95.41396103896103,
      95.43831168831169,
      95.33279220779221,
      95.33279220779221,
      95.66558441558442,
      95.26785714285714,
      95.65746753246754,
      94.7646103896104,
      94.96753246753246,
      95.4788961038961,
      95.64123376623377,
      95.73863636363636,
      95.40584415584415,
      95.82792207792208,
      95.625,
      95.40584415584415,
      95.85227272727273,
      95.90097402597402,
      96.1038961038961,
      95.73863636363636,
      96.1038961038961
    ],
    "val_acc": [
      84.81060606060606,
      86.02272727272727,
      87.87878787878788,
      80.71969696969697,
      87.00757575757575,
      82.00757575757575,
      95.22727272727273,
      93.97727272727273,
      92.76515151515152,
      94.84848484848484,
      94.39393939393939,
      94.54545454545455,
      94.88636363636364,
      95.3409090909091,
      95.3030303030303,
      94.50757575757575,
      95.49242424242425,
      94.92424242424242,
      95.49242424242425,
      94.6590909090909,
      94.39393939393939,
      94.84848484848484,
      95.49242424242425,
      95.03787878787878,
      95.3409090909091,
      95.60606060606061,
      95.18939393939394,
      94.96212121212122,
      95.68181818181819,
      93.75,
      95.64393939393939,
      95.41666666666667,
      95.41666666666667,
      95.79545454545455,
      95.64393939393939,
      95.3409090909091,
      95.11363636363636,
      95.3409090909091,
      95.45454545454545,
      95.71969696969697,
      95.71969696969697,
      95.56818181818181,
      95.37878787878788,
      95.3030303030303
    ],
    "physics_loss": [
      0.5294410132742547,
      0.5331285531644697,
      0.5329352038247245,
      0.5336553381634997,
      0.5330858261554272,
      0.534003529997615,
      0.5348939070453892,
      0.5356361389160156,
      0.5363230476131687,
      0.5354675743486974,
      0.5368562387181567,
      0.5357905482316946,
      0.53559066351358,
      0.5368019100907561,
      0.5363884945968529,
      0.536701361854355,
      0.5364029907560968,
      0.5363529755697622,
      0.5365321063376093,
      0.5368429531524708,
      0.5363756659743074,
      0.5368370235740364,
      0.5366077119653875,
      0.536711164650979,
      0.5368012675991306,
      0.53637814552753,
      0.5368119742963221,
      0.5368714274524095,
      0.536692181190887,
      0.5365579308627488,
      0.5361222155682452,
      0.5369529049117844,
      0.5368831049312245,
      0.5369142645365232,
      0.5367932581282281,
      0.536455672747129,
      0.5373109577538131,
      0.5370420346012363,
      0.5366599815232413,
      0.5369429834477313,
      0.5369609151567731,
      0.5369125598436826,
      0.5367533233258631,
      0.5369842180958042
    ]
  },
  "provenance": {
    "budget": {
      "lr": 0.001,
      "batch": 64,
      "max_epochs": 60,
      "patience": 10
    },
    "best_epoch": 34,
    "best_val_acc": 95.79545454545455,
    "data": "dataset_v2.h5",
    "device": "cuda",
    "host": "3087713d4d7d",
    "git_sha": "4a2063d99387989042031fcd62111d4962d9966d",
    "wall_time_s": 629.6,
    "finished_at": "2026-06-23T07:59:00.043344+00:00"
  }
}