{
  "model": "physics_constrained_cnn",
  "seed": 0,
  "experiment": "severity_ood",
  "prereg": "\u00a78.3",
  "direction": "A_train_low_test_severe",
  "physics_weight": 0.3,
  "ops_aware": false,
  "evals": {
    "ood_test": {
      "accuracy": 97.27272727272728,
      "f1_macro": 0.9723509382760298,
      "confusion_matrix": [
        [
          58,
          0,
          0,
          0,
          0,
          2,
          0,
          0,
          0,
          0,
          0
        ],
        [
          0,
          60,
          0,
          0,
          0,
          0,
          0,
          0,
          0,
          0,
          0
        ],
        [
          0,
          0,
          60,
          0,
          0,
          0,
          0,
          0,
          0,
          0,
          0
        ],
        [
          0,
          0,
          0,
          60,
          0,
          0,
          0,
          0,
          0,
          0,
          0
        ],
        [
          0,
          0,
          0,
          0,
          60,
          0,
          0,
          0,
          0,
          0,
          0
        ],
        [
          16,
          0,
          0,
          0,
          0,
          44,
          0,
          0,
          0,
          0,
          0
        ],
        [
          0,
          0,
          0,
          0,
          0,
          0,
          60,
          0,
          0,
          0,
          0
        ],
        [
          0,
          0,
          0,
          0,
          0,
          0,
          0,
          60,
          0,
          0,
          0
        ],
        [
          0,
          0,
          0,
          0,
          0,
          0,
          0,
          0,
          60,
          0,
          0
        ],
        [
          0,
          0,
          0,
          0,
          0,
          0,
          0,
          0,
          0,
          60,
          0
        ],
        [
          0,
          0,
          0,
          0,
          0,
          0,
          0,
          0,
          0,
          0,
          60
        ]
      ],
      "n": 660
    },
    "full_test": {
      "accuracy": 96.17424242424242,
      "f1_macro": 0.9609915368531923,
      "confusion_matrix": [
        [
          229,
          0,
          0,
          0,
          0,
          9,
          0,
          0,
          0,
          2,
          0
        ],
        [
          0,
          240,
          0,
          0,
          0,
          0,
          0,
          0,
          0,
          0,
          0
        ],
        [
          0,
          0,
          240,
          0,
          0,
          0,
          0,
          0,
          0,
          0,
          0
        ],
        [
          0,
          0,
          0,
          240,
          0,
          0,
          0,
          0,
          0,
          0,
          0
        ],
        [
          0,
          0,
          0,
          0,
          240,
          0,
          0,
          0,
          0,
          0,
          0
        ],
        [
          83,
          0,
          0,
          0,
          0,
          156,
          0,
          0,
          0,
          1,
          0
        ],
        [
          0,
          0,
          0,
          0,
          0,
          0,
          240,
          0,
          0,
          0,
          0
        ],
        [
          0,
          0,
          0,
          0,
          0,
          0,
          0,
          240,
          0,
          0,
          0
        ],
        [
          0,
          0,
          0,
          0,
          0,
          0,
          0,
          0,
          240,
          0,
          0
        ],
        [
          2,
          0,
          0,
          0,
          0,
          2,
          1,
          0,
          0,
          235,
          0
        ],
        [
          1,
          0,
          0,
          0,
          0,
          0,
          0,
          0,
          0,
          0,
          239
        ]
      ],
      "n": 2640
    }
  },
  "history": {
    "train_acc": [
      71.07142857142857,
      85.14069264069263,
      86.95887445887446,
      87.03463203463204,
      87.72727272727273,
      88.12770562770562,
      88.27922077922078,
      88.54978354978356,
      90.3030303030303,
      91.74242424242425,
      92.61904761904762,
      94.37229437229438,
      93.85281385281385,
      94.22077922077922,
      93.51731601731602,
      94.04761904761905,
      94.04761904761905,
      94.36147186147186,
      95.03246753246754,
      94.7943722943723,
      95.0108225108225,
      95.03246753246754,
      94.491341991342,
      93.25757575757575,
      95.0,
      95.27056277056278,
      94.9891774891775,
      94.53463203463204,
      95.05411255411255,
      95.21645021645021,
      95.08658008658008,
      95.66017316017316,
      95.27056277056278,
      94.65367965367966,
      95.61688311688312,
      95.05411255411255,
      94.91341991341992,
      95.508658008658,
      95.98484848484848,
      96.02813852813853,
      95.67099567099567,
      95.88744588744589,
      95.88744588744589,
      96.06060606060606,
      96.03896103896103,
      96.14718614718615,
      96.4069264069264,
      96.46103896103897,
      96.41774891774892,
      96.75324675324676,
      96.28787878787878,
      96.42857142857143,
      96.75324675324676,
      96.8073593073593,
      96.50432900432901,
      96.81818181818181,
      96.70995670995671,
      97.08874458874459,
      96.991341991342,
      97.26190476190476
    ],
    "val_acc": [
      78.53535353535354,
      80.35353535353535,
      83.48484848484848,
      82.62626262626263,
      86.86868686868686,
      78.43434343434343,
      84.29292929292929,
      89.54545454545455,
      89.94949494949495,
      88.93939393939394,
      93.63636363636364,
      94.39393939393939,
      94.4949494949495,
      93.13131313131314,
      94.74747474747475,
      94.6969696969697,
      94.04040404040404,
      93.58585858585859,
      94.14141414141415,
      94.84848484848484,
      94.29292929292929,
      95.15151515151516,
      92.62626262626263,
      93.68686868686869,
      95.1010101010101,
      95.1010101010101,
      94.79797979797979,
      94.79797979797979,
      95.05050505050505,
      95.20202020202021,
      94.14141414141415,
      94.8989898989899,
      95.45454545454545,
      95.8080808080808,
      95.60606060606061,
      95.85858585858585,
      95.8080808080808,
      96.46464646464646,
      96.51515151515152,
      96.66666666666667,
      94.5959595959596,
      95.5050505050505,
      96.31313131313131,
      96.41414141414141,
      95.20202020202021,
      96.51515151515152,
      94.04040404040404,
      94.84848484848484,
      96.11111111111111,
      96.71717171717172,
      94.6969696969697,
      95.75757575757575,
      96.01010101010101,
      94.29292929292929,
      95.45454545454545,
      95.95959595959596,
      95.45454545454545,
      95.8080808080808,
      95.55555555555556,
      95.95959595959596
    ],