{
  "model": "physics_constrained_cnn",
  "seed": 4,
  "experiment": "pinn_ablation",
  "prereg": "\u00a78.4",
  "physics_weight": 1.0,
  "ops_aware": false,
  "evals": {
    "test": {
      "accuracy": 96.17424242424242,
      "f1_macro": 0.9613601763949834,
      "confusion_matrix": [
        [
          240,
          0,
          0,
          0,
          0,
          0,
          0,
          0,
          0,
          0,
          0
        ],
        [
          0,
          240,
          0,
          0,
          0,
          0,
          0,
          0,
          0,
          0,
          0
        ],
        [
          0,
          0,
          240,
          0,
          0,
          0,
          0,
          0,
          0,
          0,
          0
        ],
        [
          0,
          0,
          0,
          240,
          0,
          0,
          0,
          0,
          0,
          0,
          0
        ],
        [
          0,
          0,
          0,
          0,
          240,
          0,
          0,
          0,
          0,
          0,
          0
        ],
        [
          86,
          0,
          0,
          0,
          0,
          154,
          0,
          0,
          0,
          0,
          0
        ],
        [
          0,
          0,
          0,
          0,
          0,
          0,
          239,
          0,
          0,
          1,
          0
        ],
        [
          0,
          0,
          0,
          0,
          0,
          0,
          0,
          240,
          0,
          0,
          0
        ],
        [
          0,
          0,
          0,
          0,
          0,
          0,
          0,
          0,
          240,
          0,
          0
        ],
        [
          9,
          0,
          0,
          0,
          0,
          0,
          0,
          0,
          0,
          231,
          0
        ],
        [
          4,
          0,
          0,
          0,
          0,
          1,
          0,
          0,
          0,
          0,
          235
        ]
      ],
      "n": 2640
    },
    "test_snr5": {
      "accuracy": 92.72727272727272,
      "f1_macro": 0.9257611754658034,
      "confusion_matrix": [
        [
          240,
          0,
          0,
          0,
          0,
          0,
          0,
          0,
          0,
          0,
          0
        ],
        [
          0,
          240,
          0,
          0,
          0,
          0,
          0,
          0,
          0,
          0,
          0
        ],
        [
          0,
          0,
          240,
          0,
          0,
          0,
          0,
          0,
          0,
          0,
          0
        ],
        [
          0,
          0,
          0,
          240,
          0,
          0,
          0,
          0,
          0,
          0,
          0
        ],
        [
          1,
          0,
          0,
          0,
          151,
          2,
          0,
          0,
          0,
          86,
          0
        ],
        [
          85,
          0,
          0,
          0,
          0,
          154,
          0,
          0,
          0,
          1,
          0
        ],
        [
          0,
          0,
          0,
          0,
          0,
          0,
          237,
          0,
          0,
          3,
          0
        ],
        [
          0,
          0,
          0,
          0,
          0,
          0,
          0,
          240,
          0,
          0,
          0
        ],
        [
          0,
          0,
          0,
          0,
          0,
          0,
          0,
          0,
          240,
          0,
          0
        ],
        [
          8,
          0,
          0,
          0,
          0,
          0,
          0,
          0,
          0,
          232,
          0
        ],
        [
          4,
          0,
          0,
          0,
          0,
          2,
          0,
          0,
          0,
          0,
          234
        ]
      ],
      "n": 2640
    }
  },
  "history": {
    "train_acc": [
      74.57792207792208,
      87.93831168831169,
      91.17694805194805,
      92.62987012987013,
      93.34415584415585,
      93.3198051948052,
      94.52922077922078,
      94.58603896103897,
      94.35064935064935,
      94.57792207792208,
      94.65097402597402,
      93.96915584415585,
      94.69155844155844,
      94.53733766233766,
      94.90259740259741,
      95.25974025974025,
      95.49512987012987,
      95.31655844155844,
      94.91883116883118,
      93.71753246753246,
      95.02435064935065,
      94.77272727272727,
      95.55194805194805,
      95.68181818181819,
      95.90097402597402,
      96.16883116883118,
      95.83603896103897,
      96.13636363636364,
      96.08766233766234,
      96.2987012987013,
      96.16883116883118,
      95.55194805194805,
      96.18506493506493,
      96.37987012987013,
      96.2987012987013,
      96.09577922077922,
      96.40422077922078,
      96.07954545454545,
      95.3409090909091
    ],
    "val_acc": [
      84.88636363636364,
      90.37878787878788,
      91.13636363636364,
      92.87878787878788,
      92.76515151515152,
      94.50757575757575,
      95.03787878787878,
      94.6590909090909,
      93.78787878787878,
      94.96212121212122,
      93.14393939393939,
      95.22727272727273,
      95.0,
      93.97727272727273,
      96.17424242424242,
      96.17424242424242,
      96.17424242424242,
      95.75757575757575,
      96.06060606060606,
      95.49242424242425,
      95.03787878787878,
      95.87121212121212,
      96.28787878787878,
      96.74242424242425,
      96.13636363636364,
      96.32575757575758,
      96.85606060606061,
      96.40151515151516,
      96.89393939393939,
      96.28787878787878,
      96.40151515151516,
      96.5909090909091,
      96.89393939393939,
      96.89393939393939,
      96.78030303030303,
      96.32575757575758,
      96.78030303030303,
      96.78030303030303,
      95.53030303030303
    ],
    "physics_loss": [
      0.08612281023101373,
      0.04341465255560039,
      0.03986773949551892,
      0.03695598858614246,
      0.036019360249886265,
      0.03572498927158969,
      0.034129527559528104,
      0.03350838565497429,
      0.03365166577232349,
      0.03412876409514771,
      0.03393747399186159,
      0.034185142331309135,
      0.03329329618869664,
      0.03356299395975355,
      0.03313157538121397,
      0.03200986903257571,
      0.03186464632389607,
      0.031866784800182686,
      0.03244397951314201,
      0.035293753053267284,
      0.03218246970277328,
      0.03209051776967652,
      0.030863492887515526,
      0.03118404122916135,
      0.030697745239579834,
      0.030074910621170875,
      0.0305647196901309,
      0.030467375539630265,
      0.029982458993599012,
      0.030319013286914144,
      0.030253010298814866,
      0.03150186146815102,
      0.030208691949774692,
      0.029938217334739572,
      0.030065712335144545,
      0.03013957507134258,
      0.02999784228234709,
      0.030363024727671176,
      0.03245705279533739
    ]
  },
  "provenance": {
    "budget": {
      "lr": 0.001,
      "batch": 64,
      "max_epochs": 60,
      "patience": 10
    },
    "best_epoch": 29,
    "best_val_acc": 96.89393939393939,
    "data": "dataset_v2.h5",
    "device": "cuda",
    "host": "242c8a6721cd",
    "git_sha": "4a2063d99387989042031fcd62111d4962d9966d",
    "wall_time_s": 543.8,
    "finished_at": "2026-06-23T00:06:46.711937+00:00"
  }
}