{
  "model": "physics_constrained_cnn",
  "seed": 2,
  "experiment": "pinn_ablation",
  "prereg": "\u00a78.4",
  "physics_weight": 0.1,
  "ops_aware": false,
  "evals": {
    "test": {
      "accuracy": 96.32575757575758,
      "f1_macro": 0.9625996068821521,
      "confusion_matrix": [
        [
          236,
          0,
          0,
          0,
          0,
          4,
          0,
          0,
          0,
          0,
          0
        ],
        [
          0,
          240,
          0,
          0,
          0,
          0,
          0,
          0,
          0,
          0,
          0
        ],
        [
          0,
          0,
          240,
          0,
          0,
          0,
          0,
          0,
          0,
          0,
          0
        ],
        [
          0,
          0,
          0,
          240,
          0,
          0,
          0,
          0,
          0,
          0,
          0
        ],
        [
          0,
          0,
          0,
          0,
          240,
          0,
          0,
          0,
          0,
          0,
          0
        ],
        [
          86,
          0,
          0,
          0,
          0,
          154,
          0,
          0,
          0,
          0,
          0
        ],
        [
          0,
          0,
          0,
          0,
          0,
          0,
          240,
          0,
          0,
          0,
          0
        ],
        [
          0,
          0,
          0,
          0,
          0,
          0,
          0,
          240,
          0,
          0,
          0
        ],
        [
          0,
          0,
          0,
          0,
          0,
          0,
          0,
          0,
          240,
          0,
          0
        ],
        [
          7,
          0,
          0,
          0,
          0,
          0,
          0,
          0,
          0,
          233,
          0
        ],
        [
          0,
          0,
          0,
          0,
          0,
          0,
          0,
          0,
          0,
          0,
          240
        ]
      ],
      "n": 2640
    },
    "test_snr5": {
      "accuracy": 95.87121212121212,
      "f1_macro": 0.9581049073117316,
      "confusion_matrix": [
        [
          231,
          0,
          0,
          0,
          0,
          8,
          0,
          0,
          0,
          1,
          0
        ],
        [
          0,
          240,
          0,
          0,
          0,
          0,
          0,
          0,
          0,
          0,
          0
        ],
        [
          0,
          0,
          240,
          0,
          0,
          0,
          0,
          0,
          0,
          0,
          0
        ],
        [
          0,
          0,
          0,
          240,
          0,
          0,
          0,
          0,
          0,
          0,
          0
        ],
        [
          0,
          0,
          0,
          0,
          240,
          0,
          0,
          0,
          0,
          0,
          0
        ],
        [
          84,
          0,
          0,
          0,
          0,
          155,
          0,
          0,
          0,
          1,
          0
        ],
        [
          0,
          0,
          0,
          0,
          0,
          0,
          239,
          0,
          0,
          1,
          0
        ],
        [
          0,
          0,
          0,
          0,
          0,
          0,
          0,
          240,
          0,
          0,
          0
        ],
        [
          0,
          0,
          0,
          0,
          0,
          0,
          0,
          0,
          240,
          0,
          0
        ],
        [
          8,
          0,
          0,
          0,
          6,
          0,
          0,
          0,
          0,
          226,
          0
        ],
        [
          0,
          0,
          0,
          0,
          0,
          0,
          0,
          0,
          0,
          0,
          240
        ]
      ],
      "n": 2640
    }
  },
  "history": {
    "train_acc": [
      71.37987012987013,
      85.37337662337663,
      88.99350649350649,
      91.51785714285714,
      93.22240259740259,
      93.53896103896103,
      93.74188311688312,
      94.45616883116882,
      94.0909090909091,
      94.62662337662337,
      93.74188311688312,
      94.73214285714286,
      94.74025974025975,
      94.47240259740259,
      94.98376623376623,
      95.12175324675324,
      95.08928571428571,
      94.99188311688312,
      95.54383116883118,
      95.29220779220779,
      95.48701298701299,
      95.04058441558442,
      95.50324675324676,
      95.3896103896104,
      95.91720779220779,
      95.46266233766234,
      94.98376623376623,
      95.31655844155844,
      95.86850649350649,
      95.8198051948052,
      96.24188311688312,
      96.13636363636364,
      96.08766233766234,
      96.12824675324676,
      96.32305194805195,
      96.25811688311688,
      96.13636363636364,
      96.46915584415585,
      96.37175324675324,
      96.45292207792208,
      96.6801948051948,
      96.54220779220779,
      95.99025974025975,
      96.7288961038961,
      96.76948051948052,
      96.50162337662337,
      96.60714285714286,
      96.67207792207792,
      96.08766233766234,
      96.62337662337663,
      96.69642857142857,
      96.98051948051948,
      96.67207792207792
    ],
    "val_acc": [
      73.56060606060606,
      89.73484848484848,
      88.56060606060606,
      93.4469696969697,
      94.43181818181819,
      92.1969696969697,
      95.18939393939394,
      95.11363636363636,
      94.92424242424242,
      94.54545454545455,
      94.96212121212122,
      94.6969696969697,
      95.49242424242425,
      95.0,
      95.11363636363636,
      95.37878787878788,
      95.15151515151516,
      95.75757575757575,
      94.84848484848484,
      95.07575757575758,
      95.98484848484848,
      94.88636363636364,
      94.35606060606061,
      95.07575757575758,
      96.28787878787878,
      94.6590909090909,
      96.17424242424242,
      95.64393939393939,
      96.62878787878788,
      96.5909090909091,
      96.5530303030303,
      93.90151515151516,
      96.66666666666667,
      96.66666666666667,
      96.78030303030303,
      96.81818181818181,
      96.5530303030303,
      96.89393939393939,
      96.89393939393939,
      96.93181818181819,
      96.32575757575758,
      92.68939393939394,
      96.96969696969697,
      96.89393939393939,
      96.70454545454545,
      96.85606060606061,
      96.81818181818181,
      96.66666666666667,
      95.3409090909091,
      96.28787878787878,
      96.47727272727273,
      96.5909090909091,
      96.36363636363636
    ],