{
  "model": "physics_constrained_cnn",
  "seed": 5,
  "experiment": "pinn_ablation",
  "prereg": "\u00a78.4",
  "physics_weight": 1.0,
  "ops_aware": false,
  "evals": {
    "test": {
      "accuracy": 95.79545454545455,
      "f1_macro": 0.9574346810464139,
      "confusion_matrix": [
        [
          239,
          0,
          0,
          0,
          0,
          0,
          0,
          0,
          0,
          1,
          0
        ],
        [
          0,
          240,
          0,
          0,
          0,
          0,
          0,
          0,
          0,
          0,
          0
        ],
        [
          0,
          0,
          240,
          0,
          0,
          0,
          0,
          0,
          0,
          0,
          0
        ],
        [
          0,
          0,
          0,
          240,
          0,
          0,
          0,
          0,
          0,
          0,
          0
        ],
        [
          9,
          0,
          0,
          0,
          231,
          0,
          0,
          0,
          0,
          0,
          0
        ],
        [
          82,
          0,
          0,
          0,
          1,
          154,
          0,
          0,
          0,
          3,
          0
        ],
        [
          0,
          0,
          0,
          0,
          0,
          0,
          238,
          0,
          0,
          2,
          0
        ],
        [
          0,
          0,
          0,
          0,
          0,
          0,
          0,
          240,
          0,
          0,
          0
        ],
        [
          0,
          0,
          0,
          0,
          0,
          0,
          0,
          0,
          240,
          0,
          0
        ],
        [
          5,
          0,
          0,
          0,
          0,
          0,
          7,
          0,
          0,
          228,
          0
        ],
        [
          1,
          0,
          0,
          0,
          0,
          0,
          0,
          0,
          0,
          0,
          239
        ]
      ],
      "n": 2640
    },
    "test_snr5": {
      "accuracy": 84.20454545454545,
      "f1_macro": 0.8213613958278689,
      "confusion_matrix": [
        [
          200,
          0,
          0,
          0,
          0,
          0,
          0,
          0,
          0,
          40,
          0
        ],
        [
          0,
          240,
          0,
          0,
          0,
          0,
          0,
          0,
          0,
          0,
          0
        ],
        [
          0,
          0,
          240,
          0,
          0,
          0,
          0,
          0,
          0,
          0,
          0
        ],
        [
          0,
          0,
          0,
          240,
          0,
          0,
          0,
          0,
          0,
          0,
          0
        ],
        [
          1,
          0,
          0,
          0,
          3,
          0,
          0,
          0,
          0,
          236,
          0
        ],
        [
          69,
          0,
          0,
          0,
          0,
          151,
          0,
          0,
          0,
          20,
          0
        ],
        [
          0,
          0,
          0,
          0,
          0,
          0,
          236,
          0,
          0,
          4,
          0
        ],
        [
          0,
          0,
          0,
          0,
          0,
          0,
          5,
          210,
          0,
          25,
          0
        ],
        [
          0,
          0,
          0,
          0,
          0,
          0,
          0,
          0,
          240,
          0,
          0
        ],
        [
          8,
          0,
          0,
          0,
          0,
          0,
          5,
          0,
          0,
          227,
          0
        ],
        [
          1,
          0,
          0,
          0,
          0,
          0,
          0,
          0,
          0,
          3,
          236
        ]
      ],
      "n": 2640
    }
  },
  "history": {
    "train_acc": [
      73.96103896103897,
      87.07792207792208,
      91.46103896103897,
      93.05194805194805,
      93.3603896103896,
      94.25324675324676,
      94.3262987012987,
      94.82142857142857,
      94.61850649350649,
      94.6590909090909,
      94.94318181818181,
      94.82142857142857,
      95.01623376623377,
      92.25649350649351,
      93.97727272727273,
      95.08928571428571,
      95.26785714285714
    ],
    "val_acc": [
      78.56060606060606,
      83.67424242424242,
      85.37878787878788,
      89.6590909090909,
      91.78030303030303,
      92.61363636363636,
      95.15151515151516,
      94.73484848484848,
      94.31818181818181,
      94.58333333333333,
      93.78787878787878,
      92.87878787878788,
      94.28030303030303,
      93.63636363636364,
      94.81060606060606,
      95.11363636363636,
      95.0
    ],
    "physics_loss": [
      0.08257406383946345,
      0.044630134553201015,
      0.03891130179263554,
      0.03644056584347378,
      0.03598247536204078,
      0.034703066836220105,
      0.03480361904707048,
      0.03354796217149728,
      0.03392266414382241,
      0.033718830966330195,
      0.03354047315751577,
      0.03326287285799717,
      0.03370479387594024,
      0.036537277190522716,
      0.03429085153409026,
      0.03294636928415918,
      0.0321582804252575
    ]
  },
  "provenance": {
    "budget": {
      "lr": 0.001,
      "batch": 64,
      "max_epochs": 60,
      "patience": 10
    },
    "best_epoch": 7,
    "best_val_acc": 95.15151515151516,
    "data": "dataset_v2.h5",
    "device": "cuda",
    "host": "242c8a6721cd",
    "git_sha": "4a2063d99387989042031fcd62111d4962d9966d",
    "wall_time_s": 237.2,
    "finished_at": "2026-06-23T00:10:44.438676+00:00"
  }
}