{
  "model": "physics_constrained_cnn",
  "seed": 1,
  "experiment": "pinn_ablation",
  "prereg": "\u00a78.4",
  "physics_weight": 1.0,
  "ops_aware": false,
  "evals": {
    "test": {
      "accuracy": 96.06060606060606,
      "f1_macro": 0.9602099255341944,
      "confusion_matrix": [
        [
          229,
          0,
          0,
          0,
          0,
          11,
          0,
          0,
          0,
          0,
          0
        ],
        [
          0,
          240,
          0,
          0,
          0,
          0,
          0,
          0,
          0,
          0,
          0
        ],
        [
          0,
          0,
          240,
          0,
          0,
          0,
          0,
          0,
          0,
          0,
          0
        ],
        [
          0,
          0,
          0,
          240,
          0,
          0,
          0,
          0,
          0,
          0,
          0
        ],
        [
          0,
          0,
          0,
          0,
          240,
          0,
          0,
          0,
          0,
          0,
          0
        ],
        [
          82,
          0,
          0,
          0,
          0,
          157,
          0,
          0,
          0,
          1,
          0
        ],
        [
          0,
          0,
          0,
          0,
          0,
          0,
          240,
          0,
          0,
          0,
          0
        ],
        [
          0,
          0,
          0,
          0,
          0,
          0,
          0,
          240,
          0,
          0,
          0
        ],
        [
          0,
          0,
          0,
          0,
          0,
          0,
          0,
          0,
          240,
          0,
          0
        ],
        [
          8,
          0,
          0,
          0,
          0,
          1,
          0,
          0,
          0,
          231,
          0
        ],
        [
          1,
          0,
          0,
          0,
          0,
          0,
          0,
          0,
          0,
          0,
          239
        ]
      ],
      "n": 2640
    },
    "test_snr5": {
      "accuracy": 95.45454545454545,
      "f1_macro": 0.954269018819171,
      "confusion_matrix": [
        [
          225,
          0,
          0,
          0,
          0,
          14,
          0,
          0,
          0,
          1,
          0
        ],
        [
          0,
          240,
          0,
          0,
          0,
          0,
          0,
          0,
          0,
          0,
          0
        ],
        [
          0,
          0,
          240,
          0,
          0,
          0,
          0,
          0,
          0,
          0,
          0
        ],
        [
          0,
          0,
          0,
          240,
          0,
          0,
          0,
          0,
          0,
          0,
          0
        ],
        [
          0,
          0,
          0,
          0,
          231,
          0,
          0,
          0,
          0,
          9,
          0
        ],
        [
          81,
          0,
          0,
          0,
          0,
          157,
          0,
          0,
          0,
          2,
          0
        ],
        [
          0,
          0,
          0,
          0,
          0,
          0,
          239,
          0,
          0,
          1,
          0
        ],
        [
          0,
          0,
          0,
          0,
          0,
          0,
          0,
          240,
          0,
          0,
          0
        ],
        [
          0,
          0,
          0,
          0,
          0,
          0,
          0,
          0,
          240,
          0,
          0
        ],
        [
          10,
          0,
          0,
          0,
          0,
          1,
          0,
          0,
          0,
          229,
          0
        ],
        [
          1,
          0,
          0,
          0,
          0,
          0,
          0,
          0,
          0,
          0,
          239
        ]
      ],
      "n": 2640
    }
  },
  "history": {
    "train_acc": [
      75.66558441558442,
      89.29383116883118,
      91.73701298701299,
      93.37662337662337,
      93.1737012987013,
      94.26948051948052,
      94.50487012987013,
      94.29383116883118,
      94.94318181818181,
      94.43993506493507,
      94.77272727272727,
      94.73214285714286,
      95.24350649350649,
      95.1948051948052,
      94.96753246753246,
      95.12175324675324,
      95.39772727272727,
      95.06493506493507,
      94.99188311688312,
      94.52922077922078,
      94.79707792207792,
      95.26785714285714,
      95.4301948051948,
      95.52759740259741,
      95.70616883116882,
      95.12987012987013,
      95.21103896103897,
      95.70616883116882,
      95.55194805194805,
      95.68181818181819,
      95.80357142857143,
      95.75487012987013,
      95.80357142857143,
      95.95779220779221,
      95.94967532467533,
      95.86850649350649,
      96.16883116883118,
      96.2987012987013,
      96.02272727272727,
      95.95779220779221,
      96.32305194805195,
      96.50974025974025,
      96.37175324675324,
      96.03084415584415,
      96.42857142857143,
      96.51785714285714,
      96.19318181818181,
      96.69642857142857,
      96.69642857142857,
      97.01298701298701,
      97.08603896103897,
      96.81006493506493,
      96.80194805194805,
      97.11850649350649,
      97.31331168831169,
      96.9237012987013,
      97.4512987012987,
      96.7288961038961,
      96.72077922077922,
      97.65422077922078
    ],
    "val_acc": [
      83.10606060606061,
      81.93181818181819,
      83.48484848484848,
      86.51515151515152,
      90.64393939393939,
      89.88636363636364,
      91.51515151515152,
      93.4469696969697,
      95.15151515151516,
      94.35606060606061,
      93.4090909090909,
      93.03030303030303,
      93.52272727272727,
      94.62121212121212,
      95.07575757575758,
      95.3409090909091,
      95.15151515151516,
      94.62121212121212,
      95.37878787878788,
      85.22727272727273,
      95.22727272727273,
      95.37878787878788,
      94.96212121212122,
      95.49242424242425,
      95.18939393939394,
      95.41666666666667,
      94.58333333333333,
      95.56818181818181,
      95.26515151515152,
      95.56818181818181,
      95.37878787878788,
      94.6590909090909,
      95.71969696969697,
      96.40151515151516,
      96.40151515151516,
      96.06060606060606,
      96.43939393939394,
      96.51515151515152,
      93.21969696969697,
      96.5530303030303,
      96.62878787878788,
      96.47727272727273,
      94.96212121212122,
      96.28787878787878,
      96.43939393939394,
      96.36363636363636,
      96.36363636363636,
      96.66666666666667,
      95.49242424242425,
      95.9469696969697,
      96.21212121212122,
      96.36363636363636,
      96.78030303030303,
      96.21212121212122,
      96.51515151515152,
      96.5909090909091,
      96.89393939393939,
      96.28787878787878,
      95.0,
      96.32575757575758
    ],