{
  "model": "physics_constrained_cnn",
  "seed": 8,
  "experiment": "pinn_ablation",
  "prereg": "\u00a78.4",
  "physics_weight": 1.0,
  "ops_aware": false,
  "evals": {
    "test": {
      "accuracy": 95.9469696969697,
      "f1_macro": 0.9589789070679825,
      "confusion_matrix": [
        [
          240,
          0,
          0,
          0,
          0,
          0,
          0,
          0,
          0,
          0,
          0
        ],
        [
          0,
          240,
          0,
          0,
          0,
          0,
          0,
          0,
          0,
          0,
          0
        ],
        [
          0,
          0,
          240,
          0,
          0,
          0,
          0,
          0,
          0,
          0,
          0
        ],
        [
          0,
          0,
          0,
          240,
          0,
          0,
          0,
          0,
          0,
          0,
          0
        ],
        [
          4,
          0,
          0,
          0,
          236,
          0,
          0,
          0,
          0,
          0,
          0
        ],
        [
          84,
          0,
          0,
          0,
          2,
          154,
          0,
          0,
          0,
          0,
          0
        ],
        [
          0,
          0,
          0,
          0,
          0,
          0,
          239,
          0,
          0,
          1,
          0
        ],
        [
          0,
          0,
          0,
          0,
          0,
          0,
          0,
          240,
          0,
          0,
          0
        ],
        [
          0,
          0,
          0,
          0,
          0,
          0,
          0,
          0,
          240,
          0,
          0
        ],
        [
          9,
          0,
          0,
          0,
          0,
          0,
          6,
          0,
          0,
          225,
          0
        ],
        [
          1,
          0,
          0,
          0,
          0,
          0,
          0,
          0,
          0,
          0,
          239
        ]
      ],
      "n": 2640
    },
    "test_snr5": {
      "accuracy": 88.25757575757575,
      "f1_macro": 0.8658178127313313,
      "confusion_matrix": [
        [
          239,
          0,
          0,
          0,
          0,
          0,
          0,
          0,
          0,
          1,
          0
        ],
        [
          0,
          240,
          0,
          0,
          0,
          0,
          0,
          0,
          0,
          0,
          0
        ],
        [
          0,
          0,
          240,
          0,
          0,
          0,
          0,
          0,
          0,
          0,
          0
        ],
        [
          0,
          0,
          0,
          240,
          0,
          0,
          0,
          0,
          0,
          0,
          0
        ],
        [
          6,
          0,
          0,
          0,
          36,
          0,
          0,
          0,
          0,
          198,
          0
        ],
        [
          81,
          0,
          0,
          0,
          0,
          154,
          0,
          0,
          0,
          5,
          0
        ],
        [
          0,
          0,
          0,
          0,
          0,
          0,
          236,
          0,
          0,
          4,
          0
        ],
        [
          0,
          0,
          0,
          0,
          0,
          0,
          0,
          240,
          0,
          0,
          0
        ],
        [
          0,
          0,
          0,
          0,
          0,
          0,
          0,
          0,
          238,
          2,
          0
        ],
        [
          8,
          0,
          0,
          0,
          0,
          0,
          3,
          0,
          0,
          229,
          0
        ],
        [
          2,
          0,
          0,
          0,
          0,
          0,
          0,
          0,
          0,
          0,
          238
        ]
      ],
      "n": 2640
    }
  },
  "history": {
    "train_acc": [
      69.49675324675324,
      87.15097402597402,
      89.64285714285714,
      91.56655844155844,
      93.06818181818181,
      93.49837662337663,
      93.44967532467533,
      93.78246753246754,
      94.47240259740259,
      94.74837662337663,
      94.52922077922078,
      93.04383116883118,
      94.8051948051948,
      94.72402597402598,
      95.03246753246754,
      95.21915584415585,
      95.32467532467533,
      95.15422077922078,
      95.11363636363636,
      95.22727272727273,
      95.46266233766234,
      95.21103896103897,
      95.29220779220779,
      94.93506493506493,
      95.74675324675324,
      95.30844155844156,
      95.39772727272727,
      95.49512987012987,
      94.96753246753246,
      95.3896103896104,
      95.47077922077922,
      95.64123376623377,
      95.63311688311688
    ],
    "val_acc": [
      73.4090909090909,
      85.53030303030303,
      91.96969696969697,
      92.04545454545455,
      93.67424242424242,
      93.21969696969697,
      94.62121212121212,
      94.58333333333333,
      95.03787878787878,
      94.6969696969697,
      90.68181818181819,
      94.54545454545455,
      95.3409090909091,
      94.84848484848484,
      95.49242424242425,
      95.49242424242425,
      95.45454545454545,
      95.26515151515152,
      95.45454545454545,
      94.92424242424242,
      95.07575757575758,
      95.3030303030303,
      96.06060606060606,
      95.22727272727273,
      95.15151515151516,
      95.60606060606061,
      95.49242424242425,
      95.03787878787878,
      95.3409090909091,
      95.37878787878788,
      95.18939393939394,
      95.18939393939394,
      95.68181818181819
    ],
    "physics_loss": [
      0.09230387372436462,
      0.04471763884769632,
      0.04309152220557262,
      0.03840791512425844,
      0.036773332953453065,
      0.035329964113506404,
      0.03541305359791626,
      0.03555361336798637,
      0.03437417172766351,
      0.03430850599686821,
      0.0339801244244173,
      0.03715047315730677,
      0.03376128776603705,
      0.03378795065082513,
      0.03282889567992904,
      0.032340758995382815,
      0.03237766672965962,
      0.03284931408313962,
      0.0331748241921524,
      0.032884420594805244,
      0.03268539735732914,
      0.032637449639377654,
      0.03294996856288476,
      0.03377537794604704,
      0.03201684592315903,
      0.032581802198735924,
      0.032778378667963015,
      0.032433489627845875,
      0.032601341750327646,
      0.03257918599267284,
      0.032554594470889535,
      0.03239875733368582,
      0.03191338880592352
    ]
  },
  "provenance": {
    "budget": {
      "lr": 0.001,
      "batch": 64,
      "max_epochs": 60,
      "patience": 10
    },
    "best_epoch": 23,
    "best_val_acc": 96.06060606060606,
    "data": "dataset_v2.h5",
    "device": "cuda",
    "host": "242c8a6721cd",
    "git_sha": "4a2063d99387989042031fcd62111d4962d9966d",
    "wall_time_s": 465.9,
    "finished_at": "2026-06-23T00:42:44.304229+00:00"
  }
}