{
  "model": "physics_constrained_cnn",
  "seed": 5,
  "experiment": "pinn_ablation_random",
  "prereg": "\u00a78.8",
  "physics_weight": 1.0,
  "ops_aware": false,
  "evals": {
    "test": {
      "accuracy": 96.36363636363636,
      "f1_macro": 0.962978757131586,
      "confusion_matrix": [
        [
          239,
          0,
          0,
          0,
          0,
          1,
          0,
          0,
          0,
          0,
          0
        ],
        [
          0,
          240,
          0,
          0,
          0,
          0,
          0,
          0,
          0,
          0,
          0
        ],
        [
          0,
          0,
          240,
          0,
          0,
          0,
          0,
          0,
          0,
          0,
          0
        ],
        [
          0,
          0,
          0,
          240,
          0,
          0,
          0,
          0,
          0,
          0,
          0
        ],
        [
          0,
          0,
          0,
          0,
          240,
          0,
          0,
          0,
          0,
          0,
          0
        ],
        [
          85,
          0,
          0,
          0,
          0,
          154,
          0,
          0,
          0,
          1,
          0
        ],
        [
          0,
          0,
          0,
          0,
          0,
          0,
          240,
          0,
          0,
          0,
          0
        ],
        [
          0,
          0,
          0,
          0,
          0,
          0,
          0,
          240,
          0,
          0,
          0
        ],
        [
          0,
          0,
          0,
          0,
          0,
          0,
          0,
          0,
          240,
          0,
          0
        ],
        [
          9,
          0,
          0,
          0,
          0,
          0,
          0,
          0,
          0,
          231,
          0
        ],
        [
          0,
          0,
          0,
          0,
          0,
          0,
          0,
          0,
          0,
          0,
          240
        ]
      ],
      "n": 2640
    },
    "test_snr5": {
      "accuracy": 95.9469696969697,
      "f1_macro": 0.9592400134149431,
      "confusion_matrix": [
        [
          238,
          0,
          0,
          0,
          0,
          2,
          0,
          0,
          0,
          0,
          0
        ],
        [
          0,
          240,
          0,
          0,
          0,
          0,
          0,
          0,
          0,
          0,
          0
        ],
        [
          0,
          0,
          240,
          0,
          0,
          0,
          0,
          0,
          0,
          0,
          0
        ],
        [
          0,
          0,
          0,
          240,
          0,
          0,
          0,
          0,
          0,
          0,
          0
        ],
        [
          0,
          0,
          0,
          0,
          239,
          0,
          0,
          0,
          0,
          1,
          0
        ],
        [
          85,
          0,
          0,
          0,
          0,
          155,
          0,
          0,
          0,
          0,
          0
        ],
        [
          0,
          0,
          0,
          0,
          0,
          0,
          240,
          0,
          0,
          0,
          0
        ],
        [
          0,
          0,
          0,
          0,
          0,
          0,
          0,
          240,
          0,
          0,
          0
        ],
        [
          0,
          0,
          0,
          0,
          0,
          0,
          0,
          0,
          240,
          0,
          0
        ],
        [
          16,
          0,
          0,
          0,
          2,
          0,
          0,
          0,
          0,
          222,
          0
        ],
        [
          0,
          0,
          0,
          0,
          0,
          1,
          0,
          0,
          0,
          0,
          239
        ]
      ],
      "n": 2640
    }
  },
  "history": {
    "train_acc": [
      74.33441558441558,
      89.08279220779221,
      91.61525974025975,
      92.42694805194805,
      93.69318181818181,
      93.81493506493507,
      93.87987012987013,
      95.0,
      94.73214285714286,
      94.82954545454545,
      95.06493506493507,
      94.82142857142857,
      94.29383116883118,
      95.20292207792208,
      94.3262987012987,
      95.09740259740259,
      95.0487012987013,
      93.9853896103896,
      95.03246753246754,
      94.9512987012987,
      95.30032467532467,
      95.08116883116882,
      95.44642857142857,
      95.65746753246754,
      94.68344155844156,
      94.29383116883118,
      95.54383116883118,
      95.63311688311688,
      95.8198051948052,
      95.9090909090909,
      94.83766233766234,
      95.82792207792208,
      95.76298701298701,
      96.00649350649351,
      96.25811688311688,
      96.20941558441558,
      96.16071428571429,
      96.23376623376623,
      96.21753246753246,
      96.04707792207792,
      96.49350649350649,
      96.59902597402598,
      96.49350649350649,
      96.46103896103897,
      96.3961038961039,
      96.40422077922078,
      96.30681818181819,
      96.21753246753246,
      96.52597402597402,
      96.54220779220779,
      96.62337662337663,
      96.86688311688312,
      96.85064935064935
    ],
    "val_acc": [
      77.46212121212122,
      85.18939393939394,
      86.5530303030303,
      91.28787878787878,
      89.20454545454545,
      91.51515151515152,
      93.86363636363636,
      92.12121212121212,
      94.0530303030303,
      94.6969696969697,
      94.12878787878788,
      92.12121212121212,
      93.29545454545455,
      94.88636363636364,
      94.6969696969697,
      95.18939393939394,
      90.9469696969697,
      94.54545454545455,
      94.81060606060606,
      95.3030303030303,
      95.41666666666667,
      95.60606060606061,
      94.96212121212122,
      95.60606060606061,
      70.18939393939394,
      95.3409090909091,
      96.25,
      95.98484848484848,
      96.02272727272727,
      96.02272727272727,
      95.53030303030303,
      96.32575757575758,
      95.64393939393939,
      96.62878787878788,
      96.62878787878788,
      96.62878787878788,
      96.43939393939394,
      96.93181818181819,
      96.74242424242425,
      96.93181818181819,
      96.93181818181819,
      96.85606060606061,
      97.00757575757575,
      96.93181818181819,
      96.66666666666667,
      96.47727272727273,
      96.13636363636364,
      96.13636363636364,
      96.93181818181819,
      96.74242424242425,
      96.78030303030303,
      96.5530303030303,
      96.62878787878788
    ],