{
  "model": "physics_constrained_cnn",
  "seed": 9,
  "experiment": "pinn_ablation",
  "prereg": "\u00a78.4",
  "physics_weight": 1.0,
  "ops_aware": false,
  "evals": {
    "test": {
      "accuracy": 96.06060606060606,
      "f1_macro": 0.9600203595957914,
      "confusion_matrix": [
        [
          234,
          0,
          0,
          0,
          0,
          6,
          0,
          0,
          0,
          0,
          0
        ],
        [
          0,
          240,
          0,
          0,
          0,
          0,
          0,
          0,
          0,
          0,
          0
        ],
        [
          0,
          0,
          240,
          0,
          0,
          0,
          0,
          0,
          0,
          0,
          0
        ],
        [
          0,
          0,
          0,
          240,
          0,
          0,
          0,
          0,
          0,
          0,
          0
        ],
        [
          0,
          0,
          0,
          0,
          240,
          0,
          0,
          0,
          0,
          0,
          0
        ],
        [
          84,
          0,
          0,
          0,
          0,
          156,
          0,
          0,
          0,
          0,
          0
        ],
        [
          0,
          0,
          0,
          0,
          0,
          0,
          237,
          0,
          0,
          3,
          0
        ],
        [
          0,
          0,
          0,
          0,
          0,
          0,
          0,
          240,
          0,
          0,
          0
        ],
        [
          0,
          0,
          0,
          0,
          0,
          0,
          0,
          0,
          240,
          0,
          0
        ],
        [
          7,
          0,
          0,
          0,
          0,
          0,
          4,
          0,
          0,
          229,
          0
        ],
        [
          0,
          0,
          0,
          0,
          0,
          0,
          0,
          0,
          0,
          0,
          240
        ]
      ],
      "n": 2640
    },
    "test_snr5": {
      "accuracy": 91.43939393939394,
      "f1_macro": 0.9112348974597059,
      "confusion_matrix": [
        [
          230,
          0,
          0,
          0,
          0,
          6,
          0,
          0,
          0,
          4,
          0
        ],
        [
          0,
          240,
          0,
          0,
          0,
          0,
          0,
          0,
          0,
          0,
          0
        ],
        [
          0,
          0,
          240,
          0,
          0,
          0,
          0,
          0,
          0,
          0,
          0
        ],
        [
          0,
          0,
          0,
          240,
          0,
          0,
          0,
          0,
          0,
          0,
          0
        ],
        [
          1,
          0,
          0,
          0,
          127,
          17,
          0,
          0,
          0,
          95,
          0
        ],
        [
          81,
          0,
          0,
          0,
          0,
          154,
          0,
          0,
          0,
          5,
          0
        ],
        [
          0,
          0,
          0,
          0,
          0,
          0,
          236,
          0,
          0,
          4,
          0
        ],
        [
          0,
          0,
          0,
          0,
          0,
          0,
          0,
          240,
          0,
          0,
          0
        ],
        [
          0,
          0,
          0,
          0,
          0,
          0,
          0,
          0,
          240,
          0,
          0
        ],
        [
          8,
          0,
          0,
          0,
          0,
          0,
          4,
          0,
          0,
          228,
          0
        ],
        [
          1,
          0,
          0,
          0,
          0,
          0,
          0,
          0,
          0,
          0,
          239
        ]
      ],
      "n": 2640
    }
  },
  "history": {
    "train_acc": [
      69.92694805194805,
      87.67857142857143,
      90.85227272727273,
      92.66233766233766,
      93.38474025974025,
      93.62012987012987,
      94.31818181818181,
      94.26948051948052,
      94.57792207792208,
      94.08279220779221,
      94.7159090909091,
      93.84740259740259,
      93.86363636363636,
      94.67532467532467,
      95.00811688311688,
      95.12987012987013,
      95.20292207792208,
      95.35714285714286,
      95.41396103896103,
      95.34902597402598,
      94.78896103896103,
      94.44805194805195,
      95.37337662337663,
      95.48701298701299,
      95.49512987012987,
      95.86850649350649,
      95.68181818181819,
      95.8603896103896,
      94.52922077922078,
      95.45454545454545,
      95.75487012987013,
      95.86850649350649,
      96.0146103896104,
      95.76298701298701,
      95.84415584415585,
      96.02272727272727,
      95.72240259740259,
      96.13636363636364
    ],
    "val_acc": [
      76.66666666666667,
      89.16666666666667,
      88.4090909090909,
      93.93939393939394,
      92.31060606060606,
      94.35606060606061,
      94.0909090909091,
      95.49242424242425,
      94.0530303030303,
      93.33333333333333,
      94.24242424242425,
      90.56818181818181,
      95.18939393939394,
      94.77272727272727,
      95.53030303030303,
      95.49242424242425,
      94.77272727272727,
      95.68181818181819,
      95.11363636363636,
      95.41666666666667,
      95.11363636363636,
      94.0909090909091,
      96.28787878787878,
      95.64393939393939,
      95.22727272727273,
      96.09848484848484,
      96.25,
      96.66666666666667,
      94.84848484848484,
      96.09848484848484,
      96.32575757575758,
      96.5530303030303,
      96.43939393939394,
      95.0,
      96.40151515151516,
      96.02272727272727,
      95.98484848484848,
      96.13636363636364
    ],
    "physics_loss": [
      0.0986715594282398,
      0.044267092790309485,
      0.039733115699771164,
      0.03695165668311831,
      0.03502461894282273,
      0.036033617032619265,
      0.03428126724993254,
      0.034749342056063864,
      0.03395261444248162,
      0.03522230517361071,
      0.03430130189260492,
      0.036000083372383924,
      0.03504121729910567,
      0.03375172423948715,
      0.033228127068126355,
      0.032888625358993354,
      0.03253907813364035,
      0.0321060172487776,
      0.032691940670083096,
      0.03268177380616015,
      0.03359331317342721,
      0.034516293988502644,
      0.032210586616745245,
      0.031449297143073825,
      0.03172720326231672,
      0.03150870847189194,
      0.03149430574970199,
      0.031146045561347688,
      0.033651596145680196,
      0.03247526703136308,
      0.03139076023906857,
      0.030979567413012703,
      0.030617662884488507,
      0.03127459092670447,
      0.03137019133654895,
      0.030815178983203777,
      0.031046865836946994,
      0.03056823955727862
    ]
  },
  "provenance": {
    "budget": {
      "lr": 0.001,
      "batch": 64,
      "max_epochs": 60,
      "patience": 10
    },
    "best_epoch": 28,
    "best_val_acc": 96.66666666666667,
    "data": "dataset_v2.h5",
    "device": "cuda",
    "host": "242c8a6721cd",
    "git_sha": "4a2063d99387989042031fcd62111d4962d9966d",
    "wall_time_s": 536.2,
    "finished_at": "2026-06-23T00:51:40.994158+00:00"
  }
}