{
  "model": "physics_constrained_cnn",
  "seed": 11,
  "experiment": "pinn_ablation_scramble",
  "prereg": "\u00a78.7",
  "reference_permutation": [
    0,
    10,
    5,
    9,
    6,
    2,
    8,
    4,
    7,
    1,
    3
  ],
  "physics_weight": 1.0,
  "ops_aware": false,
  "evals": {
    "test": {
      "accuracy": 95.49242424242425,
      "f1_macro": 0.9550321600878281,
      "confusion_matrix": [
        [
          240,
          0,
          0,
          0,
          0,
          0,
          0,
          0,
          0,
          0,
          0
        ],
        [
          0,
          240,
          0,
          0,
          0,
          0,
          0,
          0,
          0,
          0,
          0
        ],
        [
          0,
          0,
          240,
          0,
          0,
          0,
          0,
          0,
          0,
          0,
          0
        ],
        [
          0,
          0,
          0,
          240,
          0,
          0,
          0,
          0,
          0,
          0,
          0
        ],
        [
          10,
          0,
          0,
          0,
          229,
          0,
          0,
          0,
          0,
          1,
          0
        ],
        [
          86,
          0,
          0,
          0,
          0,
          154,
          0,
          0,
          0,
          0,
          0
        ],
        [
          0,
          0,
          0,
          0,
          0,
          0,
          236,
          0,
          0,
          4,
          0
        ],
        [
          0,
          0,
          0,
          0,
          0,
          0,
          0,
          240,
          0,
          0,
          0
        ],
        [
          0,
          0,
          0,
          0,
          0,
          0,
          0,
          0,
          240,
          0,
          0
        ],
        [
          6,
          0,
          0,
          0,
          0,
          0,
          5,
          0,
          0,
          229,
          0
        ],
        [
          6,
          0,
          0,
          0,
          0,
          1,
          0,
          0,
          0,
          0,
          233
        ]
      ],
      "n": 2640
    },
    "test_snr5": {
      "accuracy": 83.48484848484848,
      "f1_macro": 0.8139027090866254,
      "confusion_matrix": [
        [
          205,
          0,
          0,
          0,
          0,
          0,
          0,
          0,
          0,
          35,
          0
        ],
        [
          0,
          240,
          0,
          0,
          0,
          0,
          0,
          0,
          0,
          0,
          0
        ],
        [
          0,
          0,
          240,
          0,
          0,
          0,
          0,
          0,
          0,
          0,
          0
        ],
        [
          0,
          0,
          0,
          240,
          0,
          0,
          0,
          0,
          0,
          0,
          0
        ],
        [
          2,
          0,
          0,
          0,
          0,
          0,
          0,
          0,
          0,
          238,
          0
        ],
        [
          68,
          0,
          0,
          0,
          0,
          143,
          0,
          0,
          0,
          29,
          0
        ],
        [
          0,
          0,
          0,
          0,
          0,
          0,
          236,
          0,
          0,
          4,
          0
        ],
        [
          0,
          0,
          0,
          0,
          0,
          0,
          0,
          203,
          0,
          36,
          1
        ],
        [
          0,
          0,
          0,
          0,
          0,
          0,
          0,
          0,
          240,
          0,
          0
        ],
        [
          3,
          0,
          0,
          0,
          0,
          0,
          8,
          0,
          0,
          229,
          0
        ],
        [
          7,
          0,
          0,
          0,
          0,
          0,
          0,
          0,
          0,
          5,
          228
        ]
      ],
      "n": 2640
    }
  },
  "history": {
    "train_acc": [
      75.41396103896103,
      91.12824675324676,
      92.40259740259741,
      93.23051948051948,
      94.39123376623377,
      94.30194805194805,
      94.69967532467533,
      92.47564935064935,
      93.96915584415585,
      94.5698051948052,
      94.77272727272727,
      95.3409090909091,
      94.83766233766234,
      95.13798701298701,
      95.4788961038961,
      95.41396103896103
    ],
    "val_acc": [
      86.96969696969697,
      89.6590909090909,
      93.86363636363636,
      93.90151515151516,
      92.57575757575758,
      95.26515151515152,
      93.52272727272727,
      89.88636363636364,
      94.12878787878788,
      93.82575757575758,
      94.92424242424242,
      94.92424242424242,
      94.6590909090909,
      94.73484848484848,
      95.15151515151516,
      94.84848484848484
    ],
    "physics_loss": [
      0.46497962149706756,
      0.48211578920290066,
      0.4841300677943539,
      0.4848663615715968,
      0.4858254085887562,
      0.4858442812770992,
      0.48616395941028345,
      0.48362260762747233,
      0.48516329364343125,
      0.48530651594137214,
      0.48559517728817925,
      0.4859972904254864,
      0.4848885568705472,
      0.4860078076263527,
      0.48663913491484406,
      0.4861570972900886
    ]
  },
  "provenance": {
    "budget": {
      "lr": 0.001,
      "batch": 64,
      "max_epochs": 60,
      "patience": 10
    },
    "best_epoch": 6,
    "best_val_acc": 95.26515151515152,
    "data": "dataset_v2.h5",
    "device": "cuda",
    "host": "3087713d4d7d",
    "git_sha": "4a2063d99387989042031fcd62111d4962d9966d",
    "wall_time_s": 235.7,
    "finished_at": "2026-06-23T07:13:23.387425+00:00"
  }
}