{
  "model": "resnet18",
  "seed": 1,
  "experiment": "severity_ood",
  "prereg": "\u00a78.3",
  "direction": "B_train_high_test_incipient",
  "physics_weight": 0.0,
  "ops_aware": false,
  "evals": {
    "ood_test": {
      "accuracy": 69.24242424242424,
      "f1_macro": 0.7072976725976253,
      "confusion_matrix": [
        [
          60,
          0,
          0,
          0,
          0,
          0,
          0,
          0,
          0,
          0,
          0
        ],
        [
          0,
          45,
          0,
          0,
          0,
          0,
          0,
          0,
          15,
          0,
          0
        ],
        [
          0,
          0,
          48,
          0,
          0,
          0,
          0,
          0,
          0,
          0,
          12
        ],
        [
          0,
          0,
          0,
          60,
          0,
          0,
          0,
          0,
          0,
          0,
          0
        ],
        [
          12,
          0,
          0,
          0,
          48,
          0,
          0,
          0,
          0,
          0,
          0
        ],
        [
          33,
          0,
          0,
          0,
          0,
          27,
          0,
          0,
          0,
          0,
          0
        ],
        [
          0,
          0,
          0,
          0,
          0,
          0,
          41,
          0,
          0,
          19,
          0
        ],
        [
          0,
          0,
          0,
          0,
          0,
          0,
          0,
          60,
          0,
          0,
          0
        ],
        [
          12,
          0,
          0,
          0,
          0,
          0,
          0,
          0,
          35,
          13,
          0
        ],
        [
          52,
          0,
          0,
          0,
          0,
          0,
          0,
          0,
          0,
          8,
          0
        ],
        [
          23,
          0,
          0,
          0,
          0,
          12,
          0,
          0,
          0,
          0,
          25
        ]
      ],
      "n": 660
    },
    "full_test": {
      "accuracy": 90.07575757575758,
      "f1_macro": 0.9055033963840938,
      "confusion_matrix": [
        [
          240,
          0,
          0,
          0,
          0,
          0,
          0,
          0,
          0,
          0,
          0
        ],
        [
          0,
          225,
          0,
          0,
          0,
          0,
          0,
          0,
          15,
          0,
          0
        ],
        [
          0,
          0,
          228,
          0,
          0,
          0,
          0,
          0,
          0,
          0,
          12
        ],
        [
          0,
          0,
          0,
          240,
          0,
          0,
          0,
          0,
          0,
          0,
          0
        ],
        [
          13,
          0,
          0,
          0,
          227,
          0,
          0,
          0,
          0,
          0,
          0
        ],
        [
          88,
          0,
          0,
          0,
          0,
          152,
          0,
          0,
          0,
          0,
          0
        ],
        [
          0,
          0,
          0,
          0,
          0,
          0,
          221,
          0,
          0,
          19,
          0
        ],
        [
          0,
          0,
          0,
          0,
          0,
          0,
          0,
          240,
          0,
          0,
          0
        ],
        [
          12,
          0,
          0,
          0,
          0,
          0,
          0,
          0,
          215,
          13,
          0
        ],
        [
          53,
          0,
          0,
          0,
          1,
          0,
          1,
          0,
          0,
          185,
          0
        ],
        [
          23,
          0,
          0,
          0,
          0,
          12,
          0,
          0,
          0,
          0,
          205
        ]
      ],
      "n": 2640
    }
  },
  "history": {
    "train_acc": [
      80.22727272727273,
      89.05844155844156,
      90.74675324675324,
      94.70779220779221,
      96.22294372294373,
      96.61255411255411,
      96.17965367965368,
      95.81168831168831,
      96.68831168831169,
      96.77489177489177,
      96.67748917748918,
      96.7965367965368,
      96.93722943722943,
      96.89393939393939,
      95.06493506493507
    ],
    "val_acc": [
      90.70707070707071,
      90.55555555555556,
      92.02020202020202,
      95.0,
      97.12121212121212,
      96.51515151515152,
      88.33333333333333,
      90.55555555555556,
      94.29292929292929,
      93.98989898989899,
      94.4949494949495,
      96.86868686868686,
      96.86868686868686,
      89.5959595959596,
      77.12121212121212
    ],
    "physics_loss": [
      0.0,
      0.0,
      0.0,
      0.0,
      0.0,
      0.0,
      0.0,
      0.0,
      0.0,
      0.0,
      0.0,
      0.0,
      0.0,
      0.0,
      0.0
    ]
  },
  "provenance": {
    "budget": {
      "lr": 0.001,
      "batch": 64,
      "max_epochs": 60,
      "patience": 10
    },
    "best_epoch": 5,
    "best_val_acc": 97.12121212121212,
    "data": "dataset_v2.h5",
    "device": "cuda",
    "host": "f8779baa1ecc",
    "git_sha": "6ff39c9325edf83d4d295e5c5767f71691b4a125",
    "wall_time_s": 154.3,
    "finished_at": "2026-06-13T01:11:23.417870+00:00"
  }
}