{
  "model": "physics_constrained_cnn",
  "seed": 6,
  "experiment": "pinn_ablation",
  "prereg": "\u00a78.4",
  "physics_weight": 0.0,
  "ops_aware": false,
  "evals": {
    "test": {
      "accuracy": 96.25,
      "f1_macro": 0.9619327981849763,
      "confusion_matrix": [
        [
          239,
          0,
          0,
          0,
          0,
          1,
          0,
          0,
          0,
          0,
          0
        ],
        [
          0,
          240,
          0,
          0,
          0,
          0,
          0,
          0,
          0,
          0,
          0
        ],
        [
          0,
          0,
          240,
          0,
          0,
          0,
          0,
          0,
          0,
          0,
          0
        ],
        [
          0,
          0,
          0,
          240,
          0,
          0,
          0,
          0,
          0,
          0,
          0
        ],
        [
          0,
          0,
          0,
          0,
          240,
          0,
          0,
          0,
          0,
          0,
          0
        ],
        [
          86,
          0,
          0,
          0,
          0,
          154,
          0,
          0,
          0,
          0,
          0
        ],
        [
          0,
          0,
          0,
          0,
          0,
          0,
          240,
          0,
          0,
          0,
          0
        ],
        [
          0,
          0,
          0,
          0,
          0,
          0,
          0,
          240,
          0,
          0,
          0
        ],
        [
          0,
          0,
          0,
          0,
          0,
          0,
          0,
          0,
          240,
          0,
          0
        ],
        [
          10,
          0,
          0,
          0,
          0,
          0,
          2,
          0,
          0,
          228,
          0
        ],
        [
          0,
          0,
          0,
          0,
          0,
          0,
          0,
          0,
          0,
          0,
          240
        ]
      ],
      "n": 2640
    },
    "test_snr5": {
      "accuracy": 95.60606060606061,
      "f1_macro": 0.9557680039136673,
      "confusion_matrix": [
        [
          238,
          0,
          0,
          0,
          0,
          1,
          0,
          0,
          0,
          1,
          0
        ],
        [
          0,
          240,
          0,
          0,
          0,
          0,
          0,
          0,
          0,
          0,
          0
        ],
        [
          0,
          0,
          240,
          0,
          0,
          0,
          0,
          0,
          0,
          0,
          0
        ],
        [
          0,
          0,
          0,
          240,
          0,
          0,
          0,
          0,
          0,
          0,
          0
        ],
        [
          1,
          0,
          0,
          0,
          234,
          0,
          0,
          0,
          0,
          5,
          0
        ],
        [
          86,
          0,
          0,
          0,
          0,
          154,
          0,
          0,
          0,
          0,
          0
        ],
        [
          0,
          0,
          0,
          0,
          0,
          0,
          238,
          0,
          0,
          2,
          0
        ],
        [
          0,
          0,
          0,
          0,
          0,
          0,
          0,
          240,
          0,
          0,
          0
        ],
        [
          0,
          0,
          0,
          0,
          0,
          0,
          1,
          0,
          238,
          1,
          0
        ],
        [
          12,
          0,
          0,
          0,
          4,
          0,
          0,
          0,
          0,
          224,
          0
        ],
        [
          2,
          0,
          0,
          0,
          0,
          0,
          0,
          0,
          0,
          0,
          238
        ]
      ],
      "n": 2640
    }
  },
  "history": {
    "train_acc": [
      76.70454545454545,
      88.06818181818181,
      91.35551948051948,
      93.23863636363636,
      93.45779220779221,
      93.59577922077922,
      94.27759740259741,
      94.00974025974025,
      94.74025974025975,
      94.06655844155844,
      94.28571428571429,
      94.46428571428571,
      95.05681818181819,
      95.0487012987013,
      95.29220779220779,
      94.9512987012987,
      95.11363636363636,
      94.89448051948052,
      94.75649350649351,
      95.70616883116882,
      95.53571428571429,
      95.6737012987013,
      95.03246753246754,
      95.50324675324676,
      95.68993506493507,
      95.45454545454545,
      95.71428571428571,
      96.16071428571429,
      96.15259740259741,
      96.03896103896103,
      96.12012987012987,
      95.94155844155844,
      96.31493506493507,
      96.24188311688312,
      96.20941558441558,
      95.79545454545455,
      95.625,
      96.23376623376623,
      96.17694805194805,
      96.30681818181819,
      96.23376623376623,
      96.55844155844156,
      96.57467532467533,
      96.7288961038961,
      96.58279220779221,
      96.25811688311688,
      96.5340909090909,
      96.41233766233766,
      96.71266233766234,
      96.64772727272727
    ],
    "val_acc": [
      76.06060606060606,
      87.38636363636364,
      89.6969696969697,
      92.12121212121212,
      94.81060606060606,
      94.39393939393939,
      90.15151515151516,
      94.35606060606061,
      91.81818181818181,
      93.78787878787878,
      95.07575757575758,
      95.15151515151516,
      95.03787878787878,
      95.56818181818181,
      96.21212121212122,
      95.71969696969697,
      96.02272727272727,
      95.11363636363636,
      96.43939393939394,
      95.9469696969697,
      96.40151515151516,
      96.43939393939394,
      96.13636363636364,
      96.13636363636364,
      96.32575757575758,
      91.5530303030303,
      96.36363636363636,
      96.62878787878788,
      96.17424242424242,
      96.51515151515152,
      96.36363636363636,
      96.78030303030303,
      96.78030303030303,
      96.62878787878788,
      96.62878787878788,
      95.56818181818181,
      96.32575757575758,
      96.36363636363636,
      96.66666666666667,
      96.89393939393939,
      96.66666666666667,
      96.70454545454545,
      96.62878787878788,
      96.85606060606061,
      96.21212121212122,
      95.60606060606061,
      96.81818181818181,
      96.81818181818181,
      96.5909090909091,
      96.13636363636364
    ],
    "physics_loss": [
      0.0,
      0.0,
      0.0,
      0.0,
      0.0,
      0.0,
      0.0,
      0.0,
      0.0,
      0.0,
      0.0,
      0.0,
      0.0,
      0.0,
      0.0,
      0.0,
      0.0,
      0.0,
      0.0,
      0.0,
      0.0,
      0.0,
      0.0,
      0.0,
      0.0,
      0.0,
      0.0,
      0.0,
      0.0,
      0.0,
      0.0,
      0.0,
      0.0,
      0.0,
      0.0,
      0.0,
      0.0,
      0.0,
      0.0,
      0.0,
      0.0,
      0.0,
      0.0,
      0.0,
      0.0,
      0.0,
      0.0,
      0.0,
      0.0,
      0.0
    ]
  },
  "provenance": {
    "budget": {
      "lr": 0.001,
      "batch": 64,
      "max_epochs": 60,
      "patience": 10
    },
    "best_epoch": 40,
    "best_val_acc": 96.89393939393939,
    "data": "dataset_v2.h5",
    "device": "cuda",
    "host": "242c8a6721cd",
    "git_sha": "4a2063d99387989042031fcd62111d4962d9966d",
    "wall_time_s": 651.7,
    "finished_at": "2026-06-22T22:26:45.588201+00:00"
  }
}