{
  "model": "physics_constrained_cnn",
  "seed": 4,
  "experiment": "pinn_ablation_random",
  "prereg": "\u00a78.8",
  "physics_weight": 1.0,
  "ops_aware": false,
  "evals": {
    "test": {
      "accuracy": 96.32575757575758,
      "f1_macro": 0.9625561566916466,
      "confusion_matrix": [
        [
          234,
          0,
          0,
          0,
          0,
          6,
          0,
          0,
          0,
          0,
          0
        ],
        [
          0,
          240,
          0,
          0,
          0,
          0,
          0,
          0,
          0,
          0,
          0
        ],
        [
          0,
          0,
          240,
          0,
          0,
          0,
          0,
          0,
          0,
          0,
          0
        ],
        [
          0,
          0,
          0,
          240,
          0,
          0,
          0,
          0,
          0,
          0,
          0
        ],
        [
          0,
          0,
          0,
          0,
          240,
          0,
          0,
          0,
          0,
          0,
          0
        ],
        [
          84,
          0,
          0,
          0,
          0,
          155,
          0,
          0,
          0,
          1,
          0
        ],
        [
          0,
          0,
          0,
          0,
          0,
          0,
          240,
          0,
          0,
          0,
          0
        ],
        [
          0,
          0,
          0,
          0,
          0,
          0,
          0,
          240,
          0,
          0,
          0
        ],
        [
          0,
          0,
          0,
          0,
          0,
          0,
          0,
          0,
          240,
          0,
          0
        ],
        [
          6,
          0,
          0,
          0,
          0,
          0,
          0,
          0,
          0,
          234,
          0
        ],
        [
          0,
          0,
          0,
          0,
          0,
          0,
          0,
          0,
          0,
          0,
          240
        ]
      ],
      "n": 2640
    },
    "test_snr5": {
      "accuracy": 95.87121212121212,
      "f1_macro": 0.9582721344334506,
      "confusion_matrix": [
        [
          235,
          0,
          0,
          0,
          0,
          5,
          0,
          0,
          0,
          0,
          0
        ],
        [
          0,
          240,
          0,
          0,
          0,
          0,
          0,
          0,
          0,
          0,
          0
        ],
        [
          0,
          0,
          240,
          0,
          0,
          0,
          0,
          0,
          0,
          0,
          0
        ],
        [
          0,
          0,
          0,
          240,
          0,
          0,
          0,
          0,
          0,
          0,
          0
        ],
        [
          1,
          0,
          0,
          0,
          237,
          0,
          0,
          0,
          0,
          2,
          0
        ],
        [
          85,
          0,
          0,
          0,
          0,
          154,
          0,
          0,
          0,
          1,
          0
        ],
        [
          0,
          0,
          0,
          0,
          0,
          0,
          239,
          0,
          0,
          1,
          0
        ],
        [
          0,
          0,
          0,
          0,
          0,
          0,
          0,
          240,
          0,
          0,
          0
        ],
        [
          0,
          0,
          0,
          0,
          0,
          0,
          0,
          0,
          238,
          2,
          0
        ],
        [
          11,
          0,
          0,
          0,
          1,
          0,
          0,
          0,
          0,
          228,
          0
        ],
        [
          0,
          0,
          0,
          0,
          0,
          0,
          0,
          0,
          0,
          0,
          240
        ]
      ],
      "n": 2640
    }
  },
  "history": {
    "train_acc": [
      75.33279220779221,
      86.64772727272727,
      90.38149350649351,
      91.06331168831169,
      93.87175324675324,
      93.23051948051948,
      93.85551948051948,
      94.5698051948052,
      94.62662337662337,
      94.6590909090909,
      94.74025974025975,
      95.1461038961039,
      94.98376623376623,
      94.96753246753246,
      95.04058441558442,
      95.15422077922078,
      95.1461038961039,
      95.25974025974025,
      93.83116883116882,
      95.07305194805195,
      95.10551948051948,
      95.12175324675324,
      94.94318181818181,
      95.39772727272727,
      95.36525974025975,
      95.94155844155844,
      95.75487012987013,
      95.51948051948052,
      94.38311688311688,
      95.4788961038961,
      95.73863636363636,
      95.7711038961039,
      96.1038961038961,
      96.06331168831169,
      96.16883116883118,
      96.26623376623377,
      95.94967532467533,
      96.3961038961039,
      96.25,
      95.99837662337663,
      96.46103896103897,
      96.46103896103897,
      96.37987012987013,
      96.12012987012987,
      96.62337662337663,
      96.63149350649351,
      96.29058441558442,
      96.77759740259741
    ],
    "val_acc": [
      81.32575757575758,
      86.66666666666667,
      90.60606060606061,
      93.25757575757575,
      91.70454545454545,
      83.10606060606061,
      93.33333333333333,
      94.46969696969697,
      95.07575757575758,
      95.11363636363636,
      94.12878787878788,
      94.58333333333333,
      95.07575757575758,
      95.07575757575758,
      95.56818181818181,
      94.96212121212122,
      95.56818181818181,
      94.73484848484848,
      92.46212121212122,
      95.3030303030303,
      95.60606060606061,
      94.6969696969697,
      95.45454545454545,
      95.11363636363636,
      95.60606060606061,
      93.59848484848484,
      96.51515151515152,
      77.91666666666667,
      95.15151515151516,
      94.62121212121212,
      95.3409090909091,
      96.51515151515152,
      96.28787878787878,
      96.5530303030303,
      96.78030303030303,
      96.70454545454545,
      96.51515151515152,
      96.93181818181819,
      96.02272727272727,
      96.66666666666667,
      96.70454545454545,
      96.74242424242425,
      95.53030303030303,
      96.93181818181819,
      96.78030303030303,
      96.81818181818181,
      96.81818181818181,
      96.66666666666667
    ],
    "physics_loss": [
      0.5328146154230291,
      0.5330084727956103,
      0.5341249845244668,
      0.535405876419761,
      0.536205306146052,
      0.5355009863902996,
      0.5364642545774385,
      0.5362565825511882,
      0.5367013315101723,
      0.5368958477850084,
      0.5362003312482462,
      0.5365883822564955,
      0.5367318067457769,
      0.5364770678730754,
      0.5361893382939426,
      0.5369580380328289,
      0.536792786709674,
      0.5367561680930001,
      0.5357893364770072,
      0.5364855260043949,
      0.5365530794317072,
      0.5364703539129976,
      0.5366224843186217,
      0.5369836780932042,
      0.5372758825103958,
      0.5372141268346217,
      0.5367594158494627,
      0.5370522112815411,
      0.5360862642139583,
      0.5368651442713551,
      0.5369622080357044,
      0.5371571814084982,
      0.5371474179354581,
      0.5371793787200729,
      0.5374926281439794,
      0.5372631771223886,
      0.5370042421601036,
      0.5372917895193224,
      0.5371991878980166,
      0.5372447376127367,
      0.5373415050568519,
      0.5371856733576044,
      0.537313631602696,
      0.5370793176935865,
      0.5375010697872608,
      0.5374930115489217,
      0.5373266602491403,
      0.5375223135019278
    ]
  },
  "provenance": {
    "budget": {
      "lr": 0.001,
      "batch": 64,
      "max_epochs": 60,
      "patience": 10
    },
    "best_epoch": 38,