{
  "provenance": {
    "git_sha": "09b4a669883274f9118d915c5e5c00153aa58167",
    "host": "DESKTOP-M7RBFOO",
    "device": "cpu",
    "data": "dataset_v2.h5",
    "finished_at": "2026-06-16T21:39:32.238378+00:00",
    "vanilla_ckpt": "C:\\Users\\COWLAR\\projects\\lstm-pfd\\results\\benchmark\\deep\\resnet18\\seed2\\best_model.pth",
    "pc_cnn_ckpt": "C:\\Users\\COWLAR\\projects\\lstm-pfd\\results\\band_energy_reruns\\pinn_ablation\\w1.0\\seed2\\best_model.pth",
    "per_class": 20,
    "ig_steps": 32,
    "mc_samples": 30,
    "smoke": false
  },
  "results": {
    "resnet18_vanilla": {
      "tonal": {
        "mean_in_band_frac": 0.187477245926857,
        "mean_control_frac": 0.1799279749393463,
        "specificity_ratio": 1.041957139968872,
        "n_windows": 160,
        "per_class_in_band": {
          "1": 0.11338146775960922,
          "2": 0.19074711203575134,
          "3": 0.14164075255393982,
          "6": 0.08295373618602753,
          "7": 0.04607002064585686,
          "8": 0.42267879843711853,
          "9": 0.3820309340953827,
          "10": 0.12031509727239609
        }
      },
      "band_aware": {
        "mean_in_band_frac": 0.14583633840084076,
        "n_windows": 200,
        "per_class_in_band": {
          "1": 0.1001490131020546,
          "2": 0.18637555837631226,
          "3": 0.11017005145549774,
          "4": 0.00719225499778986,
          "5": 0.04431212693452835,
          "6": 0.07215546071529388,
          "7": 0.045469943434000015,
          "8": 0.39700183272361755,
          "9": 0.3330710530281067,
          "10": 0.16246603429317474
        }
      }
    },
    "pc_cnn_physics": {
      "tonal": {
        "mean_in_band_frac": 0.1258888840675354,
        "mean_control_frac": 0.14702753722667694,
        "specificity_ratio": 0.8562265634536743,
        "n_windows": 160,
        "per_class_in_band": {
          "1": 0.156757190823555,
          "2": 0.02573094330728054,
          "3": 0.1062365397810936,
          "6": 0.0583353266119957,
          "7": 0.004336084704846144,
          "8": 0.3539068102836609,
          "9": 0.24936631321907043,
          "10": 0.052441954612731934
        }
      },
      "band_aware": {
        "mean_in_band_frac": 0.09907953441143036,
        "n_windows": 200,
        "per_class_in_band": {
          "1": 0.1425286829471588,
          "2": 0.021687384694814682,
          "3": 0.0719854086637497,
          "4": 0.0023880586959421635,
          "5": 0.062122005969285965,
          "6": 0.04797320440411568,
          "7": 0.004137761890888214,
          "8": 0.3125559389591217,
          "9": 0.20497409999370575,
          "10": 0.12044278532266617
        }
      }
    }
  }
}