{
  "model": "physics_constrained_cnn",
  "seed": 3,
  "experiment": "pinn_ablation",
  "prereg": "\u00a78.4",
  "physics_weight": 0.0,
  "ops_aware": false,
  "evals": {
    "test": {
      "accuracy": 96.32575757575758,
      "f1_macro": 0.9626417230768317,
      "confusion_matrix": [
        [
          240,
          0,
          0,
          0,
          0,
          0,
          0,
          0,
          0,
          0,
          0
        ],
        [
          0,
          240,
          0,
          0,
          0,
          0,
          0,
          0,
          0,
          0,
          0
        ],
        [
          0,
          0,
          240,
          0,
          0,
          0,
          0,
          0,
          0,
          0,
          0
        ],
        [
          0,
          0,
          0,
          240,
          0,
          0,
          0,
          0,
          0,
          0,
          0
        ],
        [
          0,
          0,
          0,
          0,
          240,
          0,
          0,
          0,
          0,
          0,
          0
        ],
        [
          85,
          0,
          0,
          0,
          0,
          154,
          0,
          0,
          0,
          1,
          0
        ],
        [
          0,
          0,
          0,
          0,
          0,
          0,
          240,
          0,
          0,
          0,
          0
        ],
        [
          0,
          0,
          0,
          0,
          0,
          0,
          0,
          240,
          0,
          0,
          0
        ],
        [
          0,
          0,
          0,
          0,
          0,
          0,
          0,
          0,
          240,
          0,
          0
        ],
        [
          8,
          0,
          0,
          0,
          0,
          0,
          1,
          0,
          0,
          231,
          0
        ],
        [
          2,
          0,
          0,
          0,
          0,
          0,
          0,
          0,
          0,
          0,
          238
        ]
      ],
      "n": 2640
    },
    "test_snr5": {
      "accuracy": 91.32575757575758,
      "f1_macro": 0.911166436228,
      "confusion_matrix": [
        [
          230,
          0,
          0,
          0,
          0,
          3,
          0,
          0,
          0,
          7,
          0
        ],
        [
          0,
          240,
          0,
          0,
          0,
          0,
          0,
          0,
          0,
          0,
          0
        ],
        [
          0,
          0,
          240,
          0,
          0,
          0,
          0,
          0,
          0,
          0,
          0
        ],
        [
          0,
          0,
          0,
          240,
          0,
          0,
          0,
          0,
          0,
          0,
          0
        ],
        [
          1,
          0,
          0,
          0,
          123,
          0,
          0,
          0,
          0,
          116,
          0
        ],
        [
          77,
          0,
          0,
          0,
          0,
          158,
          0,
          0,
          0,
          5,
          0
        ],
        [
          0,
          0,
          0,
          0,
          0,
          0,
          237,
          0,
          0,
          3,
          0
        ],
        [
          0,
          0,
          0,
          0,
          0,
          0,
          0,
          240,
          0,
          0,
          0
        ],
        [
          0,
          0,
          0,
          0,
          0,
          0,
          1,
          0,
          237,
          2,
          0
        ],
        [
          8,
          0,
          0,
          0,
          0,
          0,
          1,
          0,
          0,
          231,
          0
        ],
        [
          4,
          0,
          0,
          0,
          0,
          1,
          0,
          0,
          0,
          0,
          235
        ]
      ],
      "n": 2640
    }
  },
  "history": {
    "train_acc": [
      71.96428571428571,
      85.74675324675324,
      87.20779220779221,
      88.18181818181819,
      90.32467532467533,
      91.51785714285714,
      93.91233766233766,
      92.6948051948052,
      94.35876623376623,
      94.375,
      94.97564935064935,
      94.61850649350649,
      95.17045454545455,
      95.0,
      94.52922077922078,
      94.91071428571429,
      95.0487012987013,
      95.33279220779221,
      95.06493506493507,
      93.48214285714286,
      94.69155844155844,
      94.82954545454545,
      95.25162337662337,
      95.31655844155844,
      95.31655844155844,
      95.34902597402598,
      95.4788961038961,
      95.53571428571429,
      95.33279220779221,
      95.51948051948052,
      95.61688311688312,
      95.45454545454545,
      95.26785714285714,
      95.58441558441558,
      95.55194805194805,
      95.68993506493507,
      95.85227272727273,
      95.91720779220779,
      95.9659090909091,
      95.87662337662337,
      95.76298701298701,
      96.14448051948052,
      95.87662337662337,
      94.96753246753246,
      96.11201298701299,
      96.33116883116882,
      96.33116883116882,
      96.33928571428571,
      96.2987012987013,
      96.2987012987013,
      96.35551948051948,
      95.90097402597402,
      95.9659090909091,
      96.4448051948052,
      96.38798701298701,
      96.09577922077922,
      96.34740259740259,
      96.55032467532467,
      96.73701298701299,
      96.70454545454545
    ],
    "val_acc": [
      84.58333333333333,
      84.6969696969697,
      89.54545454545455,
      88.90151515151516,
      92.1590909090909,
      93.25757575757575,
      95.26515151515152,
      94.01515151515152,
      95.0,
      94.96212121212122,
      95.22727272727273,
      94.92424242424242,
      95.18939393939394,
      95.3409090909091,
      93.29545454545455,
      95.07575757575758,
      95.15151515151516,
      93.90151515151516,
      95.15151515151516,
      94.96212121212122,
      95.71969696969697,
      93.18181818181819,
      95.56818181818181,
      95.68181818181819,
      95.11363636363636,
      95.56818181818181,
      95.75757575757575,
      95.26515151515152,
      95.64393939393939,
      95.26515151515152,
      95.64393939393939,
      95.79545454545455,
      95.37878787878788,
      95.07575757575758,
      96.13636363636364,
      95.15151515151516,
      95.68181818181819,
      95.56818181818181,
      96.28787878787878,
      96.43939393939394,
      96.02272727272727,
      96.17424242424242,
      92.8409090909091,
      95.87121212121212,
      96.32575757575758,
      96.21212121212122,
      96.5530303030303,
      96.62878787878788,
      96.62878787878788,
      96.40151515151516,
      96.40151515151516,
      96.5909090909091,
      96.62878787878788,
      96.74242424242425,
      95.3030303030303,
      95.56818181818181,
      96.28787878787878,
      96.17424242424242,
      95.18939393939394,
      96.62878787878788
    ],
    "physics_loss": [
      0.0,
      0.0,
      0.0,
      0.0,
      0.0,
      0.0,
      0.0,
      0.0,
      0.0,
      0.0,
      0.0,
      0.0,
      0.0,
      0.0,
      0.0,
      0.0,
      0.0,
      0.0,
      0.0,
      0.0,
      0.0,
      0.0,
      0.0,
      0.0,
      0.0,
      0.0,
      0.0,
      0.0,
      0.0,
      0.0,
      0.0,
      0.0,
      0.0,
      0.0,
      0.0,
      0.0,
      0.0,
      0.0,
      0.0,
      0.0,
      0.0,
      0.0,
      0.0,
      0.0,
      0.0,
      0.0,
      0.0,
      0.0,
      0.0,
      0.0,
      0.0,
      0.0,
      0.0,
      0.0,
      0.0,
      0.0,
      0.0,
      0.0,
      0.0,
      0.0
    ]
  },
  "provenance": {
    "budget": {
      "lr": 0.001,
      "batch": 64,
      "max_epochs": 60,
      "patience": 10
    },
    "best_epoch": 54,
    "best_val_acc": 96.74242424242425,