{
  "model": "physics_constrained_cnn",
  "seed": 0,
  "experiment": "severity_ood",
  "prereg": "\u00a78.3",
  "direction": "B_train_high_test_incipient",
  "physics_weight": 0.3,
  "ops_aware": false,
  "evals": {
    "ood_test": {
      "accuracy": 83.93939393939394,
      "f1_macro": 0.8467614440838637,
      "confusion_matrix": [
        [
          60,
          0,
          0,
          0,
          0,
          0,
          0,
          0,
          0,
          0,
          0
        ],
        [
          0,
          59,
          0,
          0,
          0,
          0,
          0,
          0,
          1,
          0,
          0
        ],
        [
          0,
          0,
          60,
          0,
          0,
          0,
          0,
          0,
          0,
          0,
          0
        ],
        [
          0,
          0,
          0,
          60,
          0,
          0,
          0,
          0,
          0,
          0,
          0
        ],
        [
          9,
          0,
          0,
          0,
          51,
          0,
          0,
          0,
          0,
          0,
          0
        ],
        [
          36,
          0,
          0,
          0,
          0,
          24,
          0,
          0,
          0,
          0,
          0
        ],
        [
          0,
          0,
          0,
          0,
          0,
          0,
          51,
          0,
          0,
          9,
          0
        ],
        [
          0,
          0,
          0,
          0,
          0,
          0,
          0,
          60,
          0,
          0,
          0
        ],
        [
          0,
          0,
          0,
          0,
          0,
          0,
          0,
          0,
          58,
          2,
          0
        ],
        [
          33,
          0,
          0,
          0,
          0,
          0,
          0,
          0,
          0,
          25,
          2
        ],
        [
          14,
          0,
          0,
          0,
          0,
          0,
          0,
          0,
          0,
          0,
          46
        ]
      ],
      "n": 660
    },
    "full_test": {
      "accuracy": 93.71212121212122,
      "f1_macro": 0.9389623112660903,
      "confusion_matrix": [
        [
          240,
          0,
          0,
          0,
          0,
          0,
          0,
          0,
          0,
          0,
          0
        ],
        [
          0,
          239,
          0,
          0,
          0,
          0,
          0,
          0,
          1,
          0,
          0
        ],
        [
          0,
          0,
          240,
          0,
          0,
          0,
          0,
          0,
          0,
          0,
          0
        ],
        [
          0,
          0,
          0,
          240,
          0,
          0,
          0,
          0,
          0,
          0,
          0
        ],
        [
          9,
          0,
          0,
          0,
          231,
          0,
          0,
          0,
          0,
          0,
          0
        ],
        [
          91,
          0,
          0,
          0,
          0,
          149,
          0,
          0,
          0,
          0,
          0
        ],
        [
          0,
          0,
          0,
          0,
          0,
          0,
          228,
          0,
          0,
          12,
          0
        ],
        [
          0,
          0,
          0,
          0,
          0,
          0,
          0,
          240,
          0,
          0,
          0
        ],
        [
          0,
          0,
          0,
          0,
          0,
          0,
          0,
          0,
          238,
          2,
          0
        ],
        [
          33,
          0,
          0,
          0,
          0,
          0,
          2,
          0,
          0,
          203,
          2
        ],
        [
          14,
          0,
          0,
          0,
          0,
          0,
          0,
          0,
          0,
          0,
          226
        ]
      ],
      "n": 2640
    }
  },
  "history": {
    "train_acc": [
      76.41774891774892,
      88.98268398268398,
      90.74675324675324,
      90.67099567099567,
      93.01948051948052,
      96.28787878787878,
      96.32034632034632,
      96.74242424242425,
      96.95887445887446,
      96.48268398268398,
      96.2012987012987,
      96.9047619047619,
      96.52597402597402,
      96.76406926406926,
      96.94805194805195,
      96.93722943722943,
      96.77489177489177,
      97.0021645021645,
      96.77489177489177,
      96.33116883116882,
      96.77489177489177
    ],
    "val_acc": [
      81.11111111111111,
      88.98989898989899,
      83.33333333333333,
      91.11111111111111,
      90.15151515151516,
      96.76767676767676,
      97.02020202020202,
      96.16161616161617,
      94.94949494949495,
      96.51515151515152,
      97.07070707070707,
      96.91919191919192,
      88.48484848484848,
      96.81818181818181,
      97.02020202020202,
      96.36363636363636,
      96.91919191919192,
      97.02020202020202,
      97.02020202020202,
      95.70707070707071,
      96.66666666666667
    ],
    "physics_loss": [
      0.2663433584686998,
      0.26237556872429785,
      0.26375207103692094,
      0.26505910033013397,
      0.2655398396444527,
      0.2715205071808456,
      0.27226414837878504,
      0.2707006387896352,
      0.2724526302380995,
      0.2707405473891791,
      0.27238327169315124,
      0.271377825427365,
      0.27265421668172396,
      0.27143044759442797,
      0.271910243116932,
      0.27245659410179435,
      0.2727417250216265,
      0.27198196688255705,
      0.2707713864324413,
      0.27174749908509194,
      0.27199432563472103
    ]
  },
  "provenance": {
    "budget": {
      "lr": 0.001,
      "batch": 64,
      "max_epochs": 60,
      "patience": 10
    },
    "best_epoch": 11,
    "best_val_acc": 97.07070707070707,
    "data": "dataset_v2.h5",
    "device": "cuda",
    "host": "f8779baa1ecc",
    "git_sha": "6ff39c9325edf83d4d295e5c5767f71691b4a125",
    "wall_time_s": 297.8,
    "finished_at": "2026-06-13T00:26:08.389734+00:00"
  }
}