{
  "model": "physics_constrained_cnn",
  "seed": 3,
  "experiment": "pinn_ablation",
  "prereg": "\u00a78.4",
  "physics_weight": 1.0,
  "ops_aware": false,
  "evals": {
    "test": {
      "accuracy": 95.9469696969697,
      "f1_macro": 0.9591701560505531,
      "confusion_matrix": [
        [
          240,
          0,
          0,
          0,
          0,
          0,
          0,
          0,
          0,
          0,
          0
        ],
        [
          0,
          240,
          0,
          0,
          0,
          0,
          0,
          0,
          0,
          0,
          0
        ],
        [
          0,
          0,
          240,
          0,
          0,
          0,
          0,
          0,
          0,
          0,
          0
        ],
        [
          0,
          0,
          0,
          240,
          0,
          0,
          0,
          0,
          0,
          0,
          0
        ],
        [
          2,
          0,
          0,
          0,
          238,
          0,
          0,
          0,
          0,
          0,
          0
        ],
        [
          86,
          0,
          0,
          0,
          0,
          154,
          0,
          0,
          0,
          0,
          0
        ],
        [
          0,
          0,
          0,
          0,
          0,
          0,
          237,
          0,
          0,
          3,
          0
        ],
        [
          0,
          0,
          0,
          0,
          0,
          0,
          0,
          240,
          0,
          0,
          0
        ],
        [
          0,
          0,
          0,
          0,
          0,
          0,
          0,
          0,
          240,
          0,
          0
        ],
        [
          10,
          0,
          0,
          0,
          0,
          0,
          3,
          0,
          0,
          227,
          0
        ],
        [
          3,
          0,
          0,
          0,
          0,
          0,
          0,
          0,
          0,
          0,
          237
        ]
      ],
      "n": 2640
    },
    "test_snr5": {
      "accuracy": 91.40151515151516,
      "f1_macro": 0.9116014902749974,
      "confusion_matrix": [
        [
          240,
          0,
          0,
          0,
          0,
          0,
          0,
          0,
          0,
          0,
          0
        ],
        [
          0,
          240,
          0,
          0,
          0,
          0,
          0,
          0,
          0,
          0,
          0
        ],
        [
          0,
          0,
          240,
          0,
          0,
          0,
          0,
          0,
          0,
          0,
          0
        ],
        [
          0,
          0,
          0,
          240,
          0,
          0,
          0,
          0,
          0,
          0,
          0
        ],
        [
          2,
          0,
          0,
          0,
          125,
          0,
          0,
          0,
          0,
          113,
          0
        ],
        [
          86,
          0,
          0,
          0,
          0,
          154,
          0,
          0,
          0,
          0,
          0
        ],
        [
          0,
          0,
          0,
          0,
          0,
          0,
          236,
          0,
          0,
          4,
          0
        ],
        [
          0,
          0,
          0,
          0,
          0,
          0,
          0,
          240,
          0,
          0,
          0
        ],
        [
          0,
          0,
          0,
          0,
          0,
          0,
          0,
          0,
          240,
          0,
          0
        ],
        [
          14,
          0,
          0,
          0,
          0,
          0,
          3,
          0,
          0,
          223,
          0
        ],
        [
          4,
          0,
          0,
          0,
          0,
          1,
          0,
          0,
          0,
          0,
          235
        ]
      ],
      "n": 2640
    }
  },
  "history": {
    "train_acc": [
      72.2159090909091,
      85.5762987012987,
      87.5,
      88.3198051948052,
      90.73863636363636,
      93.43344155844156,
      94.36688311688312,
      94.50487012987013,
      94.56168831168831,
      94.7646103896104,
      94.64285714285714,
      94.36688311688312,
      94.98376623376623,
      95.22727272727273,
      94.97564935064935,
      94.96753246753246,
      95.27597402597402,
      95.07305194805195,
      95.07305194805195,
      94.34253246753246,
      94.83766233766234,
      95.4788961038961,
      95.50324675324676,
      95.36525974025975,
      95.72240259740259,
      95.56818181818181,
      95.60064935064935,
      95.8198051948052,
      95.64935064935065,
      95.8198051948052,
      95.25974025974025,
      95.59253246753246,
      95.56006493506493,
      95.68181818181819,
      95.8603896103896,
      96.24188311688312,
      96.14448051948052,
      96.02272727272727,
      95.9659090909091,
      96.04707792207792,
      96.07954545454545,
      96.29058441558442,
      96.37987012987013,
      96.50974025974025
    ],
    "val_acc": [
      76.5530303030303,
      87.34848484848484,
      88.14393939393939,
      78.52272727272727,
      92.5,
      94.24242424242425,
      94.92424242424242,
      92.57575757575758,
      94.35606060606061,
      87.95454545454545,
      91.06060606060606,
      95.41666666666667,
      95.45454545454545,
      93.4090909090909,
      95.11363636363636,
      94.92424242424242,
      95.37878787878788,
      92.95454545454545,
      95.26515151515152,
      94.35606060606061,
      95.79545454545455,
      96.02272727272727,
      95.49242424242425,
      95.0,
      95.71969696969697,
      95.9090909090909,
      95.9469696969697,
      95.41666666666667,
      96.28787878787878,
      95.9469696969697,
      92.91666666666667,
      95.9090909090909,
      95.3409090909091,
      96.66666666666667,
      96.51515151515152,
      96.36363636363636,
      96.28787878787878,
      96.43939393939394,
      96.36363636363636,
      96.32575757575758,
      96.51515151515152,
      96.62878787878788,
      96.32575757575758,
      95.71969696969697
    ],
    "physics_loss": [
      0.08229255106348496,
      0.04823954864465571,
      0.04284814235742216,
      0.04197903514005147,
      0.03999469036889541,
      0.036988284876691056,
      0.03540703421579553,
      0.034425587052261675,
      0.034370466312030695,
      0.0332305988248486,
      0.03358627643871617,
      0.03449878121254506,
      0.033220774433636045,
      0.03315005948791256,
      0.033199628074834876,
      0.033413909511132676,
      0.03288868241882943,
      0.033390917716088236,
      0.0332676092985195,
      0.03478378067639741,
      0.03381134219370879,
      0.032370844609164576,
      0.03223006853882175,
      0.032336457020470076,
      0.03183824328778239,
      0.03248228910318636,
      0.03212023339198007,
      0.03193184265552403,
      0.032080774788152085,
      0.03175523442687926,
      0.03266671238975091,
      0.03207165280526335,
      0.03152214808316974,
      0.03102159537858777,
      0.03104133156019372,
      0.03038402400523811,
      0.030851900084065152,
      0.030802072187909833,
      0.03084294819696383,
      0.03048299831616414,
      0.03039542263156021,
      0.030111158885932587,
      0.02992798835039139,
      0.029963759932812157
    ]
  },
  "provenance": {
    "budget": {
      "lr": 0.001,
      "batch": 64,
      "max_epochs": 60,
      "patience": 10
    },
    "best_epoch": 34,
    "best_val_acc": 96.66666666666667,
    "data": "dataset_v2.h5",
    "device": "cuda",
    "host": "242c8a6721cd",
    "git_sha": "4a2063d99387989042031fcd62111d4962d9966d",
    "wall_time_s": 609.6,
    "finished_at": "2026-06-22T23:57:42.453520+00:00"
  }
}