{
  "model": "resnet18",
  "seed": 0,
  "experiment": "severity_ood",
  "prereg": "\u00a78.3",
  "direction": "B_train_high_test_incipient",
  "physics_weight": 0.0,
  "ops_aware": false,
  "evals": {
    "ood_test": {
      "accuracy": 77.27272727272727,
      "f1_macro": 0.786917362945714,
      "confusion_matrix": [
        [
          60,
          0,
          0,
          0,
          0,
          0,
          0,
          0,
          0,
          0,
          0
        ],
        [
          0,
          59,
          0,
          0,
          0,
          0,
          0,
          0,
          1,
          0,
          0
        ],
        [
          0,
          0,
          53,
          0,
          0,
          0,
          0,
          0,
          0,
          0,
          7
        ],
        [
          0,
          0,
          0,
          60,
          0,
          0,
          0,
          0,
          0,
          0,
          0
        ],
        [
          12,
          0,
          0,
          0,
          48,
          0,
          0,
          0,
          0,
          0,
          0
        ],
        [
          33,
          0,
          0,
          0,
          0,
          27,
          0,
          0,
          0,
          0,
          0
        ],
        [
          0,
          0,
          0,
          0,
          0,
          0,
          42,
          0,
          0,
          18,
          0
        ],
        [
          0,
          0,
          0,
          0,
          0,
          0,
          0,
          60,
          0,
          0,
          0
        ],
        [
          1,
          0,
          0,
          0,
          0,
          1,
          0,
          0,
          39,
          19,
          0
        ],
        [
          32,
          0,
          0,
          0,
          0,
          5,
          0,
          0,
          0,
          23,
          0
        ],
        [
          17,
          0,
          0,
          0,
          0,
          4,
          0,
          0,
          0,
          0,
          39
        ]
      ],
      "n": 660
    },
    "full_test": {
      "accuracy": 92.08333333333333,
      "f1_macro": 0.923513080540332,
      "confusion_matrix": [
        [
          240,
          0,
          0,
          0,
          0,
          0,
          0,
          0,
          0,
          0,
          0
        ],
        [
          0,
          239,
          0,
          0,
          0,
          0,
          0,
          0,
          1,
          0,
          0
        ],
        [
          0,
          0,
          233,
          0,
          0,
          0,
          0,
          0,
          0,
          0,
          7
        ],
        [
          0,
          0,
          0,
          240,
          0,
          0,
          0,
          0,
          0,
          0,
          0
        ],
        [
          13,
          0,
          0,
          0,
          227,
          0,
          0,
          0,
          0,
          0,
          0
        ],
        [
          88,
          0,
          0,
          0,
          0,
          152,
          0,
          0,
          0,
          0,
          0
        ],
        [
          0,
          0,
          0,
          0,
          0,
          0,
          220,
          0,
          0,
          20,
          0
        ],
        [
          0,
          0,
          0,
          0,
          0,
          0,
          0,
          240,
          0,
          0,
          0
        ],
        [
          1,
          0,
          0,
          0,
          0,
          1,
          0,
          0,
          219,
          19,
          0
        ],
        [
          32,
          0,
          0,
          0,
          0,
          5,
          1,
          0,
          0,
          202,
          0
        ],
        [
          17,
          0,
          0,
          0,
          0,
          4,
          0,
          0,
          0,
          0,
          219
        ]
      ],
      "n": 2640
    }
  },
  "history": {
    "train_acc": [
      78.77705627705627,
      89.46969696969697,
      92.87878787878788,
      94.92424242424242,
      96.00649350649351,
      96.3961038961039,
      96.33116883116882,
      96.76406926406926,
      96.9047619047619,
      96.74242424242425,
      96.61255411255411,
      96.7965367965368,
      96.88311688311688,
      96.28787878787878,
      96.96969696969697,
      96.87229437229438,
      96.74242424242425,
      96.77489177489177
    ],
    "val_acc": [
      88.73737373737374,
      90.55555555555556,
      90.9090909090909,
      97.02020202020202,
      96.66666666666667,
      96.21212121212122,
      97.02020202020202,
      97.22222222222223,
      97.02020202020202,
      96.51515151515152,
      96.61616161616162,
      96.86868686868686,
      96.86868686868686,
      96.56565656565657,
      97.07070707070707,
      96.91919191919192,
      96.66666666666667,
      97.02020202020202
    ],
    "physics_loss": [
      0.0,
      0.0,
      0.0,
      0.0,
      0.0,
      0.0,
      0.0,
      0.0,
      0.0,
      0.0,
      0.0,
      0.0,
      0.0,
      0.0,
      0.0,
      0.0,
      0.0,
      0.0
    ]
  },
  "provenance": {
    "budget": {
      "lr": 0.001,
      "batch": 64,
      "max_epochs": 60,
      "patience": 10
    },
    "best_epoch": 8,
    "best_val_acc": 97.22222222222223,
    "data": "dataset_v2.h5",
    "device": "cuda",
    "host": "f8779baa1ecc",
    "git_sha": "6ff39c9325edf83d4d295e5c5767f71691b4a125",
    "wall_time_s": 185.4,
    "finished_at": "2026-06-13T01:08:48.723492+00:00"
  }
}