{
  "model": "svm",
  "seed": 2,
  "accuracy": 94.05303030303031,
  "f1_macro": 0.9415908785020665,
  "per_class_accuracy": {
    "Healthy": 99.16666666666667,
    "Misalignment": 100.0,
    "Imbalance": 99.58333333333333,
    "Bearing Clearance": 99.16666666666667,
    "Lubrication Issue": 99.16666666666667,
    "Cavitation": 62.916666666666664,
    "Wear": 98.75,
    "Oil Whirl": 100.0,
    "Misalignment + Imbalance": 94.16666666666667,
    "Wear + Lubrication": 94.58333333333333,
    "Cavitation + Clearance": 87.08333333333333
  },
  "confusion_matrix": [
    [
      238,
      0,
      0,
      0,
      0,
      1,
      0,
      0,
      0,
      1,
      0
    ],
    [
      0,
      240,
      0,
      0,
      0,
      0,
      0,
      0,
      0,
      0,
      0
    ],
    [
      0,
      0,
      239,
      0,
      0,
      0,
      0,
      0,
      0,
      0,
      1
    ],
    [
      0,
      0,
      0,
      238,
      1,
      0,
      0,
      0,
      0,
      0,
      1
    ],
    [
      2,
      0,
      0,
      0,
      238,
      0,
      0,
      0,
      0,
      0,
      0
    ],
    [
      89,
      0,
      0,
      0,
      0,
      151,
      0,
      0,
      0,
      0,
      0
    ],
    [
      0,
      0,
      0,
      0,
      0,
      0,
      237,
      0,
      0,
      3,
      0
    ],
    [
      0,
      0,
      0,
      0,
      0,
      0,
      0,
      240,
      0,
      0,
      0
    ],
    [
      13,
      0,
      0,
      0,
      0,
      0,
      0,
      0,
      226,
      0,
      1
    ],
    [
      12,
      0,
      0,
      0,
      0,
      1,
      0,
      0,
      0,
      227,
      0
    ],
    [
      15,
      0,
      0,
      15,
      0,
      0,
      0,
      0,
      1,
      0,
      209
    ]
  ],
  "class_names": [
    "Healthy",
    "Misalignment",
    "Imbalance",
    "Bearing Clearance",
    "Lubrication Issue",
    "Cavitation",
    "Wear",
    "Oil Whirl",
    "Misalignment + Imbalance",
    "Wear + Lubrication",
    "Cavitation + Clearance"
  ],
  "num_test_windows": 2640,
  "val_accuracy": 93.18181818181817,
  "provenance": {
    "protocol": "experiments/PROTOCOL.md",
    "data": "data/generated/dataset_v2.h5",
    "window_length": 20480,
    "features": 36,
    "host": "DESKTOP-M7RBFOO",
    "git_sha": "2e527f0c1f114a7fa27d1ca96eb7b3a4a7540dd1",
    "wall_time_s": 2.5,
    "finished_at": "2026-06-11T21:57:09.352638+00:00"
  }
}