{
  "model": "physics_constrained_cnn",
  "seed": 2,
  "experiment": "severity_ood",
  "prereg": "\u00a78.3",
  "direction": "B_train_high_test_incipient",
  "physics_weight": 0.3,
  "ops_aware": false,
  "evals": {
    "ood_test": {
      "accuracy": 79.6969696969697,
      "f1_macro": 0.8102875973515276,
      "confusion_matrix": [
        [
          60,
          0,
          0,
          0,
          0,
          0,
          0,
          0,
          0,
          0,
          0
        ],
        [
          0,
          59,
          0,
          0,
          0,
          0,
          0,
          0,
          1,
          0,
          0
        ],
        [
          0,
          0,
          52,
          0,
          0,
          0,
          0,
          0,
          0,
          0,
          8
        ],
        [
          0,
          0,
          0,
          60,
          0,
          0,
          0,
          0,
          0,
          0,
          0
        ],
        [
          10,
          0,
          0,
          0,
          50,
          0,
          0,
          0,
          0,
          0,
          0
        ],
        [
          31,
          0,
          0,
          0,
          0,
          29,
          0,
          0,
          0,
          0,
          0
        ],
        [
          0,
          0,
          0,
          0,
          0,
          0,
          42,
          0,
          0,
          18,
          0
        ],
        [
          0,
          0,
          0,
          0,
          0,
          0,
          0,
          60,
          0,
          0,
          0
        ],
        [
          11,
          0,
          0,
          0,
          0,
          0,
          0,
          0,
          49,
          0,
          0
        ],
        [
          41,
          0,
          0,
          0,
          0,
          0,
          0,
          0,
          0,
          19,
          0
        ],
        [
          12,
          0,
          0,
          0,
          0,
          2,
          0,
          0,
          0,
          0,
          46
        ]
      ],
      "n": 660
    },
    "full_test": {
      "accuracy": 92.8030303030303,
      "f1_macro": 0.9312824943068612,
      "confusion_matrix": [
        [
          240,
          0,
          0,
          0,
          0,
          0,
          0,
          0,
          0,
          0,
          0
        ],
        [
          0,
          239,
          0,
          0,
          0,
          0,
          0,
          0,
          1,
          0,
          0
        ],
        [
          0,
          0,
          232,
          0,
          0,
          0,
          0,
          0,
          0,
          0,
          8
        ],
        [
          0,
          0,
          0,
          240,
          0,
          0,
          0,
          0,
          0,
          0,
          0
        ],
        [
          11,
          0,
          0,
          0,
          229,
          0,
          0,
          0,
          0,
          0,
          0
        ],
        [
          86,
          0,
          0,
          0,
          0,
          154,
          0,
          0,
          0,
          0,
          0
        ],
        [
          0,
          0,
          0,
          0,
          0,
          0,
          222,
          0,
          0,
          18,
          0
        ],
        [
          0,
          0,
          0,
          0,
          0,
          0,
          0,
          240,
          0,
          0,
          0
        ],
        [
          11,
          0,
          0,
          0,
          0,
          0,
          0,
          0,
          229,
          0,
          0
        ],
        [
          41,
          0,
          0,
          0,
          0,
          0,
          0,
          0,
          0,
          199,
          0
        ],
        [
          12,
          0,
          0,
          0,
          0,
          2,
          0,
          0,
          0,
          0,
          226
        ]
      ],
      "n": 2640
    }
  },
  "history": {
    "train_acc": [
      76.96969696969697,
      89.66450216450217,
      91.75324675324676,
      95.27056277056278,
      95.27056277056278,
      95.16233766233766,
      96.37445887445888,
      96.49350649350649,
      96.73160173160173,
      96.95887445887446,
      96.12554112554112,
      96.30952380952381,
      96.91558441558442,
      96.53679653679653,
      96.48268398268398,
      96.78571428571429,
      96.98051948051948,
      97.05627705627705,
      96.62337662337663,
      96.34199134199135,
      96.72077922077922,
      96.9047619047619,
      97.06709956709956,
      97.07792207792208,
      97.15367965367966,
      97.17532467532467,
      96.92640692640693
    ],
    "val_acc": [
      84.34343434343434,
      92.42424242424242,
      92.12121212121212,
      96.76767676767676,
      89.29292929292929,
      95.65656565656566,
      96.36363636363636,
      96.91919191919192,
      97.17171717171718,
      95.5050505050505,
      93.18181818181819,
      96.81818181818181,
      97.07070707070707,
      97.07070707070707,
      96.36363636363636,
      97.17171717171718,
      97.22222222222223,
      96.96969696969697,
      96.41414141414141,
      96.51515151515152,
      97.07070707070707,
      96.66666666666667,
      97.17171717171718,
      96.96969696969697,
      97.02020202020202,
      97.22222222222223,
      97.17171717171718
    ],
    "physics_loss": [
      0.28231454215524515,
      0.26344303088786797,
      0.26710671181286566,
      0.26839442681440545,
      0.27057268144764424,
      0.27042413679036226,
      0.27089268467126987,
      0.2712864882631219,
      0.2718517864679361,
      0.2724143067608664,
      0.27240969303882484,
      0.27017986232584174,
      0.27222710004100553,
      0.2727761642241375,
      0.2728500717388087,
      0.27210065304458914,
      0.27236330934933256,
      0.2725699368557889,
      0.2713685652136287,
      0.2726217436067986,
      0.2708615093907237,
      0.2723137920295005,
      0.27311750739425805,
      0.2717585934963061,
      0.27186287128048026,
      0.27194783181855176,
      0.27188325759136317
    ]
  },
  "provenance": {
    "budget": {
      "lr": 0.001,
      "batch": 64,
      "max_epochs": 60,
      "patience": 10
    },
    "best_epoch": 17,
    "best_val_acc": 97.22222222222223,
    "data": "dataset_v2.h5",
    "device": "cuda",
    "host": "f8779baa1ecc",
    "git_sha": "6ff39c9325edf83d4d295e5c5767f71691b4a125",
    "wall_time_s": 383.2,
    "finished_at": "2026-06-13T00:41:03.425526+00:00"
  }
}