{
  "model": "physics_constrained_cnn",
  "seed": 10,
  "experiment": "pinn_ablation",
  "prereg": "\u00a78.4",
  "physics_weight": 0.0,
  "ops_aware": false,
  "evals": {
    "test": {
      "accuracy": 96.43939393939394,
      "f1_macro": 0.9636220368730612,
      "confusion_matrix": [
        [
          240,
          0,
          0,
          0,
          0,
          0,
          0,
          0,
          0,
          0,
          0
        ],
        [
          0,
          240,
          0,
          0,
          0,
          0,
          0,
          0,
          0,
          0,
          0
        ],
        [
          0,
          0,
          240,
          0,
          0,
          0,
          0,
          0,
          0,
          0,
          0
        ],
        [
          0,
          0,
          0,
          240,
          0,
          0,
          0,
          0,
          0,
          0,
          0
        ],
        [
          0,
          0,
          0,
          0,
          240,
          0,
          0,
          0,
          0,
          0,
          0
        ],
        [
          85,
          0,
          0,
          0,
          0,
          154,
          0,
          0,
          0,
          1,
          0
        ],
        [
          0,
          0,
          0,
          0,
          0,
          0,
          240,
          0,
          0,
          0,
          0
        ],
        [
          0,
          0,
          0,
          0,
          0,
          0,
          0,
          240,
          0,
          0,
          0
        ],
        [
          0,
          0,
          0,
          0,
          0,
          0,
          1,
          0,
          239,
          0,
          0
        ],
        [
          7,
          0,
          0,
          0,
          0,
          0,
          0,
          0,
          0,
          233,
          0
        ],
        [
          0,
          0,
          0,
          0,
          0,
          0,
          0,
          0,
          0,
          0,
          240
        ]
      ],
      "n": 2640
    },
    "test_snr5": {
      "accuracy": 96.02272727272727,
      "f1_macro": 0.9595371332500064,
      "confusion_matrix": [
        [
          238,
          0,
          0,
          0,
          0,
          1,
          0,
          0,
          0,
          1,
          0
        ],
        [
          0,
          240,
          0,
          0,
          0,
          0,
          0,
          0,
          0,
          0,
          0
        ],
        [
          0,
          0,
          240,
          0,
          0,
          0,
          0,
          0,
          0,
          0,
          0
        ],
        [
          0,
          0,
          0,
          240,
          0,
          0,
          0,
          0,
          0,
          0,
          0
        ],
        [
          0,
          0,
          0,
          0,
          232,
          0,
          0,
          0,
          0,
          8,
          0
        ],
        [
          84,
          0,
          0,
          0,
          0,
          155,
          0,
          0,
          0,
          1,
          0
        ],
        [
          0,
          0,
          0,
          0,
          0,
          0,
          239,
          0,
          0,
          1,
          0
        ],
        [
          0,
          0,
          0,
          0,
          0,
          0,
          0,
          240,
          0,
          0,
          0
        ],
        [
          0,
          0,
          0,
          0,
          0,
          0,
          1,
          0,
          238,
          1,
          0
        ],
        [
          7,
          0,
          0,
          0,
          0,
          0,
          0,
          0,
          0,
          233,
          0
        ],
        [
          0,
          0,
          0,
          0,
          0,
          0,
          0,
          0,
          0,
          0,
          240
        ]
      ],
      "n": 2640
    }
  },
  "history": {
    "train_acc": [
      71.76136363636364,
      86.88311688311688,
      87.11850649350649,
      87.62175324675324,
      89.20454545454545,
      92.41071428571429,
      93.42532467532467,
      94.05844155844156,
      93.10876623376623,
      93.9853896103896,
      94.86201298701299,
      94.81331168831169,
      94.96753246753246,
      95.02435064935065,
      94.64285714285714,
      95.21915584415585,
      95.17857142857143,
      94.375,
      94.46428571428571,
      95.08116883116882,
      95.44642857142857,
      94.97564935064935,
      95.42207792207792,
      95.4788961038961,
      95.56006493506493,
      95.69805194805195,
      95.52759740259741,
      96.03084415584415,
      95.82792207792208,
      96.11201298701299,
      94.36688311688312,
      95.16233766233766,
      95.46266233766234,
      95.99025974025975,
      96.2012987012987,
      96.18506493506493,
      96.25811688311688,
      96.33116883116882,
      96.50162337662337,
      96.5340909090909,
      96.4448051948052,
      96.46103896103897,
      96.42857142857143,
      96.46915584415585,
      96.40422077922078,
      96.29058441558442,
      96.4448051948052,
      96.34740259740259
    ],
    "val_acc": [
      79.16666666666667,
      86.32575757575758,
      88.29545454545455,
      84.92424242424242,
      90.9090909090909,
      86.70454545454545,
      95.3409090909091,
      92.46212121212122,
      94.84848484848484,
      93.06818181818181,
      95.37878787878788,
      94.6590909090909,
      95.26515151515152,
      94.16666666666667,
      93.86363636363636,
      95.11363636363636,
      95.45454545454545,
      94.01515151515152,
      94.92424242424242,
      95.45454545454545,
      95.3030303030303,
      95.45454545454545,
      95.49242424242425,
      95.68181818181819,
      96.25,
      95.60606060606061,
      96.40151515151516,
      95.22727272727273,
      96.40151515151516,
      96.81818181818181,
      95.49242424242425,
      95.75757575757575,
      96.81818181818181,
      96.81818181818181,
      96.85606060606061,
      96.78030303030303,
      96.78030303030303,
      96.96969696969697,
      96.81818181818181,
      96.93181818181819,
      96.93181818181819,
      96.36363636363636,
      96.96969696969697,
      96.85606060606061,
      96.81818181818181,
      96.81818181818181,
      93.90151515151516,
      96.47727272727273
    ],
    "physics_loss": [
      0.0,
      0.0,
      0.0,
      0.0,
      0.0,
      0.0,
      0.0,
      0.0,
      0.0,
      0.0,
      0.0,
      0.0,
      0.0,
      0.0,
      0.0,
      0.0,
      0.0,
      0.0,
      0.0,
      0.0,
      0.0,
      0.0,
      0.0,
      0.0,
      0.0,
      0.0,
      0.0,
      0.0,
      0.0,
      0.0,
      0.0,
      0.0,
      0.0,
      0.0,
      0.0,
      0.0,
      0.0,
      0.0,
      0.0,
      0.0,
      0.0,
      0.0,
      0.0,
      0.0,
      0.0,
      0.0,
      0.0,
      0.0
    ]
  },
  "provenance": {
    "budget": {
      "lr": 0.001,
      "batch": 64,
      "max_epochs": 60,
      "patience": 10
    },
    "best_epoch": 38,
    "best_val_acc": 96.96969696969697,
    "data": "dataset_v2.h5",
    "device": "cuda",
    "host": "242c8a6721cd",
    "git_sha": "4a2063d99387989042031fcd62111d4962d9966d",
    "wall_time_s": 623.8,
    "finished_at": "2026-06-22T22:55:19.365257+00:00"
  }
}