{
  "model": "physics_constrained_cnn",
  "seed": 2,
  "experiment": "pinn_ablation_random",
  "prereg": "\u00a78.8",
  "physics_weight": 1.0,
  "ops_aware": false,
  "evals": {
    "test": {
      "accuracy": 96.36363636363636,
      "f1_macro": 0.962978757131586,
      "confusion_matrix": [
        [
          239,
          0,
          0,
          0,
          0,
          1,
          0,
          0,
          0,
          0,
          0
        ],
        [
          0,
          240,
          0,
          0,
          0,
          0,
          0,
          0,
          0,
          0,
          0
        ],
        [
          0,
          0,
          240,
          0,
          0,
          0,
          0,
          0,
          0,
          0,
          0
        ],
        [
          0,
          0,
          0,
          240,
          0,
          0,
          0,
          0,
          0,
          0,
          0
        ],
        [
          0,
          0,
          0,
          0,
          240,
          0,
          0,
          0,
          0,
          0,
          0
        ],
        [
          85,
          0,
          0,
          0,
          0,
          154,
          0,
          0,
          0,
          1,
          0
        ],
        [
          0,
          0,
          0,
          0,
          0,
          0,
          240,
          0,
          0,
          0,
          0
        ],
        [
          0,
          0,
          0,
          0,
          0,
          0,
          0,
          240,
          0,
          0,
          0
        ],
        [
          0,
          0,
          0,
          0,
          0,
          0,
          0,
          0,
          240,
          0,
          0
        ],
        [
          9,
          0,
          0,
          0,
          0,
          0,
          0,
          0,
          0,
          231,
          0
        ],
        [
          0,
          0,
          0,
          0,
          0,
          0,
          0,
          0,
          0,
          0,
          240
        ]
      ],
      "n": 2640
    },
    "test_snr5": {
      "accuracy": 95.9090909090909,
      "f1_macro": 0.9586249428842102,
      "confusion_matrix": [
        [
          238,
          0,
          0,
          0,
          0,
          1,
          0,
          0,
          0,
          1,
          0
        ],
        [
          0,
          240,
          0,
          0,
          0,
          0,
          0,
          0,
          0,
          0,
          0
        ],
        [
          0,
          0,
          240,
          0,
          0,
          0,
          0,
          0,
          0,
          0,
          0
        ],
        [
          0,
          0,
          0,
          240,
          0,
          0,
          0,
          0,
          0,
          0,
          0
        ],
        [
          0,
          0,
          0,
          0,
          237,
          0,
          0,
          0,
          0,
          3,
          0
        ],
        [
          86,
          0,
          0,
          0,
          0,
          154,
          0,
          0,
          0,
          0,
          0
        ],
        [
          0,
          0,
          0,
          0,
          0,
          0,
          239,
          0,
          0,
          1,
          0
        ],
        [
          0,
          0,
          0,
          0,
          0,
          0,
          0,
          240,
          0,
          0,
          0
        ],
        [
          0,
          0,
          0,
          0,
          0,
          0,
          0,
          0,
          239,
          1,
          0
        ],
        [
          12,
          0,
          0,
          0,
          3,
          0,
          0,
          0,
          0,
          225,
          0
        ],
        [
          0,
          0,
          0,
          0,
          0,
          0,
          0,
          0,
          0,
          0,
          240
        ]
      ],
      "n": 2640
    }
  },
  "history": {
    "train_acc": [
      70.98214285714286,
      86.9237012987013,
      89.82954545454545,
      92.83279220779221,
      92.13474025974025,
      93.52272727272727,
      93.96103896103897,
      94.49675324675324,
      94.39123376623377,
      94.73214285714286,
      94.98376623376623,
      95.17045454545455,
      95.10551948051948,
      94.65097402597402,
      94.69967532467533,
      95.17857142857143,
      95.32467532467533,
      95.3896103896104,
      95.4301948051948,
      95.11363636363636,
      95.34902597402598,
      94.73214285714286,
      95.07305194805195,
      95.35714285714286,
      95.71428571428571,
      95.47077922077922,
      95.71428571428571,
      95.79545454545455,
      95.92532467532467,
      96.06331168831169,
      95.9659090909091,
      95.69805194805195,
      96.07142857142857,
      96.22564935064935,
      96.12012987012987,
      96.23376623376623,
      95.97402597402598,
      95.50324675324676,
      95.65746753246754,
      96.14448051948052,
      96.45292207792208,
      96.61525974025975,
      96.54220779220779,
      96.5340909090909,
      96.67207792207792,
      96.67207792207792,
      96.57467532467533,
      96.51785714285714,
      96.71266233766234,
      95.8603896103896,
      96.59902597402598,
      96.72077922077922,
      96.8262987012987,
      96.93181818181819,
      96.75324675324676,
      97.1590909090909,
      96.77759740259741,
      97.28084415584415
    ],
    "val_acc": [
      61.74242424242424,
      83.52272727272727,
      88.4090909090909,
      91.25,
      92.99242424242425,
      94.12878787878788,
      95.11363636363636,
      94.12878787878788,
      94.96212121212122,
      94.77272727272727,
      95.0,
      94.77272727272727,
      95.64393939393939,
      91.93181818181819,
      95.07575757575758,
      91.93181818181819,
      94.62121212121212,
      95.9090909090909,
      94.88636363636364,
      94.20454545454545,
      95.56818181818181,
      94.81060606060606,
      95.37878787878788,
      95.15151515151516,
      96.09848484848484,
      95.79545454545455,
      96.40151515151516,
      96.40151515151516,
      96.47727272727273,
      96.51515151515152,
      96.47727272727273,
      96.36363636363636,
      96.5530303030303,
      96.66666666666667,
      96.62878787878788,
      96.43939393939394,
      96.74242424242425,
      95.3409090909091,
      96.17424242424242,
      96.62878787878788,
      96.78030303030303,
      96.89393939393939,
      96.78030303030303,
      96.93181818181819,
      96.85606060606061,
      96.78030303030303,
      96.89393939393939,
      97.00757575757575,
      96.62878787878788,
      96.02272727272727,
      96.66666666666667,
      96.5530303030303,
      96.74242424242425,
      96.47727272727273,
      96.66666666666667,
      96.78030303030303,
      95.49242424242425,
      96.74242424242425
    ],