{
  "model": "physics_constrained_cnn",
  "seed": 11,
  "experiment": "pinn_ablation",
  "prereg": "\u00a78.4",
  "physics_weight": 1.0,
  "ops_aware": false,
  "evals": {
    "test": {
      "accuracy": 96.36363636363636,
      "f1_macro": 0.9629792895162523,
      "confusion_matrix": [
        [
          240,
          0,
          0,
          0,
          0,
          0,
          0,
          0,
          0,
          0,
          0
        ],
        [
          0,
          240,
          0,
          0,
          0,
          0,
          0,
          0,
          0,
          0,
          0
        ],
        [
          0,
          0,
          240,
          0,
          0,
          0,
          0,
          0,
          0,
          0,
          0
        ],
        [
          0,
          0,
          0,
          240,
          0,
          0,
          0,
          0,
          0,
          0,
          0
        ],
        [
          0,
          0,
          0,
          0,
          240,
          0,
          0,
          0,
          0,
          0,
          0
        ],
        [
          85,
          0,
          0,
          0,
          0,
          154,
          0,
          0,
          0,
          1,
          0
        ],
        [
          0,
          0,
          0,
          0,
          0,
          0,
          240,
          0,
          0,
          0,
          0
        ],
        [
          0,
          0,
          0,
          0,
          0,
          0,
          0,
          240,
          0,
          0,
          0
        ],
        [
          0,
          0,
          0,
          0,
          0,
          0,
          0,
          0,
          240,
          0,
          0
        ],
        [
          8,
          0,
          0,
          0,
          0,
          0,
          0,
          0,
          0,
          232,
          0
        ],
        [
          1,
          0,
          0,
          0,
          0,
          1,
          0,
          0,
          0,
          0,
          238
        ]
      ],
      "n": 2640
    },
    "test_snr5": {
      "accuracy": 95.87121212121212,
      "f1_macro": 0.958446907801423,
      "confusion_matrix": [
        [
          235,
          0,
          0,
          0,
          0,
          4,
          0,
          0,
          0,
          1,
          0
        ],
        [
          0,
          240,
          0,
          0,
          0,
          0,
          0,
          0,
          0,
          0,
          0
        ],
        [
          0,
          0,
          240,
          0,
          0,
          0,
          0,
          0,
          0,
          0,
          0
        ],
        [
          0,
          0,
          0,
          240,
          0,
          0,
          0,
          0,
          0,
          0,
          0
        ],
        [
          1,
          0,
          0,
          0,
          236,
          0,
          0,
          0,
          0,
          3,
          0
        ],
        [
          86,
          0,
          0,
          0,
          0,
          154,
          0,
          0,
          0,
          0,
          0
        ],
        [
          0,
          0,
          0,
          0,
          0,
          0,
          240,
          0,
          0,
          0,
          0
        ],
        [
          0,
          0,
          0,
          0,
          0,
          0,
          0,
          240,
          0,
          0,
          0
        ],
        [
          0,
          0,
          0,
          0,
          0,
          0,
          0,
          0,
          240,
          0,
          0
        ],
        [
          11,
          0,
          0,
          0,
          0,
          0,
          0,
          0,
          0,
          229,
          0
        ],
        [
          2,
          0,
          0,
          0,
          0,
          1,
          0,
          0,
          0,
          0,
          237
        ]
      ],
      "n": 2640
    }
  },
  "history": {
    "train_acc": [
      75.02435064935065,
      91.1038961038961,
      92.62987012987013,
      93.66071428571429,
      93.24675324675324,
      94.05032467532467,
      94.36688311688312,
      93.90422077922078,
      94.20454545454545,
      94.74837662337663,
      94.93506493506493,
      94.8051948051948,
      95.08928571428571,
      95.06493506493507,
      95.25162337662337,
      95.51948051948052,
      95.44642857142857,
      95.20292207792208,
      95.36525974025975,
      95.37337662337663,
      95.1461038961039,
      95.43831168831169,
      95.47077922077922,
      95.30032467532467,
      95.58441558441558,
      96.02272727272727,
      94.35064935064935,
      95.31655844155844,
      95.99025974025975,
      96.03084415584415,
      96.07954545454545,
      96.04707792207792,
      96.16071428571429,
      96.16071428571429,
      96.14448051948052,
      96.26623376623377,
      96.25811688311688,
      96.46103896103897,
      96.37175324675324,
      96.31493506493507,
      96.62337662337663,
      96.37987012987013,
      96.24188311688312,
      96.45292207792208,
      96.51785714285714,
      96.50162337662337,
      96.59902597402598,
      96.61525974025975,
      96.33928571428571,
      95.60876623376623,
      96.6396103896104
    ],
    "val_acc": [
      81.43939393939394,
      89.43181818181819,
      93.56060606060606,
      86.74242424242425,
      89.24242424242425,
      94.81060606060606,
      93.86363636363636,
      93.14393939393939,
      94.20454545454545,
      94.54545454545455,
      94.92424242424242,
      95.3030303030303,
      95.07575757575758,
      94.73484848484848,
      95.71969696969697,
      95.41666666666667,
      93.59848484848484,
      95.56818181818181,
      94.92424242424242,
      96.17424242424242,
      95.83333333333333,
      95.60606060606061,
      95.87121212121212,
      96.43939393939394,
      95.60606060606061,
      96.70454545454545,
      89.73484848484848,
      96.28787878787878,
      96.5530303030303,
      96.02272727272727,
      92.34848484848484,
      96.51515151515152,
      96.32575757575758,
      95.71969696969697,
      96.74242424242425,
      96.5909090909091,
      96.51515151515152,
      96.47727272727273,
      96.47727272727273,
      96.78030303030303,
      96.96969696969697,
      96.85606060606061,
      95.53030303030303,
      96.70454545454545,
      96.74242424242425,
      96.62878787878788,
      96.93181818181819,
      96.81818181818181,
      87.38636363636364,
      96.78030303030303,
      96.89393939393939
    ],