{
  "model": "physics_constrained_cnn",
  "seed": 6,
  "experiment": "pinn_ablation_scramble",
  "prereg": "\u00a78.7",
  "reference_permutation": [
    0,
    10,
    5,
    9,
    6,
    2,
    8,
    4,
    7,
    1,
    3
  ],
  "physics_weight": 1.0,
  "ops_aware": false,
  "evals": {
    "test": {
      "accuracy": 96.36363636363636,
      "f1_macro": 0.962978757131586,
      "confusion_matrix": [
        [
          239,
          0,
          0,
          0,
          0,
          1,
          0,
          0,
          0,
          0,
          0
        ],
        [
          0,
          240,
          0,
          0,
          0,
          0,
          0,
          0,
          0,
          0,
          0
        ],
        [
          0,
          0,
          240,
          0,
          0,
          0,
          0,
          0,
          0,
          0,
          0
        ],
        [
          0,
          0,
          0,
          240,
          0,
          0,
          0,
          0,
          0,
          0,
          0
        ],
        [
          0,
          0,
          0,
          0,
          240,
          0,
          0,
          0,
          0,
          0,
          0
        ],
        [
          85,
          0,
          0,
          0,
          0,
          154,
          0,
          0,
          0,
          1,
          0
        ],
        [
          0,
          0,
          0,
          0,
          0,
          0,
          240,
          0,
          0,
          0,
          0
        ],
        [
          0,
          0,
          0,
          0,
          0,
          0,
          0,
          240,
          0,
          0,
          0
        ],
        [
          0,
          0,
          0,
          0,
          0,
          0,
          0,
          0,
          240,
          0,
          0
        ],
        [
          9,
          0,
          0,
          0,
          0,
          0,
          0,
          0,
          0,
          231,
          0
        ],
        [
          0,
          0,
          0,
          0,
          0,
          0,
          0,
          0,
          0,
          0,
          240
        ]
      ],
      "n": 2640
    },
    "test_snr5": {
      "accuracy": 95.9469696969697,
      "f1_macro": 0.9590164054236283,
      "confusion_matrix": [
        [
          235,
          0,
          0,
          0,
          0,
          1,
          0,
          0,
          0,
          4,
          0
        ],
        [
          0,
          240,
          0,
          0,
          0,
          0,
          0,
          0,
          0,
          0,
          0
        ],
        [
          0,
          0,
          240,
          0,
          0,
          0,
          0,
          0,
          0,
          0,
          0
        ],
        [
          0,
          0,
          0,
          240,
          0,
          0,
          0,
          0,
          0,
          0,
          0
        ],
        [
          1,
          0,
          0,
          0,
          236,
          0,
          0,
          0,
          0,
          3,
          0
        ],
        [
          85,
          0,
          0,
          0,
          0,
          154,
          0,
          0,
          0,
          1,
          0
        ],
        [
          0,
          0,
          0,
          0,
          0,
          0,
          239,
          0,
          0,
          1,
          0
        ],
        [
          0,
          0,
          0,
          0,
          0,
          0,
          0,
          240,
          0,
          0,
          0
        ],
        [
          0,
          0,
          0,
          0,
          0,
          0,
          0,
          0,
          240,
          0,
          0
        ],
        [
          10,
          0,
          0,
          0,
          0,
          0,
          0,
          0,
          0,
          230,
          0
        ],
        [
          1,
          0,
          0,
          0,
          0,
          0,
          0,
          0,
          0,
          0,
          239
        ]
      ],
      "n": 2640
    }
  },
  "history": {
    "train_acc": [
      76.26623376623377,
      86.57467532467533,
      89.0909090909091,
      92.44318181818181,
      93.75,
      93.62012987012987,
      94.87824675324676,
      94.87824675324676,
      95.21103896103897,
      94.18831168831169,
      94.84577922077922,
      93.71753246753246,
      95.21915584415585,
      95.11363636363636,
      95.31655844155844,
      95.0487012987013,
      95.33279220779221,
      95.47077922077922,
      95.3409090909091,
      95.56818181818181,
      95.59253246753246,
      95.58441558441558,
      95.87662337662337,
      94.48863636363636,
      95.68181818181819,
      95.77922077922078,
      95.84415584415585,
      95.70616883116882,
      95.73863636363636,
      95.40584415584415,
      96.02272727272727,
      96.24188311688312,
      96.08766233766234,
      96.42857142857143,
      96.18506493506493,
      96.37987012987013,
      96.46915584415585,
      96.6396103896104,
      96.30681818181819,
      96.46103896103897,
      96.3961038961039,
      95.94155844155844,
      96.46915584415585,
      96.66396103896103,
      96.73701298701299,
      96.66396103896103,
      96.79383116883118,
      96.81006493506493
    ],
    "val_acc": [
      75.68181818181819,
      81.93181818181819,
      88.4469696969697,
      90.37878787878788,
      92.46212121212122,
      88.82575757575758,
      93.21969696969697,
      94.77272727272727,
      89.12878787878788,
      94.28030303030303,
      94.43181818181819,
      94.54545454545455,
      94.77272727272727,
      95.60606060606061,
      95.03787878787878,
      95.60606060606061,
      95.22727272727273,
      95.18939393939394,
      95.3030303030303,
      96.17424242424242,
      95.37878787878788,
      95.49242424242425,
      95.11363636363636,
      94.28030303030303,
      95.9469696969697,
      96.47727272727273,
      96.51515151515152,
      96.51515151515152,
      95.68181818181819,
      96.5909090909091,
      96.74242424242425,
      96.66666666666667,
      96.78030303030303,
      96.32575757575758,
      96.74242424242425,
      96.81818181818181,
      96.85606060606061,
      96.96969696969697,
      96.81818181818181,
      96.89393939393939,
      96.74242424242425,
      96.47727272727273,
      96.78030303030303,
      96.93181818181819,
      96.74242424242425,
      95.87121212121212,
      96.89393939393939,
      96.93181818181819
    ],
    "physics_loss": [
      0.472136791650351,
      0.4794897085660464,
      0.4795275516324229,
      0.48396415153107086,
      0.4844989211528332,
      0.48593130715481647,
      0.48571252482278005,
      0.4854129168894384,
      0.48610567164111446,
      0.48543477429972065,
      0.48546729598726546,
      0.48497225510609615,
      0.4859094063957016,
      0.48611936770476305,
      0.48601153067180086,
      0.4858673879078456,
      0.4860327083569068,
      0.48580720935549054,
      0.4860572110522877,
      0.4863115038190569,
      0.4863216132312626,
      0.48580920874298394,
      0.48649481302731995,
      0.48556606785043493,
      0.4863538567896013,
      0.48592703079248406,
      0.4862546810856113,
      0.4861708712268185,
      0.48618664385436416,
      0.48527716754318834,
      0.4864217902932848,
      0.4864736012050084,
      0.4862298124022298,
      0.4862866232921551,
      0.4867411899876285,
      0.48624068699873885,
      0.4862311313678692,
      0.48662732065498054,
      0.4861520350753487,
      0.4866304574074683,
      0.4863382635178504,
      0.4860095111580638,
      0.4866762057527319,
      0.48663906184109773,
      0.486523908531511,
      0.48625526575299055,
      0.48654243141025694,
      0.4865827763235414
    ]
  },