{
  "model": "physics_constrained_cnn",
  "seed": 2,
  "experiment": "pinn_ablation",
  "prereg": "\u00a78.4",
  "physics_weight": 1.0,
  "ops_aware": false,
  "evals": {
    "test": {
      "accuracy": 96.47727272727272,
      "f1_macro": 0.9640566426426699,
      "confusion_matrix": [
        [
          240,
          0,
          0,
          0,
          0,
          0,
          0,
          0,
          0,
          0,
          0
        ],
        [
          0,
          240,
          0,
          0,
          0,
          0,
          0,
          0,
          0,
          0,
          0
        ],
        [
          0,
          0,
          240,
          0,
          0,
          0,
          0,
          0,
          0,
          0,
          0
        ],
        [
          0,
          0,
          0,
          240,
          0,
          0,
          0,
          0,
          0,
          0,
          0
        ],
        [
          0,
          0,
          0,
          0,
          240,
          0,
          0,
          0,
          0,
          0,
          0
        ],
        [
          86,
          0,
          0,
          0,
          0,
          154,
          0,
          0,
          0,
          0,
          0
        ],
        [
          0,
          0,
          0,
          0,
          0,
          0,
          240,
          0,
          0,
          0,
          0
        ],
        [
          0,
          0,
          0,
          0,
          0,
          0,
          0,
          240,
          0,
          0,
          0
        ],
        [
          0,
          0,
          0,
          0,
          0,
          0,
          0,
          0,
          240,
          0,
          0
        ],
        [
          7,
          0,
          0,
          0,
          0,
          0,
          0,
          0,
          0,
          233,
          0
        ],
        [
          0,
          0,
          0,
          0,
          0,
          0,
          0,
          0,
          0,
          0,
          240
        ]
      ],
      "n": 2640
    },
    "test_snr5": {
      "accuracy": 92.95454545454545,
      "f1_macro": 0.9282618652725911,
      "confusion_matrix": [
        [
          236,
          0,
          0,
          0,
          0,
          1,
          0,
          0,
          0,
          3,
          0
        ],
        [
          0,
          240,
          0,
          0,
          0,
          0,
          0,
          0,
          0,
          0,
          0
        ],
        [
          0,
          0,
          240,
          0,
          0,
          0,
          0,
          0,
          0,
          0,
          0
        ],
        [
          0,
          0,
          0,
          240,
          0,
          0,
          0,
          0,
          0,
          0,
          0
        ],
        [
          0,
          0,
          0,
          0,
          156,
          0,
          0,
          0,
          0,
          84,
          0
        ],
        [
          83,
          0,
          0,
          0,
          0,
          154,
          0,
          0,
          1,
          2,
          0
        ],
        [
          0,
          0,
          0,
          0,
          0,
          0,
          240,
          0,
          0,
          0,
          0
        ],
        [
          0,
          0,
          0,
          0,
          0,
          0,
          0,
          240,
          0,
          0,
          0
        ],
        [
          0,
          0,
          0,
          0,
          0,
          0,
          0,
          0,
          240,
          0,
          0
        ],
        [
          10,
          0,
          0,
          0,
          0,
          0,
          0,
          0,
          0,
          230,
          0
        ],
        [
          2,
          0,
          0,
          0,
          0,
          0,
          0,
          0,
          0,
          0,
          238
        ]
      ],
      "n": 2640
    }
  },
  "history": {
    "train_acc": [
      71.3961038961039,
      85.86850649350649,
      89.45616883116882,
      92.56493506493507,
      93.67694805194805,
      93.53896103896103,
      93.44967532467533,
      93.86363636363636,
      94.39123376623377,
      94.70779220779221,
      94.50487012987013,
      94.78084415584415,
      94.88636363636364,
      94.9512987012987,
      94.54545454545455,
      95.0487012987013,
      95.16233766233766,
      95.32467532467533,
      95.54383116883118,
      95.51136363636364,
      95.41396103896103,
      95.0,
      95.31655844155844,
      94.91883116883118,
      95.69805194805195,
      95.95779220779221,
      95.93344155844156,
      95.9090909090909,
      96.18506493506493,
      96.12824675324676,
      96.16071428571429,
      96.24188311688312,
      95.56006493506493,
      96.20941558441558,
      96.2987012987013,
      96.31493506493507,
      96.56655844155844,
      96.46915584415585,
      96.11201298701299,
      95.9659090909091,
      96.58279220779221,
      96.6396103896104,
      96.46103896103897,
      95.63311688311688,
      95.64123376623377,
      96.46915584415585
    ],
    "val_acc": [
      73.03030303030303,
      83.75,
      86.13636363636364,
      92.91666666666667,
      94.54545454545455,
      92.87878787878788,
      94.31818181818181,
      94.73484848484848,
      94.35606060606061,
      90.87121212121212,
      95.0,
      94.54545454545455,
      94.88636363636364,
      95.60606060606061,
      95.11363636363636,
      95.18939393939394,
      95.45454545454545,
      95.60606060606061,
      95.60606060606061,
      95.64393939393939,
      95.56818181818181,
      95.07575757575758,
      94.01515151515152,
      96.21212121212122,
      96.43939393939394,
      96.21212121212122,
      96.32575757575758,
      96.74242424242425,
      96.89393939393939,
      96.62878787878788,
      96.81818181818181,
      94.84848484848484,
      96.5530303030303,
      96.81818181818181,
      96.89393939393939,
      97.00757575757575,
      96.81818181818181,
      96.89393939393939,
      95.41666666666667,
      96.93181818181819,
      96.70454545454545,
      96.96969696969697,
      96.89393939393939,
      75.03787878787878,
      96.93181818181819,
      96.96969696969697
    ],
    "physics_loss": [
      0.282894312754854,
      0.2637985176080233,
      0.26486021651850117,
      0.26977323734915104,
      0.26757919887056597,
      0.264636091288034,
      0.2674436358662395,
      0.2686203287019358,
      0.26813103185071574,
      0.26814287018466304,
      0.2675902614345798,
      0.26782439316247963,
      0.26670072419302804,
      0.2683650155346115,
      0.2677342734553597,
      0.2687093691392378,
      0.2675218681236366,
      0.2697735290248673,
      0.26927771475407986,
      0.26874283784395686,
      0.26797596502613713,
      0.2672393966417808,
      0.2694547301763064,
      0.2671201015060598,
      0.2686386643292068,
      0.2677776183400835,
      0.26800163837222307,
      0.2685685026181209,
      0.2683014911877645,
      0.26743785297715816,
      0.26735969116161395,
      0.2676908042136725,
      0.267598988173844,
      0.2684067876307995,
      0.26746749955338317,
      0.26718118438472993,
      0.26778152337321987,
      0.26686985144367464,
      0.26735408375789593,
      0.26701093474765875,
      0.267725895712902,
      0.26644148176366633,
      0.2653881258778758,
      0.2649905463317772,
      0.26749272625167647,
      0.26771402428676555
    ]
  },
  "provenance": {
    "budget": {
      "lr": 0.001,
      "batch": 64,
      "max_epochs": 60,
      "patience": 10
    },
    "best_epoch": 36,
    "best_val_acc": 97.00757575757575,
    "data": "dataset_v2.h5",
    "device": "cuda",
    "host": "669840b232a9",
    "git_sha": "4f637a2e284ae4e7a17171bac2ef516f117fc269",