{
  "model": "physics_constrained_cnn",
  "seed": 5,
  "experiment": "pinn_ablation",
  "prereg": "\u00a78.4",
  "physics_weight": 0.0,
  "ops_aware": false,
  "evals": {
    "test": {
      "accuracy": 96.13636363636363,
      "f1_macro": 0.9607618734671082,
      "confusion_matrix": [
        [
          232,
          0,
          0,
          0,
          0,
          8,
          0,
          0,
          0,
          0,
          0
        ],
        [
          0,
          240,
          0,
          0,
          0,
          0,
          0,
          0,
          0,
          0,
          0
        ],
        [
          0,
          0,
          240,
          0,
          0,
          0,
          0,
          0,
          0,
          0,
          0
        ],
        [
          0,
          0,
          0,
          240,
          0,
          0,
          0,
          0,
          0,
          0,
          0
        ],
        [
          0,
          0,
          0,
          0,
          240,
          0,
          0,
          0,
          0,
          0,
          0
        ],
        [
          85,
          0,
          0,
          0,
          0,
          154,
          0,
          0,
          0,
          1,
          0
        ],
        [
          0,
          0,
          0,
          0,
          0,
          0,
          240,
          0,
          0,
          0,
          0
        ],
        [
          0,
          0,
          0,
          0,
          0,
          0,
          0,
          240,
          0,
          0,
          0
        ],
        [
          0,
          0,
          0,
          0,
          0,
          0,
          0,
          0,
          240,
          0,
          0
        ],
        [
          8,
          0,
          0,
          0,
          0,
          0,
          0,
          0,
          0,
          232,
          0
        ],
        [
          0,
          0,
          0,
          0,
          0,
          0,
          0,
          0,
          0,
          0,
          240
        ]
      ],
      "n": 2640
    },
    "test_snr5": {
      "accuracy": 95.83333333333334,
      "f1_macro": 0.9579092688763686,
      "confusion_matrix": [
        [
          232,
          0,
          0,
          0,
          0,
          5,
          0,
          0,
          0,
          3,
          0
        ],
        [
          0,
          240,
          0,
          0,
          0,
          0,
          0,
          0,
          0,
          0,
          0
        ],
        [
          0,
          0,
          240,
          0,
          0,
          0,
          0,
          0,
          0,
          0,
          0
        ],
        [
          0,
          0,
          0,
          240,
          0,
          0,
          0,
          0,
          0,
          0,
          0
        ],
        [
          0,
          0,
          0,
          0,
          235,
          0,
          0,
          0,
          0,
          5,
          0
        ],
        [
          84,
          0,
          0,
          0,
          0,
          156,
          0,
          0,
          0,
          0,
          0
        ],
        [
          0,
          0,
          0,
          0,
          0,
          0,
          240,
          0,
          0,
          0,
          0
        ],
        [
          0,
          0,
          0,
          0,
          0,
          0,
          0,
          240,
          0,
          0,
          0
        ],
        [
          0,
          0,
          0,
          0,
          0,
          0,
          0,
          0,
          240,
          0,
          0
        ],
        [
          9,
          0,
          0,
          0,
          3,
          0,
          0,
          0,
          0,
          228,
          0
        ],
        [
          1,
          0,
          0,
          0,
          0,
          0,
          0,
          0,
          0,
          0,
          239
        ]
      ],
      "n": 2640
    }
  },
  "history": {
    "train_acc": [
      73.75811688311688,
      89.12337662337663,
      91.28246753246754,
      92.79220779220779,
      93.0762987012987,
      94.33441558441558,
      93.4659090909091,
      94.16396103896103,
      94.7159090909091,
      94.78084415584415,
      95.16233766233766,
      94.69155844155844,
      94.97564935064935,
      95.31655844155844,
      94.08279220779221,
      95.0487012987013,
      95.31655844155844,
      95.0,
      95.41396103896103,
      95.12987012987013,
      95.29220779220779,
      95.37337662337663,
      94.99188311688312,
      95.08116883116882,
      95.43831168831169,
      95.00811688311688,
      95.70616883116882,
      95.74675324675324,
      95.73863636363636,
      95.9659090909091,
      95.9090909090909,
      96.34740259740259,
      96.06331168831169,
      96.34740259740259,
      95.64935064935065,
      96.29058441558442,
      96.28246753246754,
      96.57467532467533,
      96.46915584415585,
      94.50487012987013,
      96.29058441558442,
      96.66396103896103,
      96.51785714285714,
      96.47727272727273,
      96.69642857142857,
      96.46103896103897,
      96.65584415584415,
      96.56655844155844,
      96.56655844155844,
      96.86688311688312,
      96.9237012987013,
      96.65584415584415,
      97.02922077922078,
      96.83441558441558,
      97.24837662337663,
      96.85064935064935,
      96.84253246753246,
      97.1103896103896,
      97.48376623376623
    ],
    "val_acc": [
      80.3409090909091,
      83.90151515151516,
      89.46969696969697,
      88.33333333333333,
      91.51515151515152,
      93.82575757575758,
      93.03030303030303,
      93.21969696969697,
      93.82575757575758,
      94.6590909090909,
      94.31818181818181,
      93.03030303030303,
      94.54545454545455,
      95.07575757575758,
      94.92424242424242,
      94.73484848484848,
      94.88636363636364,
      95.3030303030303,
      94.84848484848484,
      94.46969696969697,
      94.92424242424242,
      95.71969696969697,
      94.81060606060606,
      95.03787878787878,
      93.63636363636364,
      96.17424242424242,
      96.02272727272727,
      95.49242424242425,
      96.13636363636364,
      96.62878787878788,
      96.78030303030303,
      96.62878787878788,
      96.66666666666667,
      96.40151515151516,
      96.02272727272727,
      96.43939393939394,
      96.51515151515152,
      96.74242424242425,
      95.83333333333333,
      96.5909090909091,
      96.85606060606061,
      96.89393939393939,
      95.03787878787878,
      96.93181818181819,
      96.5909090909091,
      95.9090909090909,
      96.85606060606061,
      94.88636363636364,
      96.96969696969697,
      96.62878787878788,
      96.36363636363636,
      95.60606060606061,
      95.83333333333333,
      96.85606060606061,
      95.41666666666667,
      92.8409090909091,
      96.5530303030303,
      95.64393939393939,
      96.40151515151516
    ],
    "physics_loss": [
      0.0,
      0.0,
      0.0,
      0.0,
      0.0,
      0.0,
      0.0,
      0.0,
      0.0,
      0.0,
      0.0,
      0.0,
      0.0,
      0.0,
      0.0,
      0.0,
      0.0,
      0.0,
      0.0,
      0.0,
      0.0,
      0.0,
      0.0,
      0.0,
      0.0,
      0.0,
      0.0,
      0.0,
      0.0,
      0.0,
      0.0,
      0.0,
      0.0,
      0.0,
      0.0,
      0.0,
      0.0,
      0.0,
      0.0,
      0.0,
      0.0,
      0.0,
      0.0,
      0.0,
      0.0,
      0.0,
      0.0,
      0.0,
      0.0,
      0.0,
      0.0,
      0.0,
      0.0,
      0.0,
      0.0,
      0.0,
      0.0,
      0.0,
      0.0
    ]
  },
  "provenance": {
    "budget": {
      "lr": 0.001,
      "batch": 64,
      "max_epochs": 60,
      "patience": 10
    },
    "best_epoch": 49,
    "best_val_acc": 96.96969696969697,
    "data": "dataset_v2.h5",