{
  "model": "physics_constrained_cnn",
  "seed": 0,
  "experiment": "pinn_ablation",
  "prereg": "\u00a78.4",
  "physics_weight": 0.0,
  "ops_aware": false,
  "evals": {
    "test": {
      "accuracy": 95.60606060606061,
      "f1_macro": 0.9559676986717206,
      "confusion_matrix": [
        [
          222,
          0,
          0,
          0,
          0,
          16,
          0,
          0,
          0,
          2,
          0
        ],
        [
          0,
          240,
          0,
          0,
          0,
          0,
          0,
          0,
          0,
          0,
          0
        ],
        [
          0,
          0,
          240,
          0,
          0,
          0,
          0,
          0,
          0,
          0,
          0
        ],
        [
          0,
          0,
          0,
          240,
          0,
          0,
          0,
          0,
          0,
          0,
          0
        ],
        [
          0,
          0,
          0,
          0,
          235,
          1,
          0,
          0,
          0,
          4,
          0
        ],
        [
          78,
          0,
          0,
          0,
          0,
          161,
          0,
          0,
          0,
          1,
          0
        ],
        [
          0,
          0,
          0,
          0,
          0,
          0,
          239,
          0,
          0,
          1,
          0
        ],
        [
          0,
          0,
          0,
          0,
          0,
          0,
          0,
          240,
          0,
          0,
          0
        ],
        [
          0,
          0,
          0,
          0,
          0,
          0,
          0,
          0,
          240,
          0,
          0
        ],
        [
          8,
          0,
          0,
          0,
          0,
          0,
          0,
          0,
          0,
          232,
          0
        ],
        [
          2,
          0,
          0,
          0,
          0,
          3,
          0,
          0,
          0,
          0,
          235
        ]
      ],
      "n": 2640
    },
    "test_snr5": {
      "accuracy": 93.14393939393939,
      "f1_macro": 0.9317003623242848,
      "confusion_matrix": [
        [
          221,
          0,
          0,
          0,
          0,
          10,
          0,
          0,
          0,
          9,
          0
        ],
        [
          0,
          240,
          0,
          0,
          0,
          0,
          0,
          0,
          0,
          0,
          0
        ],
        [
          0,
          0,
          240,
          0,
          0,
          0,
          0,
          0,
          0,
          0,
          0
        ],
        [
          0,
          0,
          0,
          240,
          0,
          0,
          0,
          0,
          0,
          0,
          0
        ],
        [
          3,
          0,
          0,
          0,
          185,
          0,
          0,
          0,
          0,
          52,
          0
        ],
        [
          79,
          0,
          0,
          0,
          0,
          156,
          0,
          0,
          0,
          5,
          0
        ],
        [
          0,
          0,
          0,
          0,
          0,
          0,
          239,
          0,
          0,
          1,
          0
        ],
        [
          0,
          0,
          0,
          0,
          0,
          0,
          0,
          240,
          0,
          0,
          0
        ],
        [
          0,
          0,
          0,
          0,
          0,
          0,
          0,
          0,
          236,
          4,
          0
        ],
        [
          12,
          0,
          0,
          0,
          0,
          0,
          0,
          0,
          0,
          228,
          0
        ],
        [
          3,
          0,
          0,
          0,
          0,
          2,
          0,
          0,
          0,
          1,
          234
        ]
      ],
      "n": 2640
    }
  },
  "history": {
    "train_acc": [
      76.34740259740259,
      86.57467532467533,
      87.22402597402598,
      88.3603896103896,
      91.50974025974025,
      91.81818181818181,
      93.64448051948052,
      94.16396103896103,
      94.28571428571429,
      94.6103896103896,
      94.2288961038961,
      95.0487012987013,
      94.8051948051948,
      94.89448051948052,
      95.25974025974025,
      95.22727272727273,
      94.91071428571429,
      95.0487012987013,
      95.38149350649351,
      94.8538961038961,
      95.0487012987013,
      95.29220779220779,
      95.27597402597402,
      95.39772727272727,
      95.68993506493507,
      95.56818181818181,
      95.39772727272727,
      95.44642857142857,
      95.625,
      95.50324675324676,
      95.47077922077922,
      95.9659090909091,
      95.90097402597402,
      95.73051948051948,
      95.56006493506493,
      95.9090909090909,
      95.95779220779221,
      96.18506493506493,
      95.86850649350649,
      96.28246753246754,
      96.22564935064935,
      96.35551948051948,
      96.08766233766234,
      96.45292207792208,
      96.37987012987013,
      96.52597402597402,
      95.99025974025975,
      95.88474025974025,
      96.50162337662337,
      96.4853896103896,
      96.42045454545455,
      96.60714285714286,
      96.78571428571429,
      96.80194805194805,
      96.85064935064935,
      97.25649350649351,
      97.40259740259741,
      96.83441558441558,
      97.28084415584415,
      97.66233766233766
    ],
    "val_acc": [
      73.33333333333333,
      83.06818181818181,
      83.37121212121212,
      89.73484848484848,
      93.10606060606061,
      93.75,
      94.6590909090909,
      94.0530303030303,
      95.18939393939394,
      94.0909090909091,
      95.18939393939394,
      95.49242424242425,
      95.07575757575758,
      95.15151515151516,
      94.58333333333333,
      92.8409090909091,
      95.37878787878788,
      95.64393939393939,
      95.68181818181819,
      94.58333333333333,
      95.0,
      93.90151515151516,
      94.62121212121212,
      95.22727272727273,
      95.53030303030303,
      95.07575757575758,
      94.73484848484848,
      95.18939393939394,
      95.79545454545455,
      94.77272727272727,
      95.56818181818181,
      96.09848484848484,
      94.31818181818181,
      95.15151515151516,
      95.56818181818181,
      96.28787878787878,
      96.47727272727273,
      96.40151515151516,
      96.5530303030303,
      95.60606060606061,
      96.28787878787878,
      96.25,
      96.43939393939394,
      96.66666666666667,
      96.43939393939394,
      96.47727272727273,
      96.5530303030303,
      96.32575757575758,
      96.62878787878788,
      96.28787878787878,
      96.66666666666667,
      96.43939393939394,
      96.70454545454545,
      96.74242424242425,
      96.70454545454545,
      96.36363636363636,
      95.37878787878788,
      95.9090909090909,
      95.15151515151516,
      96.43939393939394
    ],
    "physics_loss": [
      0.0,
      0.0,
      0.0,
      0.0,
      0.0,
      0.0,
      0.0,
      0.0,
      0.0,
      0.0,
      0.0,
      0.0,
      0.0,
      0.0,
      0.0,
      0.0,
      0.0,
      0.0,
      0.0,
      0.0,
      0.0,
      0.0,
      0.0,
      0.0,
      0.0,
      0.0,
      0.0,
      0.0,
      0.0,
      0.0,
      0.0,
      0.0,
      0.0,
      0.0,
      0.0,
      0.0,
      0.0,
      0.0,
      0.0,
      0.0,
      0.0,
      0.0,
      0.0,
      0.0,
      0.0,
      0.0,
      0.0,
      0.0,
      0.0,
      0.0,
      0.0,
      0.0,
      0.0,
      0.0,
      0.0,
      0.0,
      0.0,
      0.0,
      0.0,
      0.0
    ]
  },
  "provenance": {
    "budget": {
      "lr": 0.001,
      "batch": 64,
      "max_epochs": 60,
      "patience": 10
    },
    "best_epoch": 54,
    "best_val_acc": 96.74242424242425,