{
  "model": "physics_constrained_cnn",
  "seed": 1,
  "experiment": "pinn_ablation",
  "prereg": "\u00a78.4",
  "physics_weight": 0.3,
  "ops_aware": false,
  "evals": {
    "test": {
      "accuracy": 96.28787878787878,
      "f1_macro": 0.9619764486132414,
      "confusion_matrix": [
        [
          238,
          0,
          0,
          0,
          0,
          2,
          0,
          0,
          0,
          0,
          0
        ],
        [
          0,
          240,
          0,
          0,
          0,
          0,
          0,
          0,
          0,
          0,
          0
        ],
        [
          0,
          0,
          240,
          0,
          0,
          0,
          0,
          0,
          0,
          0,
          0
        ],
        [
          0,
          0,
          0,
          240,
          0,
          0,
          0,
          0,
          0,
          0,
          0
        ],
        [
          0,
          0,
          0,
          0,
          240,
          0,
          0,
          0,
          0,
          0,
          0
        ],
        [
          84,
          0,
          0,
          0,
          0,
          154,
          0,
          0,
          0,
          2,
          0
        ],
        [
          0,
          0,
          0,
          0,
          0,
          0,
          237,
          0,
          0,
          3,
          0
        ],
        [
          0,
          0,
          0,
          0,
          0,
          0,
          0,
          240,
          0,
          0,
          0
        ],
        [
          0,
          0,
          0,
          0,
          0,
          0,
          0,
          0,
          240,
          0,
          0
        ],
        [
          5,
          0,
          0,
          0,
          0,
          0,
          2,
          0,
          0,
          233,
          0
        ],
        [
          0,
          0,
          0,
          0,
          0,
          0,
          0,
          0,
          0,
          0,
          240
        ]
      ],
      "n": 2640
    },
    "test_snr5": {
      "accuracy": 89.73484848484848,
      "f1_macro": 0.8923474347396578,
      "confusion_matrix": [
        [
          224,
          0,
          0,
          0,
          0,
          3,
          0,
          0,
          0,
          13,
          0
        ],
        [
          0,
          240,
          0,
          0,
          0,
          0,
          0,
          0,
          0,
          0,
          0
        ],
        [
          0,
          0,
          240,
          0,
          0,
          0,
          0,
          0,
          0,
          0,
          0
        ],
        [
          0,
          0,
          0,
          240,
          0,
          0,
          0,
          0,
          0,
          0,
          0
        ],
        [
          0,
          0,
          0,
          0,
          89,
          1,
          0,
          0,
          0,
          150,
          0
        ],
        [
          83,
          0,
          0,
          0,
          0,
          155,
          0,
          0,
          0,
          2,
          0
        ],
        [
          0,
          0,
          0,
          0,
          0,
          0,
          232,
          0,
          0,
          8,
          0
        ],
        [
          0,
          0,
          0,
          0,
          0,
          0,
          0,
          240,
          0,
          0,
          0
        ],
        [
          0,
          0,
          0,
          0,
          0,
          0,
          0,
          0,
          239,
          1,
          0
        ],
        [
          4,
          0,
          0,
          0,
          0,
          1,
          2,
          0,
          0,
          233,
          0
        ],
        [
          2,
          0,
          0,
          0,
          0,
          0,
          0,
          0,
          0,
          1,
          237
        ]
      ],
      "n": 2640
    }
  },
  "history": {
    "train_acc": [
      75.63311688311688,
      88.11688311688312,
      90.97402597402598,
      92.24025974025975,
      93.85551948051948,
      94.1396103896104,
      93.62824675324676,
      94.52922077922078,
      94.66720779220779,
      94.7646103896104,
      94.63474025974025,
      94.01785714285714,
      94.87012987012987,
      95.10551948051948,
      94.60227272727273,
      95.0,
      95.26785714285714,
      95.3409090909091,
      94.78896103896103,
      95.1461038961039,
      95.27597402597402,
      95.24350649350649,
      95.31655844155844,
      93.48214285714286,
      94.69155844155844,
      94.67532467532467,
      95.3409090909091,
      95.61688311688312,
      95.60876623376623,
      95.87662337662337,
      95.70616883116882,
      96.04707792207792,
      95.92532467532467,
      95.85227272727273,
      96.0146103896104,
      95.93344155844156,
      95.81168831168831,
      95.33279220779221,
      96.18506493506493,
      96.17694805194805,
      96.16071428571429,
      96.43668831168831
    ],
    "val_acc": [
      79.28030303030303,
      82.46212121212122,
      83.33333333333333,
      87.65151515151516,
      92.12121212121212,
      90.60606060606061,
      94.6969696969697,
      92.53787878787878,
      93.78787878787878,
      93.90151515151516,
      93.18181818181819,
      94.20454545454545,
      93.52272727272727,
      94.12878787878788,
      91.74242424242425,
      94.77272727272727,
      95.18939393939394,
      94.84848484848484,
      94.24242424242425,
      95.53030303030303,
      94.81060606060606,
      95.3030303030303,
      95.03787878787878,
      95.26515151515152,
      91.51515151515152,
      95.3030303030303,
      95.64393939393939,
      96.40151515151516,
      96.32575757575758,
      96.21212121212122,
      96.25,
      96.74242424242425,
      96.5909090909091,
      96.21212121212122,
      96.66666666666667,
      96.62878787878788,
      95.15151515151516,
      96.66666666666667,
      96.47727272727273,
      96.32575757575758,
      96.74242424242425,
      96.43939393939394
    ],
    "physics_loss": [
      0.08775710649304576,
      0.04545898184470542,
      0.04267596048484375,
      0.03892943433836683,
      0.036673889657506696,
      0.03610737469869774,
      0.03629879765212536,
      0.03584251147876312,
      0.03500374765558676,
      0.03530834190450705,
      0.03481897816497397,
      0.03672012290977812,
      0.03476420578534727,
      0.034575997319604666,
      0.035490936326322615,
      0.03476804191512721,
      0.03418709356095884,
      0.034360539436630616,
      0.03504320550951865,
      0.03496433789902306,
      0.034204248464726784,
      0.034430365303120054,
      0.03410675045006074,
      0.037739460571826276,
      0.03496188087413063,
      0.03504345835755011,
      0.03387409323318438,
      0.03282136796163274,
      0.03267201842232184,
      0.0321931584000394,
      0.03254243043529523,
      0.03235973703687067,
      0.032046753134239804,
      0.03243415398257119,
      0.0322542003319635,
      0.031821509890935636,
      0.03233775507126536,
      0.03442811225238559,
      0.03234220917348738,
      0.0318033426661383,
      0.03164208571898279,
      0.03184603614756813
    ]
  },
  "provenance": {
    "budget": {
      "lr": 0.001,
      "batch": 64,
      "max_epochs": 60,
      "patience": 10
    },
    "best_epoch": 32,
    "best_val_acc": 96.74242424242425,
    "data": "dataset_v2.h5",
    "device": "cuda",
    "host": "cf2845534318",
    "git_sha": "ce344d1fb73f6558939c9eeb51354e6e4363b7fd",
    "wall_time_s": 614.1,
    "finished_at": "2026-06-15T07:28:58.668954+00:00"
  }
}