{
  "model": "physics_constrained_cnn",
  "seed": 1,
  "experiment": "pinn_ablation",
  "prereg": "\u00a78.4",
  "physics_weight": 0.1,
  "ops_aware": false,
  "evals": {
    "test": {
      "accuracy": 96.40151515151516,
      "f1_macro": 0.9633554381497738,
      "confusion_matrix": [
        [
          240,
          0,
          0,
          0,
          0,
          0,
          0,
          0,
          0,
          0,
          0
        ],
        [
          0,
          240,
          0,
          0,
          0,
          0,
          0,
          0,
          0,
          0,
          0
        ],
        [
          0,
          0,
          240,
          0,
          0,
          0,
          0,
          0,
          0,
          0,
          0
        ],
        [
          0,
          0,
          0,
          240,
          0,
          0,
          0,
          0,
          0,
          0,
          0
        ],
        [
          0,
          0,
          0,
          0,
          239,
          0,
          0,
          0,
          0,
          1,
          0
        ],
        [
          86,
          0,
          0,
          0,
          0,
          154,
          0,
          0,
          0,
          0,
          0
        ],
        [
          0,
          0,
          0,
          0,
          0,
          0,
          240,
          0,
          0,
          0,
          0
        ],
        [
          0,
          0,
          0,
          0,
          0,
          0,
          0,
          240,
          0,
          0,
          0
        ],
        [
          0,
          0,
          0,
          0,
          0,
          0,
          0,
          0,
          240,
          0,
          0
        ],
        [
          7,
          0,
          0,
          0,
          0,
          0,
          0,
          0,
          0,
          233,
          0
        ],
        [
          1,
          0,
          0,
          0,
          0,
          0,
          0,
          0,
          0,
          0,
          239
        ]
      ],
      "n": 2640
    },
    "test_snr5": {
      "accuracy": 95.15151515151516,
      "f1_macro": 0.9510373957073764,
      "confusion_matrix": [
        [
          239,
          0,
          0,
          0,
          0,
          1,
          0,
          0,
          0,
          0,
          0
        ],
        [
          0,
          240,
          0,
          0,
          0,
          0,
          0,
          0,
          0,
          0,
          0
        ],
        [
          0,
          0,
          240,
          0,
          0,
          0,
          0,
          0,
          0,
          0,
          0
        ],
        [
          0,
          0,
          0,
          240,
          0,
          0,
          0,
          0,
          0,
          0,
          0
        ],
        [
          0,
          0,
          0,
          0,
          215,
          0,
          0,
          0,
          0,
          25,
          0
        ],
        [
          85,
          0,
          0,
          0,
          0,
          154,
          0,
          0,
          0,
          1,
          0
        ],
        [
          0,
          0,
          0,
          0,
          0,
          0,
          239,
          0,
          0,
          1,
          0
        ],
        [
          0,
          0,
          0,
          0,
          0,
          0,
          0,
          240,
          0,
          0,
          0
        ],
        [
          0,
          0,
          0,
          0,
          0,
          0,
          1,
          0,
          238,
          1,
          0
        ],
        [
          12,
          0,
          0,
          0,
          1,
          0,
          0,
          0,
          0,
          227,
          0
        ],
        [
          0,
          0,
          0,
          0,
          0,
          0,
          0,
          0,
          0,
          0,
          240
        ]
      ],
      "n": 2640
    }
  },
  "history": {
    "train_acc": [
      75.39772727272727,
      87.58928571428571,
      91.46103896103897,
      92.82467532467533,
      93.72564935064935,
      93.93668831168831,
      92.7353896103896,
      93.8961038961039,
      94.43993506493507,
      94.69155844155844,
      94.47240259740259,
      94.96753246753246,
      94.87012987012987,
      95.07305194805195,
      94.66720779220779,
      94.99188311688312,
      95.17045454545455,
      94.97564935064935,
      94.84577922077922,
      95.05681818181819,
      95.2840909090909,
      95.42207792207792,
      95.47077922077922,
      93.21428571428571,
      95.32467532467533,
      95.54383116883118,
      95.31655844155844,
      95.61688311688312,
      95.4301948051948,
      95.99837662337663,
      95.46266233766234,
      95.92532467532467,
      95.73051948051948,
      95.92532467532467,
      96.16071428571429,
      96.08766233766234,
      96.19318181818181,
      96.20941558441558,
      96.72077922077922,
      96.38798701298701,
      95.34902597402598,
      95.6737012987013,
      96.30681818181819,
      96.42857142857143,
      96.50162337662337,
      96.57467532467533,
      96.70454545454545,
      96.54220779220779,
      96.70454545454545,
      96.55844155844156
    ],
    "val_acc": [
      77.42424242424242,
      79.16666666666667,
      85.03787878787878,
      90.79545454545455,
      92.1590909090909,
      92.95454545454545,
      91.36363636363636,
      90.98484848484848,
      94.84848484848484,
      92.00757575757575,
      94.28030303030303,
      93.93939393939394,
      89.31818181818181,
      94.92424242424242,
      95.22727272727273,
      94.92424242424242,
      95.64393939393939,
      93.52272727272727,
      94.28030303030303,
      95.64393939393939,
      95.45454545454545,
      95.45454545454545,
      96.17424242424242,
      95.41666666666667,
      95.64393939393939,
      95.45454545454545,
      94.6969696969697,
      96.09848484848484,
      95.71969696969697,
      96.02272727272727,
      96.28787878787878,
      96.70454545454545,
      95.26515151515152,
      96.51515151515152,
      96.62878787878788,
      96.81818181818181,
      96.40151515151516,
      96.89393939393939,
      96.5909090909091,
      96.96969696969697,
      94.58333333333333,
      96.66666666666667,
      95.37878787878788,
      96.70454545454545,
      96.43939393939394,
      96.78030303030303,
      96.51515151515152,
      96.32575757575758,
      95.53030303030303,
      95.15151515151516
    ],