{
  "model": "physics_constrained_cnn",
  "seed": 0,
  "experiment": "severity_ood",
  "prereg": "\u00a78.3",
  "direction": "A_train_low_test_severe",
  "physics_weight": 0.3,
  "ops_aware": false,
  "evals": {
    "ood_test": {
      "accuracy": 97.27272727272728,
      "f1_macro": 0.9721996400832134,
      "confusion_matrix": [
        [
          60,
          0,
          0,
          0,
          0,
          0,
          0,
          0,
          0,
          0,
          0
        ],
        [
          0,
          60,
          0,
          0,
          0,
          0,
          0,
          0,
          0,
          0,
          0
        ],
        [
          0,
          0,
          60,
          0,
          0,
          0,
          0,
          0,
          0,
          0,
          0
        ],
        [
          0,
          0,
          0,
          60,
          0,
          0,
          0,
          0,
          0,
          0,
          0
        ],
        [
          0,
          0,
          0,
          0,
          60,
          0,
          0,
          0,
          0,
          0,
          0
        ],
        [
          17,
          0,
          0,
          0,
          0,
          43,
          0,
          0,
          0,
          0,
          0
        ],
        [
          0,
          0,
          0,
          0,
          0,
          0,
          60,
          0,
          0,
          0,
          0
        ],
        [
          0,
          0,
          0,
          0,
          0,
          0,
          0,
          60,
          0,
          0,
          0
        ],
        [
          0,
          0,
          0,
          0,
          0,
          0,
          0,
          0,
          60,
          0,
          0
        ],
        [
          0,
          0,
          0,
          0,
          0,
          0,
          1,
          0,
          0,
          59,
          0
        ],
        [
          0,
          0,
          0,
          0,
          0,
          0,
          0,
          0,
          0,
          0,
          60
        ]
      ],
      "n": 660
    },
    "full_test": {
      "accuracy": 95.98484848484848,
      "f1_macro": 0.9592393179438975,
      "confusion_matrix": [
        [
          240,
          0,
          0,
          0,
          0,
          0,
          0,
          0,
          0,
          0,
          0
        ],
        [
          0,
          240,
          0,
          0,
          0,
          0,
          0,
          0,
          0,
          0,
          0
        ],
        [
          0,
          0,
          240,
          0,
          0,
          0,
          0,
          0,
          0,
          0,
          0
        ],
        [
          0,
          0,
          0,
          240,
          0,
          0,
          0,
          0,
          0,
          0,
          0
        ],
        [
          3,
          0,
          0,
          0,
          237,
          0,
          0,
          0,
          0,
          0,
          0
        ],
        [
          85,
          0,
          0,
          0,
          0,
          154,
          0,
          0,
          0,
          1,
          0
        ],
        [
          0,
          0,
          0,
          0,
          0,
          0,
          233,
          0,
          0,
          7,
          0
        ],
        [
          0,
          0,
          0,
          0,
          0,
          0,
          0,
          240,
          0,
          0,
          0
        ],
        [
          0,
          0,
          0,
          0,
          0,
          0,
          0,
          0,
          240,
          0,
          0
        ],
        [
          6,
          0,
          0,
          0,
          0,
          0,
          3,
          0,
          0,
          231,
          0
        ],
        [
          1,
          0,
          0,
          0,
          0,
          0,
          0,
          0,
          0,
          0,
          239
        ]
      ],
      "n": 2640
    }
  },
  "history": {
    "train_acc": [
      71.50432900432901,
      85.16233766233766,
      87.2943722943723,
      87.22943722943722,
      87.57575757575758,
      87.6948051948052,
      88.62554112554112,
      88.92857142857143,
      89.39393939393939,
      90.33549783549783,
      93.08441558441558,
      94.15584415584415,
      91.21212121212122,
      90.63852813852814,
      93.41991341991341,
      94.18831168831169,
      94.5021645021645,
      94.54545454545455,
      94.75108225108225,
      94.63203463203463,
      94.63203463203463,
      94.53463203463204,
      94.44805194805195,
      93.7012987012987,
      94.2965367965368,
      95.2056277056277,
      94.84848484848484,
      94.11255411255411,
      94.81601731601732,
      94.74025974025975,
      94.9891774891775,
      94.9891774891775,
      94.78354978354979,
      94.76190476190476,
      95.42207792207792,
      94.31818181818181,
      95.11904761904762
    ],
    "val_acc": [
      72.27272727272727,
      81.51515151515152,
      82.97979797979798,
      84.44444444444444,
      83.78787878787878,
      82.47474747474747,
      86.96969696969697,
      89.29292929292929,
      90.5050505050505,
      91.06060606060606,
      93.63636363636364,
      93.93939393939394,
      88.33333333333333,
      93.78787878787878,
      93.98989898989899,
      94.84848484848484,
      92.87878787878788,
      94.5959595959596,
      94.14141414141415,
      94.94949494949495,
      93.48484848484848,
      94.54545454545455,
      93.98989898989899,
      93.03030303030303,
      94.64646464646465,
      94.94949494949495,
      95.15151515151516,
      94.94949494949495,
      94.94949494949495,
      95.15151515151516,
      93.03030303030303,
      91.31313131313131,
      94.64646464646465,
      94.4949494949495,
      95.15151515151516,
      95.05050505050505,
      94.0909090909091
    ],
    "physics_loss": [
      0.2699512252817938,
      0.2587552190601052,
      0.2607365726908564,
      0.2635560169106438,
      0.2595095534861346,
      0.25818652041030654,
      0.2588421012932088,
      0.25660481807731444,
      0.2594015687575072,
      0.256759045573024,
      0.2623666716344429,
      0.2674668594356223,
      0.2618751259464206,
      0.2608416785022397,
      0.2654426605670483,
      0.26373105647760037,
      0.26535027349666085,
      0.266188298675405,
      0.2670137485384425,
      0.26542222528230575,
      0.26556063900778304,
      0.2656968069799019,
      0.2647306729317744,
      0.2642226456434696,
      0.2657599222995502,
      0.2658690829297681,
      0.26676074462535576,
      0.2646765319815962,
      0.26455203988851406,
      0.2646303674617371,
      0.2643724086996797,
      0.2636653652954927,
      0.2652015461034073,
      0.26529251522832104,
      0.2637512659871733,
      0.2637728073638239,
      0.26552996682527263
    ]
  },
  "provenance": {
    "budget": {
      "lr": 0.001,
      "batch": 64,
      "max_epochs": 60,
      "patience": 10
    },
    "best_epoch": 27,
    "best_val_acc": 95.15151515151516,
    "data": "dataset_v2.h5",
    "device": "cuda",
    "host": "f8779baa1ecc",
    "git_sha": "6ff39c9325edf83d4d295e5c5767f71691b4a125",
    "wall_time_s": 526.3,
    "finished_at": "2026-06-12T23:55:29.625131+00:00"
  }
}