{
  "model": "physics_constrained_cnn",
  "seed": 2,
  "experiment": "pinn_ablation_scramble",
  "prereg": "\u00a78.7",
  "reference_permutation": [
    0,
    10,
    5,
    9,
    6,
    2,
    8,
    4,
    7,
    1,
    3
  ],
  "physics_weight": 1.0,
  "ops_aware": false,
  "evals": {
    "test": {
      "accuracy": 96.21212121212122,
      "f1_macro": 0.9614247414879038,
      "confusion_matrix": [
        [
          232,
          0,
          0,
          0,
          0,
          8,
          0,
          0,
          0,
          0,
          0
        ],
        [
          0,
          240,
          0,
          0,
          0,
          0,
          0,
          0,
          0,
          0,
          0
        ],
        [
          0,
          0,
          240,
          0,
          0,
          0,
          0,
          0,
          0,
          0,
          0
        ],
        [
          0,
          0,
          0,
          240,
          0,
          0,
          0,
          0,
          0,
          0,
          0
        ],
        [
          0,
          0,
          0,
          0,
          240,
          0,
          0,
          0,
          0,
          0,
          0
        ],
        [
          83,
          0,
          0,
          0,
          0,
          156,
          0,
          0,
          0,
          1,
          0
        ],
        [
          0,
          0,
          0,
          0,
          0,
          0,
          240,
          0,
          0,
          0,
          0
        ],
        [
          0,
          0,
          0,
          0,
          0,
          0,
          0,
          240,
          0,
          0,
          0
        ],
        [
          0,
          0,
          0,
          0,
          0,
          0,
          0,
          0,
          240,
          0,
          0
        ],
        [
          4,
          0,
          0,
          0,
          0,
          0,
          3,
          0,
          0,
          233,
          0
        ],
        [
          1,
          0,
          0,
          0,
          0,
          0,
          0,
          0,
          0,
          0,
          239
        ]
      ],
      "n": 2640
    },
    "test_snr5": {
      "accuracy": 95.18939393939394,
      "f1_macro": 0.9516177965684333,
      "confusion_matrix": [
        [
          229,
          0,
          0,
          0,
          0,
          9,
          0,
          0,
          0,
          2,
          0
        ],
        [
          0,
          240,
          0,
          0,
          0,
          0,
          0,
          0,
          0,
          0,
          0
        ],
        [
          0,
          0,
          240,
          0,
          0,
          0,
          0,
          0,
          0,
          0,
          0
        ],
        [
          0,
          0,
          0,
          240,
          0,
          0,
          0,
          0,
          0,
          0,
          0
        ],
        [
          0,
          0,
          0,
          0,
          225,
          0,
          0,
          0,
          0,
          15,
          0
        ],
        [
          81,
          0,
          0,
          0,
          0,
          158,
          0,
          0,
          0,
          1,
          0
        ],
        [
          0,
          0,
          0,
          0,
          0,
          0,
          240,
          0,
          0,
          0,
          0
        ],
        [
          0,
          0,
          0,
          0,
          0,
          0,
          0,
          240,
          0,
          0,
          0
        ],
        [
          0,
          0,
          0,
          0,
          0,
          0,
          2,
          0,
          236,
          2,
          0
        ],
        [
          9,
          0,
          0,
          0,
          2,
          0,
          2,
          0,
          0,
          227,
          0
        ],
        [
          2,
          0,
          0,
          0,
          0,
          0,
          0,
          0,
          0,
          0,
          238
        ]
      ],
      "n": 2640
    }
  },
  "history": {
    "train_acc": [
      70.72240259740259,
      87.04545454545455,
      90.17045454545455,
      92.01298701298701,
      93.5146103896104,
      93.87987012987013,
      93.79058441558442,
      94.43993506493507,
      94.73214285714286,
      94.84577922077922,
      94.87012987012987,
      94.56168831168831,
      94.75649350649351,
      95.07305194805195,
      93.67694805194805,
      94.55357142857143,
      95.18668831168831,
      94.69967532467533,
      95.45454545454545,
      95.36525974025975,
      95.58441558441558,
      94.6103896103896,
      94.91883116883118,
      95.64935064935065,
      95.93344155844156,
      95.2353896103896,
      95.63311688311688,
      95.58441558441558,
      95.625,
      95.3409090909091,
      95.88474025974025,
      95.56006493506493,
      96.17694805194805,
      96.15259740259741,
      95.94155844155844,
      96.40422077922078,
      95.94967532467533,
      96.41233766233766,
      96.28246753246754,
      96.41233766233766,
      96.49350649350649,
      96.69642857142857,
      96.55032467532467,
      96.65584415584415,
      96.57467532467533,
      96.09577922077922,
      96.55844155844156,
      96.64772727272727,
      96.1038961038961,
      96.50974025974025,
      96.63149350649351,
      96.69642857142857,
      96.80194805194805,
      96.89123376623377,
      96.98051948051948,
      96.71266233766234,
      96.99675324675324,
      97.19155844155844
    ],
    "val_acc": [
      78.56060606060606,
      87.12121212121212,
      80.68181818181819,
      92.87878787878788,
      93.4469696969697,
      93.93939393939394,
      94.16666666666667,
      94.39393939393939,
      95.3030303030303,
      93.33333333333333,
      93.93939393939394,
      94.81060606060606,
      95.15151515151516,
      94.77272727272727,
      94.0530303030303,
      95.18939393939394,
      95.0,
      95.45454545454545,
      95.0,
      95.03787878787878,
      95.9469696969697,
      94.6969696969697,
      95.49242424242425,
      95.9090909090909,
      95.9469696969697,
      95.03787878787878,
      94.84848484848484,
      96.21212121212122,
      95.53030303030303,
      96.17424242424242,
      96.62878787878788,
      94.77272727272727,
      96.66666666666667,
      96.62878787878788,
      96.62878787878788,
      96.32575757575758,
      96.66666666666667,
      96.78030303030303,
      96.78030303030303,
      96.74242424242425,
      96.89393939393939,
      94.46969696969697,
      96.85606060606061,
      96.81818181818181,
      96.89393939393939,
      96.74242424242425,
      96.85606060606061,
      96.96969696969697,
      96.47727272727273,
      96.85606060606061,
      96.81818181818181,
      96.62878787878788,
      96.89393939393939,
      96.36363636363636,
      96.96969696969697,
      96.85606060606061,
      95.87121212121212,
      95.49242424242425
    ],