{
  "model": "physics_constrained_cnn",
  "seed": 3,
  "experiment": "pinn_ablation_scramble",
  "prereg": "\u00a78.7",
  "reference_permutation": [
    0,
    10,
    5,
    9,
    6,
    2,
    8,
    4,
    7,
    1,
    3
  ],
  "physics_weight": 1.0,
  "ops_aware": false,
  "evals": {
    "test": {
      "accuracy": 95.9090909090909,
      "f1_macro": 0.9589123972161103,
      "confusion_matrix": [
        [
          240,
          0,
          0,
          0,
          0,
          0,
          0,
          0,
          0,
          0,
          0
        ],
        [
          0,
          240,
          0,
          0,
          0,
          0,
          0,
          0,
          0,
          0,
          0
        ],
        [
          0,
          0,
          240,
          0,
          0,
          0,
          0,
          0,
          0,
          0,
          0
        ],
        [
          0,
          0,
          0,
          240,
          0,
          0,
          0,
          0,
          0,
          0,
          0
        ],
        [
          8,
          0,
          0,
          0,
          232,
          0,
          0,
          0,
          0,
          0,
          0
        ],
        [
          86,
          0,
          0,
          0,
          0,
          154,
          0,
          0,
          0,
          0,
          0
        ],
        [
          0,
          0,
          0,
          0,
          0,
          0,
          239,
          0,
          0,
          1,
          0
        ],
        [
          0,
          0,
          0,
          0,
          0,
          0,
          0,
          240,
          0,
          0,
          0
        ],
        [
          0,
          0,
          0,
          0,
          0,
          0,
          0,
          0,
          240,
          0,
          0
        ],
        [
          7,
          0,
          0,
          0,
          0,
          0,
          4,
          0,
          0,
          229,
          0
        ],
        [
          2,
          0,
          0,
          0,
          0,
          0,
          0,
          0,
          0,
          0,
          238
        ]
      ],
      "n": 2640
    },
    "test_snr5": {
      "accuracy": 94.88636363636364,
      "f1_macro": 0.9489816977381902,
      "confusion_matrix": [
        [
          233,
          0,
          0,
          0,
          0,
          0,
          0,
          0,
          0,
          7,
          0
        ],
        [
          0,
          240,
          0,
          0,
          0,
          0,
          0,
          0,
          0,
          0,
          0
        ],
        [
          0,
          0,
          240,
          0,
          0,
          0,
          0,
          0,
          0,
          0,
          0
        ],
        [
          0,
          0,
          0,
          240,
          0,
          0,
          0,
          0,
          0,
          0,
          0
        ],
        [
          8,
          0,
          0,
          0,
          219,
          0,
          0,
          0,
          0,
          13,
          0
        ],
        [
          85,
          0,
          0,
          0,
          0,
          154,
          0,
          0,
          0,
          1,
          0
        ],
        [
          0,
          0,
          0,
          0,
          0,
          0,
          233,
          0,
          0,
          7,
          0
        ],
        [
          0,
          0,
          0,
          0,
          0,
          0,
          0,
          240,
          0,
          0,
          0
        ],
        [
          0,
          0,
          0,
          0,
          0,
          0,
          0,
          0,
          240,
          0,
          0
        ],
        [
          8,
          0,
          0,
          0,
          0,
          0,
          1,
          0,
          0,
          231,
          0
        ],
        [
          4,
          0,
          0,
          0,
          0,
          0,
          0,
          0,
          0,
          1,
          235
        ]
      ],
      "n": 2640
    }
  },
  "history": {
    "train_acc": [
      71.59902597402598,
      86.08766233766234,
      87.49188311688312,
      87.93831168831169,
      90.20292207792208,
      89.31818181818181,
      93.38474025974025,
      93.75,
      94.46428571428571,
      94.75649350649351,
      94.99188311688312,
      94.82142857142857,
      94.17207792207792,
      94.88636363636364,
      94.69155844155844,
      95.25162337662337,
      94.99188311688312,
      94.74025974025975,
      95.1948051948052,
      94.67532467532467,
      94.64285714285714,
      95.25974025974025,
      95.34902597402598,
      95.56818181818181,
      95.75487012987013,
      95.51948051948052,
      95.5762987012987,
      95.64123376623377,
      95.47077922077922,
      95.66558441558442,
      95.66558441558442,
      95.86850649350649,
      95.72240259740259,
      95.55194805194805,
      95.61688311688312,
      95.80357142857143,
      95.95779220779221,
      95.84415584415585,
      95.91720779220779,
      95.88474025974025,
      95.08116883116882
    ],
    "val_acc": [
      79.46969696969697,
      86.81818181818181,
      88.97727272727273,
      87.61363636363636,
      90.0,
      89.96212121212122,
      94.35606060606061,
      92.23484848484848,
      95.0,
      91.02272727272727,
      95.26515151515152,
      94.39393939393939,
      95.0,
      95.11363636363636,
      94.77272727272727,
      95.07575757575758,
      95.37878787878788,
      93.90151515151516,
      95.3409090909091,
      94.20454545454545,
      94.81060606060606,
      94.84848484848484,
      94.96212121212122,
      95.03787878787878,
      95.49242424242425,
      94.01515151515152,
      95.60606060606061,
      95.22727272727273,
      95.75757575757575,
      95.68181818181819,
      95.79545454545455,
      95.53030303030303,
      94.84848484848484,
      94.46969696969697,
      95.60606060606061,
      93.97727272727273,
      94.88636363636364,
      95.60606060606061,
      95.79545454545455,
      95.03787878787878,
      95.71969696969697
    ],
    "physics_loss": [
      0.4635752660113496,
      0.47794278325972617,
      0.47732853657239444,
      0.47911753437735816,
      0.47922281019099344,
      0.47981888512512305,
      0.48319074751494767,
      0.4851908219325078,
      0.4853788008937588,
      0.4859241293622302,
      0.48627586148001933,
      0.4856512594532657,
      0.48458982597697864,
      0.48608157503140437,
      0.48524115325568556,
      0.4862561580422637,
      0.4855163432560958,
      0.48480870119937053,
      0.48559830359050205,
      0.48569381345402113,
      0.4849702992222526,
      0.4857652927373911,
      0.4859323171826152,
      0.4861172689245893,
      0.48588880439857385,
      0.4856985956043392,
      0.4855284577840334,
      0.48644514927616367,
      0.4856026946724235,
      0.4865180579872874,
      0.48568835227520435,
      0.4862233770358098,
      0.486207386270746,
      0.4857711008616856,
      0.48628727770470953,
      0.48604468354931124,
      0.48624160103983693,
      0.48626318659101214,
      0.4860990672916561,
      0.4862253390349351,
      0.48562986092133953
    ]
  },
  "provenance": {
    "budget": {
      "lr": 0.001,
      "batch": 64,
      "max_epochs": 60,
      "patience": 10
    },
    "best_epoch": 31,
    "best_val_acc": 95.79545454545455,
    "data": "dataset_v2.h5",
    "device": "cuda",
    "host": "242c8a6721cd",
    "git_sha": "4a2063d99387989042031fcd62111d4962d9966d",
    "wall_time_s": 574.9,
    "finished_at": "2026-06-23T01:49:31.013478+00:00"
  }
}