{
  "model": "physics_constrained_cnn",
  "seed": 2,
  "experiment": "severity_ood",
  "prereg": "\u00a78.3",
  "direction": "B_train_high_test_incipient",
  "physics_weight": 0.3,
  "ops_aware": false,
  "evals": {
    "ood_test": {
      "accuracy": 79.39393939393939,
      "f1_macro": 0.8106384857971645,
      "confusion_matrix": [
        [
          60,
          0,
          0,
          0,
          0,
          0,
          0,
          0,
          0,
          0,
          0
        ],
        [
          0,
          60,
          0,
          0,
          0,
          0,
          0,
          0,
          0,
          0,
          0
        ],
        [
          0,
          0,
          60,
          0,
          0,
          0,
          0,
          0,
          0,
          0,
          0
        ],
        [
          0,
          0,
          0,
          60,
          0,
          0,
          0,
          0,
          0,
          0,
          0
        ],
        [
          12,
          0,
          0,
          0,
          48,
          0,
          0,
          0,
          0,
          0,
          0
        ],
        [
          33,
          0,
          0,
          0,
          0,
          27,
          0,
          0,
          0,
          0,
          0
        ],
        [
          0,
          0,
          0,
          0,
          0,
          0,
          39,
          0,
          0,
          21,
          0
        ],
        [
          0,
          0,
          0,
          0,
          0,
          0,
          0,
          60,
          0,
          0,
          0
        ],
        [
          13,
          0,
          0,
          0,
          0,
          0,
          0,
          0,
          47,
          0,
          0
        ],
        [
          39,
          0,
          0,
          0,
          0,
          0,
          0,
          0,
          0,
          21,
          0
        ],
        [
          17,
          0,
          0,
          0,
          0,
          1,
          0,
          0,
          0,
          0,
          42
        ]
      ],
      "n": 660
    },
    "full_test": {
      "accuracy": 92.68939393939394,
      "f1_macro": 0.9306889529484093,
      "confusion_matrix": [
        [
          240,
          0,
          0,
          0,
          0,
          0,
          0,
          0,
          0,
          0,
          0
        ],
        [
          0,
          240,
          0,
          0,
          0,
          0,
          0,
          0,
          0,
          0,
          0
        ],
        [
          0,
          0,
          240,
          0,
          0,
          0,
          0,
          0,
          0,
          0,
          0
        ],
        [
          0,
          0,
          0,
          240,
          0,
          0,
          0,
          0,
          0,
          0,
          0
        ],
        [
          13,
          0,
          0,
          0,
          227,
          0,
          0,
          0,
          0,
          0,
          0
        ],
        [
          88,
          0,
          0,
          0,
          0,
          152,
          0,
          0,
          0,
          0,
          0
        ],
        [
          0,
          0,
          0,
          0,
          0,
          0,
          218,
          0,
          0,
          22,
          0
        ],
        [
          0,
          0,
          0,
          0,
          0,
          0,
          0,
          240,
          0,
          0,
          0
        ],
        [
          13,
          0,
          0,
          0,
          0,
          0,
          0,
          0,
          227,
          0,
          0
        ],
        [
          39,
          0,
          0,
          0,
          0,
          0,
          0,
          0,
          0,
          201,
          0
        ],
        [
          17,
          0,
          0,
          0,
          0,
          1,
          0,
          0,
          0,
          0,
          222
        ]
      ],
      "n": 2640
    }
  },
  "history": {
    "train_acc": [
      77.03463203463204,
      89.5995670995671,
      94.23160173160173,
      96.0930735930736,
      96.23376623376623,
      92.6948051948052,
      95.81168831168831,
      96.02813852813853,
      96.06060606060606,
      96.49350649350649,
      96.2987012987013,
      96.88311688311688,
      96.81818181818181,
      96.70995670995671,
      96.5909090909091,
      96.66666666666667,
      96.93722943722943,
      97.03463203463204,
      96.7965367965368,
      96.85064935064935,
      96.7965367965368,
      96.81818181818181,
      97.07792207792208,
      97.01298701298701,
      97.02380952380952,
      97.16450216450217
    ],
    "val_acc": [
      88.63636363636364,
      93.83838383838383,
      95.4040404040404,
      96.91919191919192,
      96.11111111111111,
      96.41414141414141,
      96.71717171717172,
      95.60606060606061,
      97.02020202020202,
      96.16161616161617,
      96.51515151515152,
      97.12121212121212,
      97.17171717171718,
      97.07070707070707,
      92.82828282828282,
      97.22222222222223,
      94.34343434343434,
      97.22222222222223,
      97.02020202020202,
      96.91919191919192,
      96.06060606060606,
      96.51515151515152,
      95.85858585858585,
      96.96969696969697,
      97.17171717171718,
      97.17171717171718
    ],
    "physics_loss": [
      0.0822116033597426,
      0.044265569088520945,
      0.036522740054698216,
      0.03272481548289458,
      0.0314586388600337,
      0.040973352348972196,
      0.032848718523721156,
      0.03234970760068078,
      0.03276827032496403,
      0.03167146441579123,
      0.032705386428089886,
      0.03085084365463102,
      0.031110785046826194,
      0.03126448074686321,
      0.03213526780084098,
      0.031461631935654266,
      0.031191864654873357,
      0.030624864300414598,
      0.031224673054306023,
      0.030884177547383616,
      0.030986527930864524,
      0.03129367543247355,
      0.03066951325526098,
      0.031136906786833878,
      0.030681969751140258,
      0.030364156724054576
    ]
  },
  "provenance": {
    "budget": {
      "lr": 0.001,
      "batch": 64,
      "max_epochs": 60,
      "patience": 10
    },
    "best_epoch": 16,
    "best_val_acc": 97.22222222222223,
    "data": "dataset_v2.h5",
    "device": "cuda",
    "host": "8e2e6fa08d71",
    "git_sha": "25600630d4a2314cccb96991762d4481006dd29e",
    "wall_time_s": 281.0,
    "finished_at": "2026-06-15T22:10:01.834513+00:00"
  }
}