{
  "model": "physics_constrained_cnn",
  "seed": 2,
  "experiment": "severity_ood",
  "prereg": "\u00a78.3",
  "direction": "A_train_low_test_severe",
  "physics_weight": 0.3,
  "ops_aware": false,
  "evals": {
    "ood_test": {
      "accuracy": 97.27272727272728,
      "f1_macro": 0.9721996400832134,
      "confusion_matrix": [
        [
          60,
          0,
          0,
          0,
          0,
          0,
          0,
          0,
          0,
          0,
          0
        ],
        [
          0,
          60,
          0,
          0,
          0,
          0,
          0,
          0,
          0,
          0,
          0
        ],
        [
          0,
          0,
          60,
          0,
          0,
          0,
          0,
          0,
          0,
          0,
          0
        ],
        [
          0,
          0,
          0,
          60,
          0,
          0,
          0,
          0,
          0,
          0,
          0
        ],
        [
          0,
          0,
          0,
          0,
          60,
          0,
          0,
          0,
          0,
          0,
          0
        ],
        [
          17,
          0,
          0,
          0,
          0,
          43,
          0,
          0,
          0,
          0,
          0
        ],
        [
          0,
          0,
          0,
          0,
          0,
          0,
          60,
          0,
          0,
          0,
          0
        ],
        [
          0,
          0,
          0,
          0,
          0,
          0,
          0,
          60,
          0,
          0,
          0
        ],
        [
          0,
          0,
          0,
          0,
          0,
          0,
          0,
          0,
          60,
          0,
          0
        ],
        [
          0,
          0,
          0,
          0,
          0,
          0,
          1,
          0,
          0,
          59,
          0
        ],
        [
          0,
          0,
          0,
          0,
          0,
          0,
          0,
          0,
          0,
          0,
          60
        ]
      ],
      "n": 660
    },
    "full_test": {
      "accuracy": 96.32575757575758,
      "f1_macro": 0.9625962560500259,
      "confusion_matrix": [
        [
          240,
          0,
          0,
          0,
          0,
          0,
          0,
          0,
          0,
          0,
          0
        ],
        [
          0,
          240,
          0,
          0,
          0,
          0,
          0,
          0,
          0,
          0,
          0
        ],
        [
          0,
          0,
          240,
          0,
          0,
          0,
          0,
          0,
          0,
          0,
          0
        ],
        [
          0,
          0,
          0,
          240,
          0,
          0,
          0,
          0,
          0,
          0,
          0
        ],
        [
          0,
          0,
          0,
          0,
          239,
          0,
          0,
          0,
          0,
          1,
          0
        ],
        [
          86,
          0,
          0,
          0,
          0,
          154,
          0,
          0,
          0,
          0,
          0
        ],
        [
          0,
          0,
          0,
          0,
          0,
          0,
          240,
          0,
          0,
          0,
          0
        ],
        [
          0,
          0,
          0,
          0,
          0,
          0,
          0,
          240,
          0,
          0,
          0
        ],
        [
          0,
          0,
          0,
          0,
          0,
          0,
          0,
          0,
          240,
          0,
          0
        ],
        [
          5,
          0,
          0,
          0,
          0,
          0,
          2,
          0,
          0,
          233,
          0
        ],
        [
          3,
          0,
          0,
          0,
          0,
          0,
          0,
          0,
          0,
          0,
          237
        ]
      ],
      "n": 2640
    }
  },
  "history": {
    "train_acc": [
      69.491341991342,
      86.50432900432901,
      90.32467532467533,
      92.16450216450217,
      92.21861471861472,
      92.8896103896104,
      93.08441558441558,
      93.65800865800865,
      92.9004329004329,
      93.34415584415585,
      93.84199134199135,
      94.3073593073593,
      94.03679653679653,
      94.76190476190476,
      94.491341991342,
      94.45887445887446,
      94.70779220779221,
      94.13419913419914,
      95.12987012987013,
      94.53463203463204,
      95.07575757575758,
      94.74025974025975,
      94.57792207792208,
      93.5930735930736,
      94.36147186147186,
      95.02164502164503,
      95.07575757575758,
      95.3896103896104,
      94.9891774891775,
      95.28138528138528,
      95.31385281385282,
      95.56277056277057,
      95.46536796536796,
      95.46536796536796,
      95.83333333333333,
      95.96320346320347,
      95.04329004329004,
      95.85497835497836,
      95.97402597402598,
      95.76839826839827,
      96.03896103896103,
      95.88744588744589,
      96.2987012987013,
      96.28787878787878
    ],
    "val_acc": [
      84.4949494949495,
      88.33333333333333,
      90.45454545454545,
      91.56565656565657,
      91.06060606060606,
      92.12121212121212,
      93.83838383838383,
      89.1919191919192,
      94.1919191919192,
      90.8080808080808,
      92.22222222222223,
      94.54545454545455,
      94.29292929292929,
      94.8989898989899,
      89.6969696969697,
      93.88888888888889,
      94.39393939393939,
      94.24242424242425,
      95.05050505050505,
      94.4949494949495,
      95.65656565656566,
      94.4949494949495,
      94.79797979797979,
      94.1919191919192,
      93.88888888888889,
      94.4949494949495,
      95.9090909090909,
      95.9090909090909,
      94.4949494949495,
      95.5050505050505,
      96.11111111111111,
      95.85858585858585,
      95.65656565656566,
      96.46464646464646,
      96.01010101010101,
      94.4949494949495,
      95.95959595959596,
      95.85858585858585,
      96.21212121212122,
      95.75757575757575,
      95.1010101010101,
      95.70707070707071,
      96.06060606060606,
      96.16161616161617
    ],
    "physics_loss": [
      0.09866156824481435,
      0.04882480198944802,
      0.04178192941270349,
      0.039346187084397195,
      0.03952126989052409,
      0.037687020810135516,
      0.036828018434636005,
      0.036887428538623826,
      0.03797734829383495,
      0.03682294140259425,
      0.03641505624566759,
      0.03536810690125862,
      0.03546786125733223,
      0.03472827982592892,
      0.035741700451353414,
      0.03491254633058717,
      0.034973506500452625,
      0.03492820475137595,
      0.034240352875226504,
      0.03475381261407039,
      0.033987790020384316,
      0.035088133553921916,
      0.034758267096884836,
      0.03690586286996092,
      0.0354549008151476,
      0.034252887228110734,
      0.033594536499898416,
      0.03287822635142834,
      0.03378068402054764,
      0.03320971638028756,
      0.033813450001663976,
      0.03330130008940315,
      0.03227500624116107,
      0.032779747021920755,
      0.0318417906954691,
      0.03200637066003048,
      0.034107579868206214,
      0.031982198280173464,
      0.03151933593086866,
      0.03184908881654471,
      0.03174158457295719,
      0.03168200318947499,
      0.03150484326146382,
      0.03098325442958188
    ]
  },
  "provenance": {
    "budget": {
      "lr": 0.001,
      "batch": 64,
      "max_epochs": 60,
      "patience": 10
    },
    "best_epoch": 34,
    "best_val_acc": 96.46464646464646,
    "data": "dataset_v2.h5",
    "device": "cuda",
    "host": "8e2e6fa08d71",
    "git_sha": "25600630d4a2314cccb96991762d4481006dd29e",
    "wall_time_s": 453.6,