{
  "model": "physics_constrained_cnn",
  "seed": 7,
  "experiment": "pinn_ablation_random",
  "prereg": "\u00a78.8",
  "physics_weight": 1.0,
  "ops_aware": false,
  "evals": {
    "test": {
      "accuracy": 96.28787878787878,
      "f1_macro": 0.9624212613508857,
      "confusion_matrix": [
        [
          240,
          0,
          0,
          0,
          0,
          0,
          0,
          0,
          0,
          0,
          0
        ],
        [
          0,
          240,
          0,
          0,
          0,
          0,
          0,
          0,
          0,
          0,
          0
        ],
        [
          0,
          0,
          240,
          0,
          0,
          0,
          0,
          0,
          0,
          0,
          0
        ],
        [
          0,
          0,
          0,
          240,
          0,
          0,
          0,
          0,
          0,
          0,
          0
        ],
        [
          0,
          0,
          0,
          0,
          240,
          0,
          0,
          0,
          0,
          0,
          0
        ],
        [
          86,
          0,
          0,
          0,
          0,
          154,
          0,
          0,
          0,
          0,
          0
        ],
        [
          0,
          0,
          0,
          0,
          0,
          0,
          240,
          0,
          0,
          0,
          0
        ],
        [
          0,
          0,
          0,
          0,
          0,
          0,
          0,
          240,
          0,
          0,
          0
        ],
        [
          0,
          0,
          0,
          0,
          0,
          0,
          0,
          0,
          240,
          0,
          0
        ],
        [
          11,
          0,
          0,
          0,
          0,
          0,
          0,
          0,
          0,
          229,
          0
        ],
        [
          1,
          0,
          0,
          0,
          0,
          0,
          0,
          0,
          0,
          0,
          239
        ]
      ],
      "n": 2640
    },
    "test_snr5": {
      "accuracy": 95.9469696969697,
      "f1_macro": 0.9591648287138373,
      "confusion_matrix": [
        [
          240,
          0,
          0,
          0,
          0,
          0,
          0,
          0,
          0,
          0,
          0
        ],
        [
          0,
          240,
          0,
          0,
          0,
          0,
          0,
          0,
          0,
          0,
          0
        ],
        [
          0,
          0,
          240,
          0,
          0,
          0,
          0,
          0,
          0,
          0,
          0
        ],
        [
          0,
          0,
          0,
          240,
          0,
          0,
          0,
          0,
          0,
          0,
          0
        ],
        [
          0,
          0,
          0,
          0,
          235,
          0,
          0,
          0,
          0,
          5,
          0
        ],
        [
          86,
          0,
          0,
          0,
          0,
          154,
          0,
          0,
          0,
          0,
          0
        ],
        [
          0,
          0,
          0,
          0,
          0,
          0,
          239,
          0,
          0,
          1,
          0
        ],
        [
          0,
          0,
          0,
          0,
          0,
          0,
          0,
          240,
          0,
          0,
          0
        ],
        [
          0,
          0,
          0,
          0,
          0,
          0,
          0,
          0,
          240,
          0,
          0
        ],
        [
          14,
          0,
          0,
          0,
          0,
          0,
          0,
          0,
          0,
          226,
          0
        ],
        [
          1,
          0,
          0,
          0,
          0,
          0,
          0,
          0,
          0,
          0,
          239
        ]
      ],
      "n": 2640
    }
  },
  "history": {
    "train_acc": [
      74.3262987012987,
      89.94318181818181,
      91.73701298701299,
      93.06006493506493,
      93.83928571428571,
      93.41720779220779,
      94.12337662337663,
      94.7159090909091,
      94.43181818181819,
      94.08279220779221,
      94.43993506493507,
      94.90259740259741,
      94.8051948051948,
      95.17857142857143,
      95.4301948051948,
      94.81331168831169,
      95.21915584415585,
      95.43831168831169,
      95.625,
      95.05681818181819,
      94.14772727272727,
      95.05681818181819,
      95.48701298701299,
      95.82792207792208,
      95.38149350649351,
      95.83603896103897,
      96.25,
      96.18506493506493,
      96.24188311688312,
      96.33928571428571,
      95.68993506493507,
      96.32305194805195,
      96.21753246753246,
      96.00649350649351,
      96.37175324675324,
      96.46915584415585,
      96.32305194805195,
      96.27435064935065,
      96.42857142857143,
      96.42045454545455,
      96.03896103896103,
      96.55032467532467,
      96.61525974025975,
      96.4448051948052
    ],
    "val_acc": [
      76.70454545454545,
      87.34848484848484,
      88.86363636363636,
      92.65151515151516,
      85.87121212121212,
      93.78787878787878,
      94.62121212121212,
      95.26515151515152,
      82.46212121212122,
      91.32575757575758,
      94.81060606060606,
      94.92424242424242,
      94.16666666666667,
      95.03787878787878,
      94.77272727272727,
      94.39393939393939,
      95.41666666666667,
      95.68181818181819,
      95.11363636363636,
      94.20454545454545,
      94.0530303030303,
      95.60606060606061,
      96.40151515151516,
      96.5530303030303,
      96.02272727272727,
      96.32575757575758,
      96.70454545454545,
      96.5530303030303,
      96.70454545454545,
      87.31060606060606,
      96.43939393939394,
      96.78030303030303,
      96.47727272727273,
      97.00757575757575,
      96.89393939393939,
      94.84848484848484,
      96.81818181818181,
      96.81818181818181,
      96.93181818181819,
      95.87121212121212,
      96.25,
      96.81818181818181,
      96.47727272727273,
      95.87121212121212
    ],
    "physics_loss": [
      0.5338808143293703,
      0.5347076572381056,
      0.5351005416411858,
      0.5358436999382911,
      0.5363027191781379,
      0.5359597348547601,
      0.535774171662021,
      0.5364920575897415,
      0.5359610529689046,
      0.5360000285235318,
      0.5363293091972153,
      0.5365270688936308,
      0.5370334916300588,
      0.5364712205800143,
      0.536700447813257,
      0.5368171523143719,
      0.5369409859954537,
      0.536734389020251,
      0.536782531924062,
      0.5365006044313505,
      0.5368265220097133,
      0.5356607392236784,
      0.5366658975551655,
      0.5367760809985074,
      0.536464195127611,
      0.5368342862500772,
      0.5370814897797325,
      0.5369251018994814,
      0.5369977910797318,
      0.5373858965836562,
      0.5369594399031107,
      0.5373198835880726,
      0.5375662805198075,
      0.5368568388672618,
      0.5375078286443438,
      0.5370210910772348,
      0.537445140039766,
      0.5371427636641961,
      0.5371561005518034,
      0.537620289449568,
      0.5374716540435692,
      0.537110013001925,
      0.5372253219802658,
      0.5373466185161045
    ]
  },
  "provenance": {
    "budget": {
      "lr": 0.001,
      "batch": 64,
      "max_epochs": 60,
      "patience": 10
    },
    "best_epoch": 34,
    "best_val_acc": 97.00757575757575,
    "data": "dataset_v2.h5",
    "device": "cuda",
    "host": "3087713d4d7d",
    "git_sha": "4a2063d99387989042031fcd62111d4962d9966d",
    "wall_time_s": 631.1,
    "finished_at": "2026-06-23T08:47:27.828638+00:00"
  }
}