{
  "model": "physics_constrained_cnn",
  "seed": 11,
  "experiment": "pinn_ablation",
  "prereg": "\u00a78.4",
  "physics_weight": 0.0,
  "ops_aware": false,
  "evals": {
    "test": {
      "accuracy": 96.17424242424242,
      "f1_macro": 0.9611599287016216,
      "confusion_matrix": [
        [
          239,
          0,
          0,
          0,
          0,
          1,
          0,
          0,
          0,
          0,
          0
        ],
        [
          0,
          240,
          0,
          0,
          0,
          0,
          0,
          0,
          0,
          0,
          0
        ],
        [
          0,
          0,
          240,
          0,
          0,
          0,
          0,
          0,
          0,
          0,
          0
        ],
        [
          0,
          0,
          0,
          240,
          0,
          0,
          0,
          0,
          0,
          0,
          0
        ],
        [
          0,
          0,
          0,
          0,
          239,
          0,
          0,
          0,
          0,
          1,
          0
        ],
        [
          85,
          0,
          0,
          0,
          0,
          154,
          0,
          0,
          0,
          1,
          0
        ],
        [
          0,
          0,
          0,
          0,
          0,
          0,
          238,
          0,
          0,
          2,
          0
        ],
        [
          0,
          0,
          0,
          0,
          0,
          0,
          0,
          240,
          0,
          0,
          0
        ],
        [
          0,
          0,
          0,
          0,
          0,
          0,
          0,
          0,
          240,
          0,
          0
        ],
        [
          8,
          0,
          0,
          0,
          0,
          0,
          0,
          0,
          0,
          232,
          0
        ],
        [
          2,
          0,
          0,
          0,
          0,
          1,
          0,
          0,
          0,
          0,
          237
        ]
      ],
      "n": 2640
    },
    "test_snr5": {
      "accuracy": 95.0378787878788,
      "f1_macro": 0.9501261391425032,
      "confusion_matrix": [
        [
          240,
          0,
          0,
          0,
          0,
          0,
          0,
          0,
          0,
          0,
          0
        ],
        [
          0,
          240,
          0,
          0,
          0,
          0,
          0,
          0,
          0,
          0,
          0
        ],
        [
          0,
          0,
          240,
          0,
          0,
          0,
          0,
          0,
          0,
          0,
          0
        ],
        [
          0,
          0,
          0,
          240,
          0,
          0,
          0,
          0,
          0,
          0,
          0
        ],
        [
          0,
          0,
          0,
          0,
          223,
          2,
          0,
          0,
          0,
          15,
          0
        ],
        [
          86,
          0,
          0,
          0,
          0,
          154,
          0,
          0,
          0,
          0,
          0
        ],
        [
          0,
          0,
          0,
          0,
          0,
          0,
          235,
          0,
          0,
          5,
          0
        ],
        [
          0,
          0,
          0,
          0,
          0,
          0,
          0,
          240,
          0,
          0,
          0
        ],
        [
          0,
          0,
          0,
          0,
          0,
          0,
          0,
          0,
          233,
          7,
          0
        ],
        [
          11,
          0,
          0,
          0,
          2,
          0,
          0,
          0,
          0,
          227,
          0
        ],
        [
          2,
          0,
          0,
          0,
          0,
          1,
          0,
          0,
          0,
          0,
          237
        ]
      ],
      "n": 2640
    }
  },
  "history": {
    "train_acc": [
      74.79707792207792,
      90.4301948051948,
      92.54058441558442,
      91.91558441558442,
      93.73376623376623,
      94.07467532467533,
      94.30194805194805,
      93.6038961038961,
      94.17207792207792,
      94.38311688311688,
      94.48051948051948,
      95.13798701298701,
      94.74025974025975,
      95.11363636363636,
      95.18668831168831,
      94.2288961038961,
      95.12175324675324,
      95.30032467532467,
      95.48701298701299,
      95.47077922077922,
      95.12987012987013,
      95.51136363636364,
      94.75649350649351,
      95.60876623376623,
      95.30032467532467,
      95.59253246753246,
      94.56168831168831,
      95.20292207792208,
      95.64123376623377,
      95.59253246753246,
      95.76298701298701,
      95.8198051948052,
      95.92532467532467,
      95.84415584415585,
      96.07142857142857,
      96.0551948051948,
      96.19318181818181,
      96.22564935064935,
      96.27435064935065,
      96.02272727272727,
      95.15422077922078,
      96.16071428571429,
      96.25811688311688,
      96.31493506493507,
      96.50974025974025,
      96.4853896103896,
      96.46915584415585,
      96.56655844155844,
      96.33116883116882,
      95.9090909090909,
      96.25811688311688,
      96.4448051948052,
      96.60714285714286,
      96.78571428571429,
      96.90746753246754,
      96.93181818181819,
      96.88311688311688,
      96.77759740259741
    ],
    "val_acc": [
      85.37878787878788,
      90.41666666666667,
      92.91666666666667,
      92.72727272727273,
      92.95454545454545,
      95.07575757575758,
      94.50757575757575,
      90.98484848484848,
      94.6969696969697,
      94.43181818181819,
      95.03787878787878,
      94.77272727272727,
      94.24242424242425,
      95.41666666666667,
      95.41666666666667,
      94.92424242424242,
      94.84848484848484,
      95.11363636363636,
      94.73484848484848,
      95.60606060606061,
      95.75757575757575,
      95.45454545454545,
      95.26515151515152,
      95.3030303030303,
      94.92424242424242,
      95.83333333333333,
      94.43181818181819,
      95.3409090909091,
      95.9469696969697,
      95.9469696969697,
      95.15151515151516,
      96.25,
      96.17424242424242,
      96.25,
      95.9469696969697,
      96.70454545454545,
      96.70454545454545,
      96.5530303030303,
      96.51515151515152,
      96.32575757575758,
      96.25,
      96.78030303030303,
      93.33333333333333,
      96.5530303030303,
      96.28787878787878,
      96.47727272727273,
      96.62878787878788,
      96.81818181818181,
      95.45454545454545,
      95.11363636363636,
      96.5530303030303,
      96.5909090909091,
      96.17424242424242,
      95.87121212121212,
      95.49242424242425,
      96.43939393939394,
      95.0,
      96.70454545454545
    ],
    "physics_loss": [
      0.0,
      0.0,
      0.0,
      0.0,
      0.0,
      0.0,
      0.0,
      0.0,
      0.0,
      0.0,
      0.0,
      0.0,
      0.0,
      0.0,
      0.0,
      0.0,
      0.0,
      0.0,
      0.0,
      0.0,
      0.0,
      0.0,
      0.0,
      0.0,
      0.0,
      0.0,
      0.0,
      0.0,
      0.0,
      0.0,
      0.0,
      0.0,
      0.0,
      0.0,
      0.0,
      0.0,
      0.0,
      0.0,
      0.0,
      0.0,
      0.0,
      0.0,
      0.0,
      0.0,
      0.0,
      0.0,
      0.0,
      0.0,
      0.0,
      0.0,
      0.0,
      0.0,
      0.0,
      0.0,
      0.0,
      0.0,
      0.0,
      0.0
    ]
  },
  "provenance": {
    "budget": {
      "lr": 0.001,
      "batch": 64,
      "max_epochs": 60,
      "patience": 10
    },
    "best_epoch": 48,
    "best_val_acc": 96.81818181818181,
    "data": "dataset_v2.h5",
    "device": "cuda",
    "host": "242c8a6721cd",
    "git_sha": "4a2063d99387989042031fcd62111d4962d9966d",