{
  "model": "physics_constrained_cnn",
  "seed": 7,
  "experiment": "pinn_ablation_scramble",
  "prereg": "\u00a78.7",
  "reference_permutation": [
    0,
    10,
    5,
    9,
    6,
    2,
    8,
    4,
    7,
    1,
    3
  ],
  "physics_weight": 1.0,
  "ops_aware": false,
  "evals": {
    "test": {
      "accuracy": 95.56818181818181,
      "f1_macro": 0.9558011753657472,
      "confusion_matrix": [
        [
          240,
          0,
          0,
          0,
          0,
          0,
          0,
          0,
          0,
          0,
          0
        ],
        [
          0,
          240,
          0,
          0,
          0,
          0,
          0,
          0,
          0,
          0,
          0
        ],
        [
          0,
          0,
          240,
          0,
          0,
          0,
          0,
          0,
          0,
          0,
          0
        ],
        [
          0,
          0,
          0,
          240,
          0,
          0,
          0,
          0,
          0,
          0,
          0
        ],
        [
          10,
          0,
          0,
          0,
          230,
          0,
          0,
          0,
          0,
          0,
          0
        ],
        [
          87,
          0,
          0,
          0,
          0,
          153,
          0,
          0,
          0,
          0,
          0
        ],
        [
          0,
          0,
          0,
          0,
          0,
          0,
          236,
          0,
          0,
          4,
          0
        ],
        [
          0,
          0,
          0,
          0,
          0,
          0,
          0,
          240,
          0,
          0,
          0
        ],
        [
          0,
          0,
          0,
          0,
          0,
          0,
          0,
          0,
          240,
          0,
          0
        ],
        [
          11,
          0,
          0,
          0,
          0,
          0,
          3,
          0,
          0,
          226,
          0
        ],
        [
          2,
          0,
          0,
          0,
          0,
          0,
          0,
          0,
          0,
          0,
          238
        ]
      ],
      "n": 2640
    },
    "test_snr5": {
      "accuracy": 77.42424242424242,
      "f1_macro": 0.7400388465722348,
      "confusion_matrix": [
        [
          240,
          0,
          0,
          0,
          0,
          0,
          0,
          0,
          0,
          0,
          0
        ],
        [
          0,
          240,
          0,
          0,
          0,
          0,
          0,
          0,
          0,
          0,
          0
        ],
        [
          0,
          0,
          222,
          0,
          0,
          0,
          18,
          0,
          0,
          0,
          0
        ],
        [
          0,
          0,
          0,
          184,
          0,
          0,
          29,
          0,
          0,
          27,
          0
        ],
        [
          7,
          0,
          0,
          0,
          13,
          0,
          0,
          0,
          0,
          220,
          0
        ],
        [
          87,
          0,
          0,
          0,
          0,
          152,
          0,
          0,
          0,
          1,
          0
        ],
        [
          0,
          0,
          0,
          0,
          0,
          0,
          235,
          0,
          0,
          5,
          0
        ],
        [
          0,
          0,
          0,
          0,
          0,
          45,
          0,
          65,
          0,
          1,
          129
        ],
        [
          0,
          0,
          0,
          0,
          0,
          0,
          5,
          0,
          231,
          4,
          0
        ],
        [
          10,
          0,
          0,
          0,
          0,
          0,
          4,
          0,
          0,
          226,
          0
        ],
        [
          4,
          0,
          0,
          0,
          0,
          0,
          0,
          0,
          0,
          0,
          236
        ]
      ],
      "n": 2640
    }
  },
  "history": {
    "train_acc": [
      75.4301948051948,
      89.99188311688312,
      92.47564935064935,
      92.77597402597402,
      92.63798701298701,
      93.14935064935065,
      94.14772727272727,
      94.54545454545455,
      94.5211038961039,
      94.35064935064935,
      94.78084415584415,
      94.97564935064935,
      95.06493506493507,
      95.22727272727273,
      95.43831168831169,
      95.1948051948052,
      95.1948051948052,
      92.87337662337663
    ],
    "val_acc": [
      77.76515151515152,
      85.87121212121212,
      92.34848484848484,
      93.14393939393939,
      93.97727272727273,
      93.90151515151516,
      93.33333333333333,
      95.45454545454545,
      92.27272727272727,
      94.31818181818181,
      94.92424242424242,
      95.18939393939394,
      94.50757575757575,
      94.31818181818181,
      94.77272727272727,
      94.28030303030303,
      94.46969696969697,
      95.15151515151516
    ],
    "physics_loss": [
      0.46650160705888427,
      0.4835884941088689,
      0.4851740795296508,
      0.48557551657998715,
      0.4851928302219936,
      0.48521124062600074,
      0.485599389014306,
      0.48549550926530516,
      0.48518048447447937,
      0.48531238537330135,
      0.4859834059492334,
      0.48574723972902667,
      0.48612998414349246,
      0.4858133797521715,
      0.48567535970118136,
      0.48568283845851945,
      0.486011410069156,
      0.48469132061128495
    ]
  },
  "provenance": {
    "budget": {
      "lr": 0.001,
      "batch": 64,
      "max_epochs": 60,
      "patience": 10
    },
    "best_epoch": 8,
    "best_val_acc": 95.45454545454545,
    "data": "dataset_v2.h5",
    "device": "cuda",
    "host": "242c8a6721cd",
    "git_sha": "4a2063d99387989042031fcd62111d4962d9966d",
    "wall_time_s": 253.4,
    "finished_at": "2026-06-23T02:18:16.709699+00:00"
  }
}