{
  "model": "physics_constrained_cnn",
  "seed": 0,
  "experiment": "pinn_ablation_random",
  "prereg": "\u00a78.8",
  "physics_weight": 1.0,
  "ops_aware": false,
  "evals": {
    "test": {
      "accuracy": 95.71969696969697,
      "f1_macro": 0.9572696906737487,
      "confusion_matrix": [
        [
          239,
          0,
          0,
          0,
          0,
          1,
          0,
          0,
          0,
          0,
          0
        ],
        [
          0,
          240,
          0,
          0,
          0,
          0,
          0,
          0,
          0,
          0,
          0
        ],
        [
          0,
          0,
          240,
          0,
          0,
          0,
          0,
          0,
          0,
          0,
          0
        ],
        [
          0,
          0,
          0,
          240,
          0,
          0,
          0,
          0,
          0,
          0,
          0
        ],
        [
          11,
          0,
          0,
          0,
          229,
          0,
          0,
          0,
          0,
          0,
          0
        ],
        [
          86,
          0,
          0,
          0,
          0,
          154,
          0,
          0,
          0,
          0,
          0
        ],
        [
          0,
          0,
          0,
          0,
          0,
          0,
          239,
          0,
          0,
          1,
          0
        ],
        [
          0,
          0,
          0,
          0,
          0,
          0,
          0,
          240,
          0,
          0,
          0
        ],
        [
          0,
          0,
          0,
          0,
          0,
          0,
          0,
          0,
          240,
          0,
          0
        ],
        [
          7,
          0,
          0,
          0,
          0,
          0,
          3,
          0,
          0,
          230,
          0
        ],
        [
          3,
          0,
          0,
          0,
          0,
          1,
          0,
          0,
          0,
          0,
          236
        ]
      ],
      "n": 2640
    },
    "test_snr5": {
      "accuracy": 86.81818181818181,
      "f1_macro": 0.8444118392326306,
      "confusion_matrix": [
        [
          234,
          0,
          0,
          0,
          0,
          2,
          0,
          0,
          0,
          4,
          0
        ],
        [
          0,
          240,
          0,
          0,
          0,
          0,
          0,
          0,
          0,
          0,
          0
        ],
        [
          0,
          0,
          240,
          0,
          0,
          0,
          0,
          0,
          0,
          0,
          0
        ],
        [
          0,
          0,
          0,
          240,
          0,
          0,
          0,
          0,
          0,
          0,
          0
        ],
        [
          6,
          0,
          0,
          0,
          12,
          0,
          0,
          0,
          0,
          222,
          0
        ],
        [
          80,
          0,
          0,
          0,
          0,
          154,
          0,
          0,
          0,
          6,
          0
        ],
        [
          0,
          0,
          0,
          0,
          0,
          0,
          231,
          0,
          0,
          9,
          0
        ],
        [
          0,
          0,
          0,
          1,
          0,
          0,
          0,
          239,
          0,
          0,
          0
        ],
        [
          0,
          0,
          0,
          0,
          0,
          0,
          0,
          0,
          239,
          1,
          0
        ],
        [
          8,
          0,
          0,
          0,
          0,
          0,
          1,
          0,
          0,
          231,
          0
        ],
        [
          5,
          0,
          0,
          0,
          0,
          2,
          0,
          0,
          0,
          1,
          232
        ]
      ],
      "n": 2640
    }
  },
  "history": {
    "train_acc": [
      75.2840909090909,
      86.08766233766234,
      87.57305194805195,
      87.5487012987013,
      89.375,
      92.14285714285714,
      93.83116883116882,
      94.30194805194805,
      94.35876623376623,
      94.49675324675324,
      95.01623376623377,
      94.9512987012987,
      94.5698051948052,
      94.77272727272727,
      95.06493506493507,
      95.21915584415585,
      95.17857142857143,
      95.20292207792208,
      95.40584415584415,
      95.33279220779221,
      95.42207792207792,
      95.40584415584415,
      94.61850649350649,
      95.11363636363636,
      95.38149350649351,
      95.68993506493507,
      95.54383116883118,
      95.30844155844156,
      95.5762987012987,
      95.59253246753246,
      95.5762987012987,
      95.72240259740259,
      95.69805194805195,
      95.70616883116882,
      94.83766233766234,
      95.71428571428571
    ],
    "val_acc": [
      75.79545454545455,
      87.99242424242425,
      83.78787878787878,
      85.68181818181819,
      92.53787878787878,
      94.0909090909091,
      92.12121212121212,
      94.39393939393939,
      94.39393939393939,
      94.77272727272727,
      95.3409090909091,
      95.37878787878788,
      94.54545454545455,
      95.41666666666667,
      93.78787878787878,
      95.3409090909091,
      95.18939393939394,
      95.41666666666667,
      95.11363636363636,
      95.49242424242425,
      95.11363636363636,
      92.53787878787878,
      93.59848484848484,
      94.20454545454545,
      95.45454545454545,
      95.68181818181819,
      95.3409090909091,
      95.41666666666667,
      95.3409090909091,
      90.79545454545455,
      95.26515151515152,
      95.64393939393939,
      94.62121212121212,
      93.82575757575758,
      94.43181818181819,
      95.60606060606061
    ],
    "physics_loss": [
      0.5316633284866036,
      0.5330338414613303,
      0.5335291449125711,
      0.5333461375979635,
      0.5338391299371595,
      0.53514724737638,
      0.5358523974170932,
      0.5363550590230273,
      0.5362663826385101,
      0.5366503115598258,
      0.5363381415218502,
      0.5367326391207707,
      0.5368725210041195,
      0.5362839466565615,
      0.5364958527800324,
      0.5363489683572348,
      0.5373382916698208,
      0.5362857987354328,
      0.5365717729190728,
      0.5372285678789213,
      0.5369313249340305,
      0.5368008362782466,
      0.5367953526509273,
      0.5358972388428527,
      0.5368768270913656,
      0.5368870535454193,
      0.5369598622445936,
      0.5364311397849739,
      0.5371277905129767,
      0.5368428157521533,
      0.5367090409452265,
      0.5369249901214204,
      0.5370925358363561,
      0.5371702692725442,
      0.5366863433416788,
      0.5363254779345029
    ]
  },
  "provenance": {
    "budget": {
      "lr": 0.001,
      "batch": 64,
      "max_epochs": 60,
      "patience": 10
    },
    "best_epoch": 26,
    "best_val_acc": 95.68181818181819,
    "data": "dataset_v2.h5",
    "device": "cuda",
    "host": "3087713d4d7d",
    "git_sha": "4a2063d99387989042031fcd62111d4962d9966d",
    "wall_time_s": 526.2,
    "finished_at": "2026-06-23T07:22:29.896895+00:00"
  }
}