{
  "model": "physics_constrained_cnn",
  "seed": 9,
  "experiment": "pinn_ablation",
  "prereg": "\u00a78.4",
  "physics_weight": 0.0,
  "ops_aware": false,
  "evals": {
    "test": {
      "accuracy": 95.3030303030303,
      "f1_macro": 0.9532206401232799,
      "confusion_matrix": [
        [
          239,
          0,
          0,
          0,
          0,
          1,
          0,
          0,
          0,
          0,
          0
        ],
        [
          0,
          240,
          0,
          0,
          0,
          0,
          0,
          0,
          0,
          0,
          0
        ],
        [
          0,
          0,
          240,
          0,
          0,
          0,
          0,
          0,
          0,
          0,
          0
        ],
        [
          0,
          0,
          0,
          240,
          0,
          0,
          0,
          0,
          0,
          0,
          0
        ],
        [
          7,
          0,
          0,
          0,
          233,
          0,
          0,
          0,
          0,
          0,
          0
        ],
        [
          86,
          0,
          0,
          0,
          0,
          154,
          0,
          0,
          0,
          0,
          0
        ],
        [
          0,
          0,
          0,
          0,
          0,
          0,
          236,
          0,
          0,
          4,
          0
        ],
        [
          0,
          0,
          0,
          0,
          0,
          0,
          0,
          240,
          0,
          0,
          0
        ],
        [
          0,
          0,
          0,
          0,
          0,
          0,
          0,
          0,
          240,
          0,
          0
        ],
        [
          12,
          0,
          0,
          0,
          3,
          0,
          4,
          0,
          0,
          221,
          0
        ],
        [
          5,
          0,
          0,
          0,
          0,
          2,
          0,
          0,
          0,
          0,
          233
        ]
      ],
      "n": 2640
    },
    "test_snr5": {
      "accuracy": 85.11363636363637,
      "f1_macro": 0.8290174853083667,
      "confusion_matrix": [
        [
          240,
          0,
          0,
          0,
          0,
          0,
          0,
          0,
          0,
          0,
          0
        ],
        [
          0,
          240,
          0,
          0,
          0,
          0,
          0,
          0,
          0,
          0,
          0
        ],
        [
          0,
          0,
          238,
          0,
          0,
          0,
          1,
          0,
          0,
          0,
          1
        ],
        [
          0,
          0,
          0,
          202,
          0,
          0,
          1,
          0,
          0,
          36,
          1
        ],
        [
          6,
          0,
          0,
          0,
          10,
          5,
          0,
          0,
          0,
          219,
          0
        ],
        [
          85,
          0,
          0,
          0,
          0,
          155,
          0,
          0,
          0,
          0,
          0
        ],
        [
          0,
          0,
          0,
          0,
          0,
          0,
          236,
          0,
          0,
          4,
          0
        ],
        [
          0,
          0,
          0,
          0,
          0,
          0,
          0,
          240,
          0,
          0,
          0
        ],
        [
          0,
          0,
          0,
          0,
          0,
          0,
          0,
          0,
          236,
          4,
          0
        ],
        [
          11,
          0,
          0,
          0,
          0,
          0,
          4,
          0,
          0,
          225,
          0
        ],
        [
          11,
          0,
          0,
          0,
          0,
          4,
          0,
          0,
          0,
          0,
          225
        ]
      ],
      "n": 2640
    }
  },
  "history": {
    "train_acc": [
      70.01623376623377,
      87.2159090909091,
      90.93344155844156,
      92.60551948051948,
      92.9788961038961,
      93.31168831168831,
      92.37824675324676,
      93.9448051948052,
      94.26948051948052,
      94.74025974025975,
      94.23701298701299,
      94.79707792207792,
      94.69967532467533,
      94.39935064935065,
      94.84577922077922,
      95.02435064935065,
      93.1737012987013,
      95.0487012987013,
      95.13798701298701,
      95.0
    ],
    "val_acc": [
      72.95454545454545,
      90.79545454545455,
      89.84848484848484,
      92.00757575757575,
      93.97727272727273,
      93.90151515151516,
      94.28030303030303,
      94.92424242424242,
      94.77272727272727,
      95.64393939393939,
      94.0530303030303,
      95.03787878787878,
      94.92424242424242,
      94.58333333333333,
      95.45454545454545,
      95.03787878787878,
      94.92424242424242,
      95.22727272727273,
      95.07575757575758,
      93.63636363636364
    ],
    "physics_loss": [
      0.0,
      0.0,
      0.0,
      0.0,
      0.0,
      0.0,
      0.0,
      0.0,
      0.0,
      0.0,
      0.0,
      0.0,
      0.0,
      0.0,
      0.0,
      0.0,
      0.0,
      0.0,
      0.0,
      0.0
    ]
  },
  "provenance": {
    "budget": {
      "lr": 0.001,
      "batch": 64,
      "max_epochs": 60,
      "patience": 10
    },
    "best_epoch": 10,
    "best_val_acc": 95.64393939393939,
    "data": "dataset_v2.h5",
    "device": "cuda",
    "host": "242c8a6721cd",
    "git_sha": "4a2063d99387989042031fcd62111d4962d9966d",
    "wall_time_s": 262.1,
    "finished_at": "2026-06-22T22:44:55.112192+00:00"
  }
}