{
  "model": "physics_constrained_cnn",
  "seed": 2,
  "experiment": "pinn_ablation",
  "prereg": "\u00a78.4",
  "physics_weight": 1.0,
  "ops_aware": false,
  "evals": {
    "test": {
      "accuracy": 96.13636363636363,
      "f1_macro": 0.9610265584723755,
      "confusion_matrix": [
        [
          236,
          0,
          0,
          0,
          0,
          4,
          0,
          0,
          0,
          0,
          0
        ],
        [
          0,
          240,
          0,
          0,
          0,
          0,
          0,
          0,
          0,
          0,
          0
        ],
        [
          0,
          0,
          240,
          0,
          0,
          0,
          0,
          0,
          0,
          0,
          0
        ],
        [
          0,
          0,
          0,
          240,
          0,
          0,
          0,
          0,
          0,
          0,
          0
        ],
        [
          0,
          0,
          0,
          0,
          240,
          0,
          0,
          0,
          0,
          0,
          0
        ],
        [
          84,
          0,
          0,
          0,
          0,
          156,
          0,
          0,
          0,
          0,
          0
        ],
        [
          0,
          0,
          0,
          0,
          0,
          0,
          239,
          0,
          0,
          1,
          0
        ],
        [
          0,
          0,
          0,
          0,
          0,
          0,
          0,
          240,
          0,
          0,
          0
        ],
        [
          0,
          0,
          0,
          0,
          0,
          0,
          0,
          0,
          240,
          0,
          0
        ],
        [
          10,
          0,
          0,
          0,
          0,
          0,
          1,
          0,
          0,
          229,
          0
        ],
        [
          2,
          0,
          0,
          0,
          0,
          0,
          0,
          0,
          0,
          0,
          238
        ]
      ],
      "n": 2640
    },
    "test_snr5": {
      "accuracy": 95.64393939393939,
      "f1_macro": 0.9561015536676206,
      "confusion_matrix": [
        [
          238,
          0,
          0,
          0,
          0,
          2,
          0,
          0,
          0,
          0,
          0
        ],
        [
          0,
          240,
          0,
          0,
          0,
          0,
          0,
          0,
          0,
          0,
          0
        ],
        [
          0,
          0,
          240,
          0,
          0,
          0,
          0,
          0,
          0,
          0,
          0
        ],
        [
          0,
          0,
          0,
          240,
          0,
          0,
          0,
          0,
          0,
          0,
          0
        ],
        [
          1,
          0,
          0,
          0,
          227,
          0,
          0,
          0,
          0,
          12,
          0
        ],
        [
          85,
          0,
          0,
          0,
          0,
          155,
          0,
          0,
          0,
          0,
          0
        ],
        [
          0,
          0,
          0,
          0,
          0,
          0,
          238,
          0,
          0,
          2,
          0
        ],
        [
          0,
          0,
          0,
          0,
          0,
          0,
          0,
          240,
          0,
          0,
          0
        ],
        [
          0,
          0,
          0,
          0,
          0,
          0,
          0,
          0,
          240,
          0,
          0
        ],
        [
          11,
          0,
          0,
          0,
          1,
          0,
          0,
          0,
          0,
          228,
          0
        ],
        [
          1,
          0,
          0,
          0,
          0,
          0,
          0,
          0,
          0,
          0,
          239
        ]
      ],
      "n": 2640
    }
  },
  "history": {
    "train_acc": [
      71.73701298701299,
      87.06168831168831,
      90.17045454545455,
      92.39448051948052,
      93.44155844155844,
      92.52435064935065,
      93.38474025974025,
      94.18831168831169,
      94.22077922077922,
      93.82305194805195,
      94.15584415584415,
      93.8961038961039,
      94.50487012987013,
      94.7646103896104,
      94.87824675324676,
      94.94318181818181,
      94.77272727272727,
      94.8051948051948,
      93.79058441558442,
      94.65097402597402,
      95.27597402597402,
      94.13149350649351,
      95.40584415584415,
      95.00811688311688,
      95.77922077922078,
      95.52759740259741,
      95.41396103896103,
      95.85227272727273,
      95.8603896103896,
      95.70616883116882,
      95.63311688311688,
      95.52759740259741,
      95.80357142857143,
      95.78733766233766,
      95.92532467532467,
      96.07142857142857,
      95.54383116883118,
      96.32305194805195,
      95.90097402597402,
      96.23376623376623,
      96.04707792207792,
      96.33116883116882,
      95.92532467532467,
      96.23376623376623,
      96.63149350649351,
      96.34740259740259,
      96.33116883116882,
      96.37987012987013,
      96.27435064935065
    ],
    "val_acc": [
      77.12121212121212,
      85.98484848484848,
      79.6590909090909,
      90.56818181818181,
      94.28030303030303,
      93.67424242424242,
      95.15151515151516,
      94.16666666666667,
      92.5,
      94.77272727272727,
      89.88636363636364,
      94.77272727272727,
      95.49242424242425,
      95.18939393939394,
      95.3409090909091,
      95.41666666666667,
      95.26515151515152,
      95.22727272727273,
      95.45454545454545,
      96.21212121212122,
      95.79545454545455,
      96.28787878787878,
      96.28787878787878,
      96.21212121212122,
      95.18939393939394,
      96.43939393939394,
      96.13636363636364,
      95.68181818181819,
      96.47727272727273,
      96.62878787878788,
      92.8409090909091,
      94.62121212121212,
      96.43939393939394,
      96.5530303030303,
      96.62878787878788,
      96.32575757575758,
      96.66666666666667,
      96.43939393939394,
      96.89393939393939,
      96.78030303030303,
      96.36363636363636,
      96.32575757575758,
      96.32575757575758,
      96.81818181818181,
      96.78030303030303,
      96.78030303030303,
      95.87121212121212,
      96.62878787878788,
      96.17424242424242
    ],
    "physics_loss": [
      0.18044242344119332,
      0.1705715662860251,
      0.1708423062578424,
      0.1701165518203339,
      0.17131553401614164,
      0.1703005612670601,
      0.17043619008807392,
      0.17112786626660978,
      0.17087914723080475,
      0.17097351520092458,
      0.1713958648505149,
      0.17072971714781476,
      0.171167985649852,
      0.1716070367918386,
      0.17122304900126023,
      0.17141843643281368,
      0.17141446672476732,
      0.17166281114150952,
      0.17310854130751127,
      0.17203362328665597,
      0.17208079920186625,
      0.17093544815267836,
      0.17162134016489053,
      0.17157137095928193,
      0.17204737260744168,
      0.17187995690029936,
      0.17186784724910537,
      0.1721941990124715,
      0.17193434075875716,
      0.17182901257818395,
      0.17202985809220897,
      0.1717415383883885,
      0.1718244846765097,
      0.17204097880945576,
      0.17231239072688215,
      0.17201768190829786,
      0.17198457354074947,
      0.17240896952616705,
      0.17205105551651545,
      0.17211309481750836,
      0.1723756387249216,
      0.17237413274003313,
      0.17265075352284814,
      0.17220972579020957,
      0.17224028547862907,
      0.1724396809355005,
      0.17251047333339592,
      0.1725677547903804,
      0.1723348554852721
    ]
  },
  "provenance": {
    "budget": {
      "lr": 0.001,