{
  "provenance": {
    "git_sha": "a2e09d96fba20b7b21d23603a76fe3b9aa2e1fb4",
    "host": "DESKTOP-M7RBFOO",
    "device": "cpu",
    "data": "dataset_v2.h5",
    "finished_at": "2026-06-16T19:27:20.707360+00:00",
    "vanilla_ckpt": "C:\\Users\\COWLAR\\projects\\lstm-pfd\\results\\benchmark\\deep\\resnet18\\seed2\\best_model.pth",
    "pc_cnn_ckpt": "C:\\Users\\COWLAR\\projects\\lstm-pfd\\results\\phase5_bandenergy\\pinn_ablation\\w1.0\\seed2\\best_model.pth",
    "per_class": 20,
    "ig_steps": 32,
    "mc_samples": 30,
    "smoke": false
  },
  "results": {
    "resnet18_vanilla": {
      "mean_in_band_frac": 0.187477245926857,
      "mean_control_frac": 0.1799279749393463,
      "specificity_ratio": 1.041957139968872,
      "n_windows": 160,
      "per_class_in_band": {
        "1": 0.11338146775960922,
        "2": 0.19074711203575134,
        "3": 0.14164075255393982,
        "6": 0.08295373618602753,
        "7": 0.04607002064585686,
        "8": 0.42267879843711853,
        "9": 0.3820309340953827,
        "10": 0.12031509727239609
      }
    },
    "pc_cnn_physics": {
      "mean_in_band_frac": 0.1258888840675354,
      "mean_control_frac": 0.14702753722667694,
      "specificity_ratio": 0.8562265634536743,
      "n_windows": 160,
      "per_class_in_band": {
        "1": 0.156757190823555,
        "2": 0.02573094330728054,
        "3": 0.1062365397810936,
        "6": 0.0583353266119957,
        "7": 0.004336084704846144,
        "8": 0.3539068102836609,
        "9": 0.24936631321907043,
        "10": 0.052441954612731934
      }
    }
  }
}