{
  "model": "physics_constrained_cnn",
  "seed": 1,
  "experiment": "pinn_ablation",
  "prereg": "\u00a78.4",
  "physics_weight": 0.0,
  "ops_aware": false,
  "evals": {
    "test": {
      "accuracy": 95.87121212121212,
      "f1_macro": 0.9584026213411033,
      "confusion_matrix": [
        [
          240,
          0,
          0,
          0,
          0,
          0,
          0,
          0,
          0,
          0,
          0
        ],
        [
          0,
          240,
          0,
          0,
          0,
          0,
          0,
          0,
          0,
          0,
          0
        ],
        [
          0,
          0,
          240,
          0,
          0,
          0,
          0,
          0,
          0,
          0,
          0
        ],
        [
          0,
          0,
          0,
          240,
          0,
          0,
          0,
          0,
          0,
          0,
          0
        ],
        [
          5,
          0,
          0,
          0,
          235,
          0,
          0,
          0,
          0,
          0,
          0
        ],
        [
          86,
          0,
          0,
          0,
          0,
          154,
          0,
          0,
          0,
          0,
          0
        ],
        [
          0,
          0,
          0,
          0,
          0,
          0,
          237,
          0,
          0,
          3,
          0
        ],
        [
          0,
          0,
          0,
          0,
          0,
          0,
          0,
          240,
          0,
          0,
          0
        ],
        [
          0,
          0,
          0,
          0,
          0,
          0,
          0,
          0,
          240,
          0,
          0
        ],
        [
          9,
          0,
          0,
          0,
          0,
          0,
          5,
          0,
          0,
          226,
          0
        ],
        [
          1,
          0,
          0,
          0,
          0,
          0,
          0,
          0,
          0,
          0,
          239
        ]
      ],
      "n": 2640
    },
    "test_snr5": {
      "accuracy": 86.89393939393939,
      "f1_macro": 0.8468074605952558,
      "confusion_matrix": [
        [
          235,
          0,
          0,
          0,
          0,
          5,
          0,
          0,
          0,
          0,
          0
        ],
        [
          0,
          240,
          0,
          0,
          0,
          0,
          0,
          0,
          0,
          0,
          0
        ],
        [
          0,
          0,
          240,
          0,
          0,
          0,
          0,
          0,
          0,
          0,
          0
        ],
        [
          0,
          0,
          0,
          240,
          0,
          0,
          0,
          0,
          0,
          0,
          0
        ],
        [
          5,
          0,
          0,
          0,
          18,
          3,
          0,
          0,
          0,
          214,
          0
        ],
        [
          85,
          0,
          0,
          0,
          0,
          155,
          0,
          0,
          0,
          0,
          0
        ],
        [
          0,
          0,
          0,
          0,
          0,
          0,
          237,
          0,
          0,
          3,
          0
        ],
        [
          0,
          0,
          0,
          0,
          0,
          0,
          0,
          240,
          0,
          0,
          0
        ],
        [
          0,
          0,
          0,
          0,
          0,
          0,
          0,
          0,
          234,
          6,
          0
        ],
        [
          15,
          0,
          0,
          0,
          0,
          3,
          6,
          0,
          0,
          216,
          0
        ],
        [
          1,
          0,
          0,
          0,
          0,
          0,
          0,
          0,
          0,
          0,
          239
        ]
      ],
      "n": 2640
    }
  },
  "history": {
    "train_acc": [
      75.68993506493507,
      87.61363636363636,
      91.17694805194805,
      92.11850649350649,
      93.29545454545455,
      93.68506493506493,
      94.34253246753246,
      94.55357142857143,
      94.4237012987013,
      94.69967532467533,
      94.6103896103896,
      94.63474025974025,
      94.78896103896103,
      95.16233766233766,
      94.65097402597402,
      95.12175324675324,
      94.8051948051948,
      95.2353896103896,
      94.9512987012987,
      95.17857142857143,
      95.29220779220779,
      95.21915584415585,
      95.3409090909091,
      95.40584415584415,
      95.2840909090909,
      95.40584415584415,
      95.41396103896103,
      95.64123376623377,
      95.25162337662337,
      95.45454545454545,
      95.73051948051948,
      95.79545454545455,
      95.45454545454545,
      95.86850649350649,
      95.88474025974025,
      95.52759740259741,
      94.31818181818181,
      95.625
    ],
    "val_acc": [
      77.8409090909091,
      83.25757575757575,
      83.71212121212122,
      89.58333333333333,
      93.93939393939394,
      94.20454545454545,
      91.36363636363636,
      92.76515151515152,
      94.6969696969697,
      94.81060606060606,
      90.79545454545455,
      90.68181818181819,
      89.92424242424242,
      94.77272727272727,
      89.0909090909091,
      95.03787878787878,
      95.3030303030303,
      95.56818181818181,
      93.52272727272727,
      95.60606060606061,
      95.0,
      94.35606060606061,
      95.37878787878788,
      95.26515151515152,
      94.62121212121212,
      95.68181818181819,
      95.37878787878788,
      96.32575757575758,
      94.62121212121212,
      95.49242424242425,
      95.0,
      96.02272727272727,
      95.41666666666667,
      95.9090909090909,
      95.71969696969697,
      18.37121212121212,
      95.56818181818181,
      95.98484848484848
    ],
    "physics_loss": [
      0.0,
      0.0,
      0.0,
      0.0,
      0.0,
      0.0,
      0.0,
      0.0,
      0.0,
      0.0,
      0.0,
      0.0,
      0.0,
      0.0,
      0.0,
      0.0,
      0.0,
      0.0,
      0.0,
      0.0,
      0.0,
      0.0,
      0.0,
      0.0,
      0.0,
      0.0,
      0.0,
      0.0,
      0.0,
      0.0,
      0.0,
      0.0,
      0.0,
      0.0,
      0.0,
      0.0,
      0.0,
      0.0
    ]
  },
  "provenance": {
    "budget": {
      "lr": 0.001,
      "batch": 64,
      "max_epochs": 60,
      "patience": 10
    },
    "best_epoch": 28,
    "best_val_acc": 96.32575757575758,
    "data": "dataset_v2.h5",
    "device": "cuda",
    "host": "242c8a6721cd",
    "git_sha": "4a2063d99387989042031fcd62111d4962d9966d",
    "wall_time_s": 496.5,
    "finished_at": "2026-06-22T21:30:46.299905+00:00"
  }
}