{
  "model": "physics_constrained_cnn",
  "seed": 2,
  "experiment": "severity_ood",
  "prereg": "\u00a78.3",
  "direction": "A_train_low_test_severe",
  "physics_weight": 0.3,
  "ops_aware": false,
  "evals": {
    "ood_test": {
      "accuracy": 96.96969696969697,
      "f1_macro": 0.9693908784817876,
      "confusion_matrix": [
        [
          56,
          0,
          0,
          0,
          0,
          4,
          0,
          0,
          0,
          0,
          0
        ],
        [
          0,
          60,
          0,
          0,
          0,
          0,
          0,
          0,
          0,
          0,
          0
        ],
        [
          0,
          0,
          60,
          0,
          0,
          0,
          0,
          0,
          0,
          0,
          0
        ],
        [
          0,
          0,
          0,
          60,
          0,
          0,
          0,
          0,
          0,
          0,
          0
        ],
        [
          0,
          0,
          0,
          0,
          60,
          0,
          0,
          0,
          0,
          0,
          0
        ],
        [
          16,
          0,
          0,
          0,
          0,
          44,
          0,
          0,
          0,
          0,
          0
        ],
        [
          0,
          0,
          0,
          0,
          0,
          0,
          60,
          0,
          0,
          0,
          0
        ],
        [
          0,
          0,
          0,
          0,
          0,
          0,
          0,
          60,
          0,
          0,
          0
        ],
        [
          0,
          0,
          0,
          0,
          0,
          0,
          0,
          0,
          60,
          0,
          0
        ],
        [
          0,
          0,
          0,
          0,
          0,
          0,
          0,
          0,
          0,
          60,
          0
        ],
        [
          0,
          0,
          0,
          0,
          0,
          0,
          0,
          0,
          0,
          0,
          60
        ]
      ],
      "n": 660
    },
    "full_test": {
      "accuracy": 95.83333333333334,
      "f1_macro": 0.9577326360929971,
      "confusion_matrix": [
        [
          224,
          0,
          0,
          0,
          0,
          15,
          0,
          0,
          0,
          1,
          0
        ],
        [
          0,
          240,
          0,
          0,
          0,
          0,
          0,
          0,
          0,
          0,
          0
        ],
        [
          0,
          0,
          240,
          0,
          0,
          0,
          0,
          0,
          0,
          0,
          0
        ],
        [
          0,
          0,
          0,
          240,
          0,
          0,
          0,
          0,
          0,
          0,
          0
        ],
        [
          1,
          0,
          0,
          0,
          239,
          0,
          0,
          0,
          0,
          0,
          0
        ],
        [
          82,
          0,
          0,
          0,
          0,
          156,
          0,
          0,
          0,
          2,
          0
        ],
        [
          0,
          0,
          0,
          0,
          0,
          0,
          240,
          0,
          0,
          0,
          0
        ],
        [
          0,
          0,
          0,
          0,
          0,
          0,
          0,
          240,
          0,
          0,
          0
        ],
        [
          0,
          0,
          0,
          0,
          0,
          0,
          0,
          0,
          240,
          0,
          0
        ],
        [
          2,
          0,
          0,
          0,
          0,
          1,
          3,
          0,
          0,
          234,
          0
        ],
        [
          2,
          0,
          0,
          0,
          0,
          1,
          0,
          0,
          0,
          0,
          237
        ]
      ],
      "n": 2640
    }
  },
  "history": {
    "train_acc": [
      70.81168831168831,
      85.58441558441558,
      86.07142857142857,
      86.86147186147186,
      88.17099567099567,
      87.73809523809524,
      88.3982683982684,
      91.3961038961039,
      91.35281385281385,
      93.57142857142857,
      93.66883116883118,
      94.2965367965368,
      94.45887445887446,
      94.14502164502164,
      94.491341991342,
      94.56709956709956,
      94.76190476190476,
      94.5995670995671,
      94.70779220779221,
      94.48051948051948,
      94.38311688311688,
      95.06493506493507,
      93.96103896103897,
      94.68614718614718,
      94.77272727272727,
      95.14069264069263,
      94.31818181818181,
      95.02164502164503,
      95.46536796536796,
      95.23809523809524,
      95.508658008658,
      95.47619047619048,
      95.86580086580086,
      96.06060606060606,
      95.71428571428571,
      95.67099567099567,
      95.91991341991341,
      95.72510822510823,
      95.8982683982684,
      96.37445887445888,
      95.24891774891775,
      96.22294372294373,
      96.25541125541126,
      96.49350649350649,
      97.03463203463204,
      95.24891774891775,
      96.55844155844156,
      96.47186147186147,
      97.02380952380952,
      97.26190476190476,
      97.07792207792208
    ],
    "val_acc": [
      79.54545454545455,
      80.1010101010101,
      78.93939393939394,
      85.70707070707071,
      85.25252525252525,
      85.45454545454545,
      89.84848484848484,
      91.46464646464646,
      91.41414141414141,
      94.1919191919192,
      94.39393939393939,
      94.04040404040404,
      94.1919191919192,
      93.63636363636364,
      94.6969696969697,
      94.34343434343434,
      90.5050505050505,
      93.88888888888889,
      94.34343434343434,
      88.83838383838383,
      95.4040404040404,
      50.60606060606061,
      93.78787878787878,
      94.6969696969697,
      93.73737373737374,
      95.75757575757575,
      94.14141414141415,
      96.16161616161617,
      95.85858585858585,
      95.8080808080808,
      96.21212121212122,
      95.8080808080808,
      96.21212121212122,
      95.9090909090909,
      95.1010101010101,
      95.95959595959596,
      96.56565656565657,
      94.84848484848484,
      94.54545454545455,
      96.01010101010101,
      96.66666666666667,
      96.11111111111111,
      95.45454545454545,
      96.61616161616162,
      96.56565656565657,
      95.95959595959596,
      96.61616161616162,
      96.61616161616162,
      96.56565656565657,
      95.95959595959596,
      93.98989898989899
    ],