{
  "scope": "record-level (528-record) recompute of the band-energy reruns \u00a78.2/\u00a78.3/\u00a78.4; soft-vote per record; cluster-bootstrap + exact McNemar.",
  "ablation_8_4": {
    "table": {
      "0.0": {
        "clean": [
          98.99,
          0.45
        ],
        "snr5": [
          94.7,
          3.08
        ]
      },
      "0.1": {
        "clean": [
          99.12,
          0.09
        ],
        "snr5": [
          94.13,
          2.96
        ]
      },
      "0.3": {
        "clean": [
          99.68,
          0.09
        ],
        "snr5": [
          93.75,
          3.95
        ]
      },
      "1.0": {
        "clean": [
          98.61,
          0.62
        ],
        "snr5": [
          98.55,
          0.76
        ]
      }
    },
    "mcnemar_5dB_w0_vs_w1.0": 0.0001220703125,
    "gap_5dB_w1.0_minus_w0_pts": 3.85,
    "gap_5dB_w1.0_minus_w0_ci95": [
      1.3257575757575757,
      4.166666666666666
    ],
    "mcnemar_5dB_pccnn_w1.0_vs_resnet18": 0.03125,
    "gap_5dB_pccnn_w1.0_minus_resnet18_pts": 0.88,
    "gap_5dB_pccnn_w1.0_minus_resnet18_ci95": [
      0.3787878787878788,
      2.083333333333333
    ],
    "resnet18_5dB": [
      97.66,
      1.3
    ]
  },
  "data_efficiency_8_2": {
    "physics_constrained_cnn_10": [
      96.28,
      1.39
    ],
    "physics_constrained_cnn_25": [
      98.48,
      0.15
    ],
    "physics_constrained_cnn_50": [
      98.8,
      0.79
    ],
    "physics_constrained_cnn_100": [
      99.49,
      0.32
    ],
    "resnet18_10": [
      96.28,
      1.1
    ],
    "resnet18_25": [
      97.22,
      0.62
    ],
    "resnet18_50": [
      98.8,
      0.24
    ],
    "resnet18_100": [
      99.18,
      0.09
    ]
  },
  "severity_ood_8_3": {
    "A_train_low_test_severe__physics_constrained_cnn": [
      100.0,
      0.0
    ],
    "A_train_low_test_severe__resnet18": [
      100.0,
      0.0
    ],
    "A_train_low_test_severe__mcnemar_pc_vs_rn": 1.0,
    "A_train_low_test_severe__gap_ci95": [
      0.0,
      0.0
    ],
    "B_train_high_test_incipient__physics_constrained_cnn": [
      82.58,
      0.62
    ],
    "B_train_high_test_incipient__resnet18": [
      76.01,
      3.41
    ],
    "B_train_high_test_incipient__mcnemar_pc_vs_rn": 0.3876953125,
    "B_train_high_test_incipient__gap_ci95": [
      -2.272727272727273,
      8.333333333333332
    ]
  }
}