{
  "model": "physics_constrained_cnn",
  "seed": 7,
  "experiment": "pinn_ablation",
  "prereg": "\u00a78.4",
  "physics_weight": 1.0,
  "ops_aware": false,
  "evals": {
    "test": {
      "accuracy": 96.09848484848484,
      "f1_macro": 0.9603502786825739,
      "confusion_matrix": [
        [
          237,
          0,
          0,
          0,
          0,
          3,
          0,
          0,
          0,
          0,
          0
        ],
        [
          0,
          240,
          0,
          0,
          0,
          0,
          0,
          0,
          0,
          0,
          0
        ],
        [
          0,
          0,
          240,
          0,
          0,
          0,
          0,
          0,
          0,
          0,
          0
        ],
        [
          0,
          0,
          0,
          240,
          0,
          0,
          0,
          0,
          0,
          0,
          0
        ],
        [
          0,
          0,
          0,
          0,
          240,
          0,
          0,
          0,
          0,
          0,
          0
        ],
        [
          86,
          0,
          0,
          0,
          0,
          154,
          0,
          0,
          0,
          0,
          0
        ],
        [
          0,
          0,
          0,
          0,
          0,
          0,
          236,
          0,
          0,
          4,
          0
        ],
        [
          0,
          0,
          0,
          0,
          0,
          0,
          0,
          240,
          0,
          0,
          0
        ],
        [
          0,
          0,
          0,
          0,
          0,
          0,
          0,
          0,
          240,
          0,
          0
        ],
        [
          8,
          0,
          0,
          0,
          0,
          0,
          2,
          0,
          0,
          230,
          0
        ],
        [
          0,
          0,
          0,
          0,
          0,
          0,
          0,
          0,
          0,
          0,
          240
        ]
      ],
      "n": 2640
    },
    "test_snr5": {
      "accuracy": 93.67424242424242,
      "f1_macro": 0.9362281710395365,
      "confusion_matrix": [
        [
          235,
          0,
          0,
          0,
          0,
          3,
          0,
          0,
          0,
          2,
          0
        ],
        [
          0,
          240,
          0,
          0,
          0,
          0,
          0,
          0,
          0,
          0,
          0
        ],
        [
          0,
          0,
          240,
          0,
          0,
          0,
          0,
          0,
          0,
          0,
          0
        ],
        [
          0,
          0,
          0,
          240,
          0,
          0,
          0,
          0,
          0,
          0,
          0
        ],
        [
          0,
          0,
          0,
          0,
          177,
          2,
          0,
          0,
          0,
          61,
          0
        ],
        [
          83,
          0,
          0,
          0,
          0,
          157,
          0,
          0,
          0,
          0,
          0
        ],
        [
          0,
          0,
          0,
          0,
          0,
          0,
          236,
          0,
          0,
          4,
          0
        ],
        [
          0,
          0,
          0,
          0,
          0,
          0,
          0,
          240,
          0,
          0,
          0
        ],
        [
          0,
          0,
          0,
          0,
          0,
          0,
          0,
          0,
          240,
          0,
          0
        ],
        [
          12,
          0,
          0,
          0,
          0,
          0,
          0,
          0,
          0,
          228,
          0
        ],
        [
          0,
          0,
          0,
          0,
          0,
          0,
          0,
          0,
          0,
          0,
          240
        ]
      ],
      "n": 2640
    }
  },
  "history": {
    "train_acc": [
      74.00162337662337,
      89.61850649350649,
      90.41396103896103,
      92.63798701298701,
      93.58766233766234,
      94.13149350649351,
      94.52922077922078,
      94.27759740259741,
      94.31006493506493,
      94.30194805194805,
      94.30194805194805,
      95.11363636363636,
      94.8051948051948,
      95.20292207792208,
      95.50324675324676,
      95.26785714285714,
      95.18668831168831,
      95.25974025974025,
      95.4301948051948,
      95.2840909090909,
      94.56168831168831,
      94.99188311688312,
      95.40584415584415,
      95.51948051948052,
      95.69805194805195,
      95.58441558441558,
      95.73863636363636,
      95.7711038961039,
      95.74675324675324,
      95.86850649350649,
      96.0146103896104,
      96.03896103896103,
      95.86850649350649,
      96.21753246753246,
      94.57792207792208,
      95.69805194805195,
      96.12824675324676,
      96.03084415584415,
      96.22564935064935,
      96.3961038961039,
      96.26623376623377,
      96.27435064935065,
      96.70454545454545,
      96.31493506493507
    ],
    "val_acc": [
      73.18181818181819,
      87.31060606060606,
      92.31060606060606,
      91.36363636363636,
      94.16666666666667,
      94.31818181818181,
      94.01515151515152,
      93.93939393939394,
      86.5530303030303,
      93.14393939393939,
      94.73484848484848,
      95.07575757575758,
      95.07575757575758,
      95.03787878787878,
      95.03787878787878,
      93.82575757575758,
      95.56818181818181,
      95.26515151515152,
      95.41666666666667,
      94.35606060606061,
      89.20454545454545,
      95.3030303030303,
      95.3409090909091,
      95.41666666666667,
      95.3409090909091,
      95.71969696969697,
      95.53030303030303,
      94.6969696969697,
      95.9469696969697,
      96.02272727272727,
      96.32575757575758,
      96.28787878787878,
      96.32575757575758,
      96.74242424242425,
      94.6969696969697,
      96.25,
      96.43939393939394,
      96.28787878787878,
      96.5909090909091,
      96.13636363636364,
      96.40151515151516,
      96.5530303030303,
      96.40151515151516,
      93.97727272727273
    ],
    "physics_loss": [
      0.08593807944229671,
      0.04241050502599834,
      0.04099431018550675,
      0.0365293545817787,
      0.03555051442961414,
      0.03436536324730554,
      0.03383851207599237,
      0.034482788309067876,
      0.03421967403068171,
      0.03515845175300326,
      0.034650590623934545,
      0.0330737612560972,
      0.03346317597459276,
      0.03311293372860202,
      0.032136738900240366,
      0.03301372994584116,
      0.03309984241019596,
      0.033019792501415526,
      0.03229095053363156,
      0.03254613944559128,
      0.03376682481014883,
      0.03274859990682695,
      0.03208767170836399,
      0.031840310920658824,
      0.03233184179702363,
      0.0316213554557558,
      0.031604990034134355,
      0.03148846679500171,
      0.031141212234249364,
      0.03194326797572823,
      0.03072010042121658,
      0.031236813352866606,
      0.031094607505221646,
      0.030150732064208426,
      0.0345003493614011,
      0.031034789111029793,
      0.031034136628853036,
      0.03063747937029058,
      0.03019353547556834,
      0.03056335923588508,
      0.030458321076418673,
      0.029987526022188075,
      0.029567314340890227,
      0.02990972249006683
    ]
  },
  "provenance": {
    "budget": {
      "lr": 0.001,
      "batch": 64,
      "max_epochs": 60,
      "patience": 10
    },
    "best_epoch": 34,
    "best_val_acc": 96.74242424242425,
    "data": "dataset_v2.h5",
    "device": "cuda",
    "host": "242c8a6721cd",
    "git_sha": "4a2063d99387989042031fcd62111d4962d9966d",
    "wall_time_s": 622.0,
    "finished_at": "2026-06-23T00:34:57.863204+00:00"
  }
}